disp_y,id,x,y,z
-0.083136228124,555,0,-0.3,0
-0.16010732502146,767,0,-0.0125,0
-0.13002330129626,729,0,-0.125,0
-0.13756359240224,726,0,-0.1,0
-0.095612515040294,573,0,-0.25,0
-0.1336346447427,733,0,-0.1125,0
-0.065909631092093,551,0,-0.375,0
-0.11886810751687,719,0,-0.1625,0
-0.12264485278398,715,0,-0.15,0
-0.072234301519703,548,0,-0.35,0
-0.061924248617346,547,0,-0.4,0
-0.11180107894279,712,0,-0.1875,0
-0.019853103841555,466,0,-0.7,0
-0.076478667760499,559,0,-0.325,0
-0.088258671814978,574,0,-0.275,0
-0.11555569074758,710,0,-0.175,0
-0.12613654751851,741,0,-0.1375,0
-0.16194130830459,760,0,0,0
-0.052022042752811,629,0,-0.45,0
0,90,0,-2,0
3.3676823623031e-05,91,0,-1.8,0
1.4547095131827e-05,94,0,-1.9,0
3.8561581079151e-05,98,0,-1.6,0
2.9656252444184e-05,100,0,-1.7,0
-7.7278169278106e-05,103,0,-1.4,0
-2.2143939468446e-05,105,0,-1.5,0
-0.0008547215266039,108,0,-1.2,0
-0.0002098356486707,110,0,-1.3,0
-0.004963929601502,113,0,-1,0
-0.001015315560307,115,0,-1.1,0
-0.046019094884496,436,0,-0.5,0
-0.015942180617967,118,0,-0.8,0
-0.0055730546211008,120,0,-0.9,0
-0.031475061061797,435,0,-0.6,0
-0.034523889995676,439,0,-0.55,0
-0.15869889520508,763,0,-0.025,0
-0.14875048504313,814,0,-0.0625,0
-0.10158015110007,702,0,-0.225,0
-0.10857203026735,696,0,-0.2,0
-0.15258496759276,778,0,-0.05,0
-0.14122064768281,810,0,-0.0875,0
-0.15545752395204,779,0,-0.0375,0
-0.14519342174435,808,0,-0.075,0
-0.15207122303474,780,0.0125,-0.05,0
-0.16147896768149,764,0.0125,0,0
-0.1447452714693,811,0.0125,-0.075,0
-0.15840301531046,766,0.0125,-0.025,0
-0.13721006238564,730,0.0125,-0.1,0
-0.12973300587376,732,0.0125,-0.125,0
-0.10847640829279,699,0.0125,-0.2,0
-0.12240512923511,717,0.0125,-0.15,0
-0.098376261507889,701,0.0125,-0.2375,0
-0.11530125000718,713,0.0125,-0.175,0
-0.061949778564171,554,0.025,-0.4,0
-0.071777765570876,552,0.025,-0.35,0
-0.048582991615204,627,0.025,-0.475,0
-0.15325023773288,776,0.025,-0.0375,0
-0.15046064340635,774,0.025,-0.05,0
-0.1579977475975,765,0.025,-0.0125,0
-0.14342044805068,809,0.025,-0.075,0
-0.13974912928936,812,0.025,-0.0875,0
-0.14695428975264,813,0.025,-0.0625,0
-0.082744386636321,557,0.025,-0.3,0
-0.15664934747515,762,0.025,-0.025,0
-0.16034173602196,761,0.025,0,0
-0.13616766829358,727,0.025,-0.1,0
-0.094814892183836,575,0.025,-0.25,0
-0.11467702699696,711,0.025,-0.175,0
-0.11106628042033,714,0.025,-0.1875,0
-0.12168611858204,716,0.025,-0.15,0
-0.1043047134712,700,0.025,-0.2125,0
-0.11799484243624,718,0.025,-0.1625,0
-0.12514289385716,739,0.025,-0.1375,0
-0.10126324827259,698,0.025,-0.225,0
-0.10787588642941,697,0.025,-0.2,0
-0.12888398091321,728,0.025,-0.125,0
-0.1324245640454,731,0.025,-0.1125,0
-0.14140394467978,815,0.0375,-0.075,0
-0.13451864970368,738,0.0375,-0.1,0
-0.1479096464576,775,0.0375,-0.05,0
-0.15385743114375,771,0.0375,-0.025,0
-0.15795256157661,772,0.0375,0,0
-0.10698312418215,704,0.0375,-0.2,0
-0.10053342797987,703,0.0375,-0.225,0
-0.1275253109825,737,0.0375,-0.125,0
-0.11365872599937,723,0.0375,-0.175,0
-0.12054018123179,724,0.0375,-0.15,0
-0.05544636467978,626,0.05,-0.425,0
-0.061057413683302,550,0.05,-0.4,0
-0.064724803937462,553,0.05,-0.375,0
-0.051926176002702,623,0.05,-0.45,0
-0.070758640918421,549,0.05,-0.35,0
-0.1418014573088,806,0.05,-0.0625,0
-0.044313064756796,440,0.05,-0.5,0
-0.13554768931029,803,0.05,-0.0875,0
-0.13864558468092,802,0.05,-0.075,0
-0.017411235915952,464,0.05,-0.75,0
-0.086375329846476,570,0.05,-0.275,0
-0.14706917362065,777,0.05,-0.0375,0
-0.14461628486999,773,0.05,-0.05,0
-0.15132400664775,770,0.05,-0.0125,0
-0.14966225353847,769,0.05,-0.025,0
-0.081480396683043,556,0.05,-0.3,0
-0.15432920912155,768,0.05,0,0
-0.075021221404174,558,0.05,-0.325,0
-0.13225915590569,734,0.05,-0.1,0
-0.093148021677815,568,0.05,-0.25,0
-0.031586892743638,442,0.05,-0.6,0
-0.1256395024724,735,0.05,-0.125,0
-0.10883457584603,725,0.05,-0.1875,0
-0.11895200510941,720,0.05,-0.15,0
-0.1289370233708,736,0.05,-0.1125,0
-0.11549072085295,722,0.05,-0.1625,0
-0.11226917453278,721,0.05,-0.175,0
-0.099540666342265,685,0.05,-0.225,0
-0.12222041507798,740,0.05,-0.1375,0
-0.10240663678223,695,0.05,-0.2125,0
-0.10572915487216,693,0.05,-0.2,0
-0.09604316200583,687,0.05,-0.2375,0
-0.13557466479049,804,0.0625,-0.075,0
-0.14573484967561,794,0.0625,-0.025,0
-0.14099241647305,795,0.0625,-0.05,0
-0.14950871428903,796,0.0625,0,0
-0.12962620002221,754,0.0625,-0.1,0
-0.09817581337679,688,0.0625,-0.225,0
-0.1233872976547,752,0.0625,-0.125,0
-0.11702507109967,753,0.0625,-0.15,0
-0.11059699526673,758,0.0625,-0.175,0
-0.10420700495372,694,0.0625,-0.2,0
-0.059656362143341,566,0.075,-0.4,0
-0.051317235750401,625,0.075,-0.45,0
-0.069069813017362,563,0.075,-0.35,0
-0.1409652725415,783,0.075,-0.025,0
-0.13200217332373,797,0.075,-0.075,0
-0.090630838588436,571,0.075,-0.25,0
-0.12652426244726,744,0.075,-0.1,0
-0.099242597347536,691,0.075,-0.2125,0
-0.12940991205635,799,0.075,-0.0875,0
-0.079513159999168,564,0.075,-0.3,0
-0.096418777824214,686,0.075,-0.225,0
-0.12366077685204,747,0.075,-0.1125,0
-0.1390014795806,792,0.075,-0.0375,0
-0.13695793686472,790,0.075,-0.05,0
-0.1448718869781,784,0.075,0,0
-0.13464111497427,805,0.075,-0.0625,0
-0.14243413491317,787,0.075,-0.0125,0
-0.11468760529738,749,0.075,-0.15,0
-0.10243325281109,690,0.075,-0.2,0
-0.12069497192888,743,0.075,-0.125,0
-0.11156154191566,759,0.075,-0.1625,0
-0.10537635184487,756,0.075,-0.1875,0
-0.10858384712668,755,0.075,-0.175,0
-0.11765071888963,751,0.075,-0.1375,0
-0.13689284778945,786,0.0875,-0.025,0
-0.14029546368043,788,0.0875,0,0
-0.13290523617179,791,0.0875,-0.05,0
-0.12835894541891,800,0.0875,-0.075,0
-0.12327400906247,748,0.0875,-0.1,0
-0.1177990750587,746,0.0875,-0.125,0
-0.10050009242889,692,0.0875,-0.2,0
-0.10637491787345,757,0.0875,-0.175,0
-0.11212898298461,750,0.0875,-0.15,0
-0.091634186609313,689,0.0875,-0.2375,0
-0.0046510142795247,116,0.1,-1,0
-0.061260970684352,567,0.1,-0.375,0
-0.05264601957319,624,0.1,-0.425,0
-0.05776781558213,565,0.1,-0.4,0
2.8984804531503e-05,95,0.1,-1.8,0
2.7624610297291e-05,101,0.1,-1.6,0
-0.00073454624083801,111,0.1,-1.2,0
-0.013675785517729,121,0.1,-0.8,0
-0.050235737330562,622,0.1,-0.45,0
-0.066808552249326,561,0.1,-0.35,0
-0.044908003757205,628,0.1,-0.475,0
-0.12216687512461,801,0.1,-0.0875,0
-0.020086678369179,460,0.1,-0.7,0
-0.04193120897817,437,0.1,-0.5,0
-0.076749642903829,560,0.1,-0.3,0
-0.12660117688511,807,0.1,-0.0625,0
-0.070899581393498,562,0.1,-0.325,0
-0.12442388349867,798,0.1,-0.075,0
-0.13036903144025,793,0.1,-0.0375,0
-0.13573876250129,781,0.1,0,0
-0.13212730414845,782,0.1,-0.025,0
-0.13348344538805,785,0.1,-0.0125,0
-0.08114972871031,572,0.1,-0.275,0
-0.12863629011844,789,0.1,-0.05,0
-0.087344444307648,569,0.1,-0.25,0
-0.11969958827099,742,0.1,-0.1,0
-0.022445744487031,463,0.1,-0.65,0
-0.032725807274503,441,0.1,-0.55,0
-0.10643745727457,684,0.1,-0.1625,0
-0.11457902459337,705,0.1,-0.125,0
-0.10089354453553,676,0.1,-0.1875,0
-0.11188617403168,707,0.1,-0.1375,0
-0.10922367218458,682,0.1,-0.15,0
-0.10389336214369,674,0.1,-0.175,0
-0.030116803833181,438,0.1,-0.6,0
-0.11720594559385,745,0.1,-0.1125,0
-0.091958507983166,588,0.1,-0.225,0
-0.098157900345015,586,0.1,-0.2,0
0,97,0.1,-2,0
-8.1234815760637e-05,106,0.1,-1.4,0
-0.12050996316365,842,0.1125,-0.075,0
-0.12449807953127,846,0.1125,-0.05,0
-0.13122413518954,853,0.1125,0,0
-0.12808811939652,855,0.1125,-0.025,0
-0.11609303172938,844,0.1125,-0.1,0
-0.10117592711323,677,0.1125,-0.175,0
-0.10620455749207,683,0.1125,-0.15,0
-0.11128154081517,708,0.1125,-0.125,0
-0.055411206466363,632,0.125,-0.4,0
-0.064173058176584,640,0.125,-0.35,0
-0.12463796918082,854,0.125,-0.0125,0
-0.11433647153217,843,0.125,-0.0875,0
-0.12168211743003,858,0.125,-0.0375,0
-0.12011449002244,845,0.125,-0.05,0
-0.12332899340305,852,0.125,-0.025,0
-0.1267355259819,851,0.125,0,0
-0.073488689966981,585,0.125,-0.3,0
-0.11638819236569,840,0.125,-0.075,0
-0.1182432416238,847,0.125,-0.0625,0
-0.04808969880792,634,0.125,-0.45,0
-0.083237263501569,584,0.125,-0.25,0
-0.11226240622962,841,0.125,-0.1,0
-0.098078696578135,675,0.125,-0.175,0
-0.11003311699547,859,0.125,-0.1125,0
-0.10533861740496,709,0.125,-0.1375,0
-0.093169091248762,587,0.125,-0.2,0
-0.10040451433497,680,0.125,-0.1625,0
-0.10773845948137,706,0.125,-0.125,0
-0.10297591953745,679,0.125,-0.15,0
-0.12229710535716,857,0.1375,0,0
-0.11235510008102,848,0.1375,-0.075,0
-0.11599129109145,849,0.1375,-0.05,0
-0.10845005159016,850,0.1375,-0.1,0
-0.11932912336488,856,0.1375,-0.025,0
-0.092530826391137,678,0.1375,-0.1875,0
-0.10423358443974,860,0.1375,-0.125,0
-0.099700679560076,681,0.1375,-0.15,0
-0.061009673940102,637,0.15,-0.35,0
-0.056195348345688,638,0.15,-0.375,0
-0.052867942786239,630,0.15,-0.4,0
-0.048359937237813,633,0.15,-0.425,0
-0.064461126358831,641,0.15,-0.325,0
-0.1115714323224,824,0.15,-0.05,0
-0.045126437455674,631,0.15,-0.45,0
-0.078415894840955,576,0.15,-0.25,0
-0.11788034827181,829,0.15,0,0
-0.019482640058467,462,0.15,-0.7,0
-0.10812241346203,835,0.15,-0.075,0
-0.098384329021976,665,0.15,-0.1375,0
-0.10621621288543,836,0.15,-0.0875,0
-0.11589664148117,831,0.15,-0.0125,0
-0.082271695381157,579,0.15,-0.225,0
-0.10241147223603,673,0.15,-0.1125,0
-0.069568939781422,581,0.15,-0.3,0
-0.073168030930183,583,0.15,-0.275,0
-0.10062029957746,663,0.15,-0.125,0
-0.038796283670914,446,0.15,-0.5,0
-0.10443925782258,671,0.15,-0.1,0
-0.10979895439807,839,0.15,-0.0625,0
-0.11304835206557,826,0.15,-0.0375,0
-0.11462286393562,825,0.15,-0.025,0
-0.091293946375238,591,0.15,-0.175,0
-0.096197778662033,589,0.15,-0.15,0
-0.08750875865722,577,0.15,-0.2,0
-0.027794130321772,445,0.15,-0.6,0
-0.10751386209001,828,0.1625,-0.05,0
-0.096916792118479,666,0.1625,-0.125,0
-0.11067428487255,827,0.1625,-0.025,0
-0.11350395185965,830,0.1625,0,0
-0.10045309729838,672,0.1625,-0.1,0
-0.10407914097736,837,0.1625,-0.075,0
-0.050247505044007,636,0.175,-0.4,0
-0.039256760609602,635,0.175,-0.475,0
-0.10446702086799,823,0.175,-0.0375,0
-0.057746523284071,639,0.175,-0.35,0
-0.10311292052949,821,0.175,-0.05,0
-0.10601404284965,816,0.175,-0.025,0
-0.10725016355507,819,0.175,-0.0125,0
-0.10913879650942,817,0.175,0,0
-0.10131133893481,838,0.175,-0.0625,0
-0.065375851570124,582,0.175,-0.3,0
-0.081557024596807,580,0.175,-0.2,0
-0.092829395614974,664,0.175,-0.125,0
-0.073388499782584,578,0.175,-0.25,0
-0.094487872772445,669,0.175,-0.1125,0
-0.099777701706179,832,0.175,-0.075,0
-0.089352049121598,592,0.175,-0.15,0
-0.097986637924628,833,0.175,-0.0875,0
-0.096393358435925,668,0.175,-0.1,0
-0.10204927943702,818,0.1875,-0.025,0
-0.10481765156423,820,0.1875,0,0
-0.099008489148436,822,0.1875,-0.05,0
-0.095806552117878,834,0.1875,-0.075,0
-0.08726313329458,667,0.1875,-0.1375,0
-0.092535488224678,670,0.1875,-0.1,0
-0.0038568629346923,114,0.2,-1,0
-0.0042045990780427,122,0.2,-0.9,0
-0.00089696457862681,117,0.2,-1.1,0
-0.046859737249861,477,0.2,-0.4,0
1.6668976985887e-05,92,0.2,-1.8,0
0,93,0.2,-2,0
-0.049675482234654,543,0.2,-0.375,0
6.9832233987295e-06,96,0.2,-1.9,0
8.1790945406639e-07,99,0.2,-1.6,0
5.2982739958831e-06,102,0.2,-1.7,0
-0.00063335051422844,109,0.2,-1.2,0
-0.011195125431886,119,0.2,-0.8,0
-0.012513030075189,465,0.2,-0.75,0
-0.054186862871475,541,0.2,-0.35,0
-0.038561562869917,480,0.2,-0.45,0
-0.06070665130871,525,0.2,-0.3,0
-0.063606930950473,529,0.2,-0.275,0
-0.094405810241826,653,0.2,-0.05,0
-0.05636595827524,642,0.2,-0.325,0
-0.097115064068486,649,0.2,-0.025,0
-0.09856206590373,652,0.2,-0.0125,0
-0.095629535008335,654,0.2,-0.0375,0
-0.091751824187018,656,0.2,-0.075,0
-0.090088431057337,658,0.2,-0.0875,0
-0.092923162683847,662,0.2,-0.0625,0
-0.035075964839223,444,0.2,-0.5,0
-0.017981585384168,459,0.2,-0.7,0
-0.10059344869437,648,0.2,0,0
-0.088551610803512,597,0.2,-0.1,0
-0.067921121349834,526,0.2,-0.25,0
-0.027274295398598,447,0.2,-0.55,0
-0.018976386307049,461,0.2,-0.65,0
-0.075170520090361,538,0.2,-0.2,0
-0.070972241369412,540,0.2,-0.225,0
-5.8008759315853e-05,107,0.2,-1.5,0
-0.00029727147644435,112,0.2,-1.3,0
-0.082175791886167,590,0.2,-0.15,0
-0.077985567524873,593,0.2,-0.175,0
-0.084809706862545,601,0.2,-0.125,0
-0.024988367178031,443,0.2,-0.6,0
-0.00011289985653991,104,0.2,-1.4,0
-0.093431619922512,651,0.2125,-0.025,0
-0.087907232051357,659,0.2125,-0.075,0
-0.090437326416069,655,0.2125,-0.05,0
-0.049971795634276,544,0.225,-0.35,0
-0.089640377657445,644,0.225,-0.025,0
-0.055903934292318,532,0.225,-0.3,0
-0.087662158322675,646,0.225,-0.0375,0
-0.086415981779635,643,0.225,-0.05,0
-0.084848954134921,661,0.225,-0.0625,0
-0.083545604252184,657,0.225,-0.075,0
-0.092098990901934,650,0.225,0,0
-0.068911012358597,539,0.225,-0.2,0
-0.062486839792745,530,0.225,-0.25,0
-0.081107489553142,599,0.225,-0.1,0
-0.075099932255103,595,0.225,-0.15,0
-0.078223895278664,660,0.2375,-0.0875,0
-0.086950472553895,647,0.2375,-0.0125,0
-0.082746162107188,645,0.2375,-0.05,0
-0.04004035095042,478,0.25,-0.4,0
-0.047639266025243,546,0.25,-0.325,0
-0.045060404254439,542,0.25,-0.35,0
-0.015159497536118,471,0.25,-0.7,0
-0.051006887816749,528,0.25,-0.3,0
-0.03039858813264,475,0.25,-0.5,0
-0.064450817749351,596,0.25,-0.175,0
-0.073202183179444,598,0.25,-0.1,0
-0.021788301249646,469,0.25,-0.6,0
-0.069765454032484,600,0.25,-0.125,0
-0.05678534415042,527,0.25,-0.25,0
-0.078237669434278,606,0.25,-0.05,0
-0.083856204883284,607,0.25,0,0
-0.053331154128925,531,0.25,-0.275,0
-0.080435367500524,610,0.25,-0.025,0
-0.062431262475472,535,0.25,-0.2,0
-0.075246796880259,612,0.25,-0.075,0
-0.058892029115875,536,0.25,-0.225,0
-0.067837327724335,594,0.25,-0.15,0
-0.03809724513554,545,0.275,-0.375,0
-0.046267060772618,533,0.275,-0.3,0
-0.051295776705679,534,0.275,-0.25,0
-0.071140675841911,609,0.275,-0.05,0
-0.066017063364001,603,0.275,-0.1,0
-0.075718958804862,611,0.275,0,0
-0.056100055655138,537,0.275,-0.2,0
-0.060995703181278,602,0.275,-0.15,0
0,127,0.3,-2,0
-0.0028295739812577,138,0.3,-1,0
-0.033029079930593,448,0.3,-0.4,0
-0.019968049160816,476,0.3,-0.55,0
-0.046922135531069,524,0.3,-0.225,0
-0.014285317288744,470,0.3,-0.65,0
-0.011856991571096,468,0.3,-0.7,0
-0.018317668194894,467,0.3,-0.6,0
-0.042962925212412,520,0.3,-0.275,0
-0.0081805156116114,141,0.3,-0.8,0
-0.045889066276975,518,0.3,-0.25,0
-0.0005803508312768,135,0.3,-1.2,0
-1.3443748793173e-06,125,0.3,-1.8,0
-0.041277620183321,449,0.3,-0.3,0
-0.035458804343655,451,0.3,-0.35,0
-0.025142843596442,474,0.3,-0.5,0
-0.027025532803188,479,0.3,-0.45,0
-0.05398849045908,508,0.3,-0.15,0
-0.058355579906919,507,0.3,-0.1,0
-0.055524965978533,511,0.3,-0.125,0
-0.049716791121318,512,0.3,-0.2,0
-0.051177155994517,514,0.3,-0.175,0
-0.0001725775497762,132,0.3,-1.4,0
-3.6263395487323e-05,129,0.3,-1.6,0
-0.067767411805722,604,0.3,0,0
-0.062628665242392,605,0.3,-0.05,0
-0.064345274037994,608,0.3,-0.025,0
-0.059907191970953,613,0.3,-0.075,0
-0.051482962832628,509,0.325,-0.1,0
-0.040240957612274,521,0.325,-0.25,0
-0.047470377854989,510,0.325,-0.15,0
-0.04354950852461,516,0.325,-0.2,0
-0.059948301854227,621,0.325,0,0
-0.055769723446446,620,0.325,-0.05,0
-0.015011927389513,473,0.35,-0.6,0
-0.020146099448593,481,0.35,-0.5,0
-0.031744731729203,452,0.35,-0.3,0
-0.025900325046311,450,0.35,-0.4,0
-0.034142556939374,519,0.35,-0.25,0
-0.0073417750759396,472,0.35,-0.75,0
-0.041722015590543,505,0.35,-0.125,0
-0.03566784832257,523,0.35,-0.225,0
-0.044121659497423,503,0.35,-0.1,0
-0.045353680672569,619,0.35,-0.075,0
-0.037571022697113,513,0.35,-0.2,0
-0.038520007779517,515,0.35,-0.175,0
-0.040677816851628,502,0.35,-0.15,0
-0.052315839915667,615,0.35,0,0
-0.047698603745316,614,0.35,-0.05,0
-0.04927862599262,617,0.35,-0.025,0
-0.027625224391728,522,0.375,-0.275,0
-0.03460228574558,504,0.375,-0.15,0
-0.032112794424759,517,0.375,-0.2,0
-0.037504130890549,506,0.375,-0.1,0
-0.041109105742952,616,0.375,-0.05,0
-0.044879092824699,618,0.375,0,0
-0.019229782943717,425,0.4,-0.4,0
-0.020190332438018,426,0.4,-0.35,0
-0.012658110678791,430,0.4,-0.55,0
-0.015515526375556,428,0.4,-0.5,0
-0.011490795752922,163,0.4,-0.6,0
-0.016458191002733,434,0.4,-0.45,0
-0.02293372773013,421,0.4,-0.3,0
-0.0064096240701754,165,0.4,-0.7,0
0,124,0.4,-2,0
-1.1086141149553e-05,126,0.4,-1.9,0
-2.2167826878266e-05,123,0.4,-1.8,0
-0.027376120240538,497,0.4,-0.175,0
-0.029134972965769,501,0.4,-0.125,0
-0.00022874661122,131,0.4,-1.4,0
-0.028754378938327,495,0.4,-0.15,0
-0.00055164719860858,134,0.4,-1.2,0
-0.00038711176232257,136,0.4,-1.3,0
-0.0018095799371026,137,0.4,-1,0
-0.00066210848928312,139,0.4,-1.1,0
-0.026780152273168,420,0.4,-0.2,0
-0.0019484511822901,142,0.4,-0.9,0
-0.0052539516797675,140,0.4,-0.8,0
-0.023918084163881,424,0.4,-0.25,0
-0.030478864205784,492,0.4,-0.1,0
-0.00015083476695275,133,0.4,-1.5,0
-0.034920715198147,491,0.4,-0.025,0
-0.03129682324006,493,0.4,-0.075,0
-0.038059097979387,487,0.4,0,0
-0.032679063866479,488,0.4,-0.05,0
-5.0376176542925e-05,130,0.4,-1.7,0
-7.9979640254372e-05,128,0.4,-1.6,0
-0.025104864276131,494,0.425,-0.1,0
-0.023395598778139,498,0.425,-0.15,0
-0.02718635831261,490,0.425,-0.05,0
-0.011209515828854,431,0.45,-0.5,0
-0.013455779570354,427,0.45,-0.4,0
-0.015416622979585,423,0.45,-0.3,0
-0.018452158029776,500,0.45,-0.125,0
-0.017195423525534,422,0.45,-0.2,0
-0.017556644423731,496,0.45,-0.15,0
-0.019549065593732,482,0.45,-0.1,0
-0.022679427911657,483,0.45,-0.05,0
-0.020243070110485,485,0.45,-0.075,0
-0.024579573709167,489,0.45,0,0
-0.012502125971039,499,0.475,-0.175,0
-0.01450748710185,484,0.475,-0.1,0
-0.018471906960852,486,0.475,-0.025,0
-0.0079654434531256,433,0.5,-0.45,0
-0.0071328514626677,429,0.5,-0.5,0
-0.0089187107552139,412,0.5,-0.4,0
-0.0059797506467728,166,0.5,-0.6,0
-0.0005966713285733,155,0.5,-1.2,0
-0.0091837942987309,415,0.5,-0.35,0
-0.0031186666694332,161,0.5,-0.8,0
-4.2929284986537e-05,145,0.5,-1.8,0
-0.0012081254185069,158,0.5,-1,0
-0.00028167238552292,152,0.5,-1.4,0
-0.0096658181665531,413,0.5,-0.3,0
-0.0090205791232548,458,0.5,-0.15,0
-0.01060946717598,456,0.5,-0.05,0
-0.012455552950915,454,0.5,0,0
-0.0089191269953525,453,0.5,-0.1,0
-0.0095110448274839,418,0.5,-0.25,0
-0.0091834991153641,417,0.5,-0.2,0
-0.00012118116019862,149,0.5,-1.6,0
0,147,0.5,-2,0
-0.0052706501086706,414,0.55,-0.4,0
-0.0038525963824574,432,0.55,-0.55,0
-0.0051445253245597,416,0.55,-0.3,0
-0.0033510588522586,455,0.55,-0.1,0
-0.0022779561012451,457,0.55,0,0
-0.0043998864787443,419,0.55,-0.2,0
-0.00023263354744889,153,0.6,-1.5,0
-0.0032265410471678,191,0.6,-0.4,0
-0.00058231546692718,154,0.6,-1.2,0
-6.1104958788581e-05,143,0.6,-1.8,0
-0.00044415632160083,156,0.6,-1.3,0
0,144,0.6,-2,0
-0.0014789989195353,160,0.6,-0.8,0
-0.00083907289952059,162,0.6,-0.9,0
-0.0025790457423111,164,0.6,-0.6,0
-0.00085443007674585,157,0.6,-1,0
-2.9442190840083e-05,146,0.6,-1.9,0
-0.00071569026103008,159,0.6,-1.1,0
-0.0015944452219569,167,0.6,-0.7,0
-0.00032504987663385,151,0.6,-1.4,0
-0.0031707820689595,407,0.6,-0.35,0
-0.0001046531523022,150,0.6,-1.7,0
-0.0026686842077558,193,0.6,-0.5,0
-0.0029992858167196,405,0.6,-0.3,0
-0.00015568887222951,148,0.6,-1.6,0
-0.0025996524888201,411,0.6,-0.25,0
-0.0016479034029524,403,0.6,-0.15,0
-0.0021293763439338,402,0.6,-0.2,0
-0.00057218428770166,401,0.6,-0.05,0
-0.00080707412743837,398,0.6,-0.1,0
-9.7556416143366e-05,397,0.6,0,0
-0.0010603538854335,408,0.65,-0.3,0
0.00029078687774369,400,0.65,-0.1,0
-0.00027555264594103,404,0.65,-0.2,0
0,172,0.7,-2,0
-7.444033255155e-05,170,0.7,-1.8,0
-0.0003440288370365,177,0.7,-1.4,0
-0.00058371179942819,194,0.7,-0.4,0
-0.00017946457020946,174,0.7,-1.6,0
4.8640081224554e-05,410,0.7,-0.25,0
-0.00096742212356824,189,0.7,-0.6,0
-0.0009782519142561,186,0.7,-0.8,0
-2.4237883738424e-05,406,0.7,-0.3,0
0.00041885260674806,395,0.7,-0.15,0
-0.00081322578471226,183,0.7,-1,0
-0.00057293482211334,180,0.7,-1.2,0
0.00059915207747071,393,0.7,-0.1,0
0.00025978700174413,392,0.7,-0.2,0
0.00077424959645054,399,0.7,0,0
0.00023045639796553,409,0.75,-0.35,0
0.00082899882457986,396,0.75,-0.05,0
0.00052247732524991,394,0.75,-0.2,0
-8.2477292958395e-05,168,0.8,-1.8,0
0,169,0.8,-2,0
-0.00026141613389169,178,0.8,-1.5,0
-3.9822151202976e-05,171,0.8,-1.9,0
-0.00043850455244439,181,0.8,-1.3,0
-0.00019089984406121,173,0.8,-1.6,0
-0.00034529733085693,176,0.8,-1.4,0
-0.00013236663106475,175,0.8,-1.7,0
-0.00076202101059112,187,0.8,-0.9,0
-0.00054638435577578,179,0.8,-1.2,0
-0.000718583936619,182,0.8,-1,0
-0.00062919788609704,184,0.8,-1.1,0
-0.00077392952741889,185,0.8,-0.8,0
2.6408842642126e-05,192,0.8,-0.4,0
0.0007869688268042,229,0.8,-0.1,0
0.00032682783639431,224,0.8,-0.3,0
0.0010189590571168,227,0.8,0,0
-0.00066240101103561,190,0.8,-0.7,0
-0.00056710771233191,188,0.8,-0.6,0
-0.00027214692417948,195,0.8,-0.5,0
0.00061520728517239,222,0.8,-0.2,0
4.1564691474509e-05,220,0.9,-0.4,0
-8.4696143951362e-05,198,0.9,-1.8,0
0,200,0.9,-2,0
-0.00019038419302352,202,0.9,-1.6,0
-0.00066285544150534,214,0.9,-0.8,0
-0.00049713447840082,208,0.9,-1.2,0
-0.00033108360275376,205,0.9,-1.4,0
-0.00064088348410283,211,0.9,-1,0
0.00063872492553877,225,0.9,-0.2,0
0.0009721563399524,230,0.9,0,0
-0.0004486802008494,217,0.9,-0.6,0
-0.00023634744285761,206,1,-1.5,0
0.00034271391594136,226,1,-0.3,0
-8.1872467087482e-05,196,1,-1.8,0
-0.00048829411840508,212,1,-1.1,0
-0.00043728106868235,207,1,-1.2,0
-0.00053444109974816,213,1,-0.8,0
-0.00030205690253615,204,1,-1.4,0
-0.00053988237447963,215,1,-0.9,0
-0.00032663521293101,216,1,-0.6,0
0,197,1,-2,0
-0.00043955889983804,218,1,-0.7,0
0.00073310892049547,231,1,-0.1,0
-0.00012766647127683,203,1,-1.7,0
-0.00036545480266506,209,1,-1.3,0
0.00084418654820245,228,1,0,0
9.5680645627987e-05,219,1,-0.4,0
-0.00054466607912383,210,1,-1,0
-0.00017986588967682,201,1,-1.6,0
-0.00012239344225915,221,1,-0.5,0
0.00059188757559201,223,1,-0.2,0
-3.9820725469505e-05,199,1,-1.9,0
-0.00026326429717106,241,1.1,-1.4,0
-0.00036812820407199,244,1.1,-1.2,0
-0.00016132995177627,238,1.1,-1.6,0
-0.00040543440796566,250,1.1,-0.8,0
0,236,1.1,-2,0
-0.00021206158480653,253,1.1,-0.6,0
-7.4918441169666e-05,234,1.1,-1.8,0
-0.00043732809079719,247,1.1,-1,0
0.00014089502520148,256,1.1,-0.4,0
0.0005326987619507,259,1.1,-0.2,0
0.00071429958857392,262,1.1,0,0
-3.1981458480869e-05,235,1.2,-1.9,0
-6.5078991162662e-05,232,1.2,-1.8,0
0,233,1.2,-2,0
-0.00013753896824304,237,1.2,-1.6,0
-9.9825900055662e-05,239,1.2,-1.7,0
-0.00021827461517155,240,1.2,-1.4,0
-0.00017612530996445,242,1.2,-1.5,0
-0.00011052435455924,252,1.2,-0.6,0
-0.00020474703640387,254,1.2,-0.7,0
0.00017749531709916,255,1.2,-0.4,0
2.8845170503558e-05,257,1.2,-0.5,0
0.00047658589115437,258,1.2,-0.2,0
0.00033215499070445,260,1.2,-0.3,0
0.00060959738753307,261,1.2,0,0
0.00055960019295611,263,1.2,-0.1,0
-0.00029401450283312,243,1.2,-1.2,0
-0.00025526588058122,245,1.2,-1.3,0
-0.00033204578450132,246,1.2,-1,0
-0.0003150300349856,248,1.2,-1.1,0
-0.00028447553388272,249,1.2,-0.8,0
-0.00031401712179833,251,1.2,-0.9,0
-5.3767450648915e-05,266,1.3,-1.8,0
0,268,1.3,-2,0
-0.0001113868889617,270,1.3,-1.6,0
-0.00017126260109801,273,1.3,-1.4,0
-0.00017579019517266,282,1.3,-0.8,0
-0.00022098286462122,276,1.3,-1.2,0
-0.00023418185419829,279,1.3,-1,0
0.00021041517126905,288,1.3,-0.4,0
-2.1530918825443e-05,285,1.3,-0.6,0
0.0004363006610942,291,1.3,-0.2,0
0.00053336812927202,294,1.3,0,0
-4.2446024488038e-05,264,1.4,-1.8,0
0,265,1.4,-2,0
-2.1320949852462e-05,267,1.4,-1.9,0
-8.5577783861479e-05,269,1.4,-1.6,0
-6.4401568547907e-05,271,1.4,-1.7,0
-0.00012596446804007,272,1.4,-1.4,0
-0.00010676184164101,274,1.4,-1.5,0
-0.00015247756502479,275,1.4,-1.2,0
-0.00014127454219438,277,1.4,-1.3,0
-0.00014484206987356,278,1.4,-1,0
-0.00015208506505848,280,1.4,-1.1,0
-7.8906986992952e-05,281,1.4,-0.8,0
-0.00011633179587569,283,1.4,-0.9,0
-1.4290769306816e-05,286,1.4,-0.7,0
5.7781674896305e-05,284,1.4,-0.6,0
0.00024469511574241,287,1.4,-0.4,0
0.00015173279583601,289,1.4,-0.5,0
0.00041689434271034,290,1.4,-0.2,0
0.00033867077812558,292,1.4,-0.3,0
0.00048873033285261,293,1.4,0,0
0.00046705881164287,295,1.4,-0.1,0
7.5519824430078e-06,314,1.5,-0.8,0
0,300,1.5,-2,0
0.00042041077619658,323,1.5,-0.2,0
-6.3054602382337e-05,302,1.5,-1.6,0
0.00047456025822846,326,1.5,0,0
-3.2652110448242e-05,298,1.5,-1.8,0
0.00028638258151611,320,1.5,-0.4,0
-8.6188197238872e-05,305,1.5,-1.4,0
0.00013197163016084,317,1.5,-0.6,0
-6.5859793810632e-05,311,1.5,-1,0
-9.2096085415508e-05,308,1.5,-1.2,0
0.0002038923399033,316,1.6,-0.6,0
-4.336901832958e-05,307,1.6,-1.2,0
-5.4425438235974e-05,309,1.6,-1.3,0
-2.596830342528e-05,296,1.6,-1.8,0
4.6649185556502e-07,310,1.6,-1,0
-5.4995815867688e-05,306,1.6,-1.5,0
-4.6732162635365e-05,301,1.6,-1.6,0
-2.6786695742387e-05,312,1.6,-1.1,0
8.3783947472849e-05,313,1.6,-0.8,0
0.00040531826489535,324,1.6,-0.3,0
3.7802046722578e-05,315,1.6,-0.9,0
0.00049402924075567,325,1.6,0,0
-3.8747060738457e-05,303,1.6,-1.7,0
-1.3795183025852e-05,299,1.6,-1.9,0
0.00014261075696323,318,1.6,-0.7,0
0.00048699874172674,327,1.6,-0.1,0
0.00033952719482892,319,1.6,-0.4,0
-5.5571961823015e-05,304,1.6,-1.4,0
0,297,1.6,-2,0
0.00027575379999051,321,1.6,-0.5,0
0.00045057995924626,322,1.6,-0.2,0
0,332,1.7,-2,0
-2.3970313111004e-05,330,1.7,-1.8,0
0.00054817407916348,358,1.7,0,0
-3.9500675539778e-05,334,1.7,-1.6,0
-3.7721596687461e-05,337,1.7,-1.4,0
-9.5660028803258e-06,340,1.7,-1.2,0
0.00040819762224864,352,1.7,-0.4,0
5.2532932236047e-05,343,1.7,-1,0
0.00015084794510801,346,1.7,-0.8,0
0.00027702852679099,349,1.7,-0.6,0
0.00050972031710842,355,1.7,-0.2,0
0,329,1.8,-2,0
0.00064506343729102,357,1.8,0,0
0.0002067089377539,345,1.8,-0.8,0
-3.7670324040777e-05,336,1.8,-1.4,0
-4.1898194702425e-05,335,1.8,-1.7,0
-4.5048163208344e-05,333,1.8,-1.6,0
-4.9344144304281e-05,338,1.8,-1.5,0
3.8532761563979e-06,339,1.8,-1.2,0
-2.6757069597012e-05,341,1.8,-1.3,0
8.5841630343966e-05,342,1.8,-1,0
3.5012454246862e-05,344,1.8,-1.1,0
-1.6022416681374e-05,331,1.8,-1.9,0
0.00013921395543157,347,1.8,-0.9,0
0.00035286608308996,348,1.8,-0.6,0
0.00027866078204578,350,1.8,-0.7,0
0.00049740739307474,351,1.8,-0.4,0
0.0004323500690177,353,1.8,-0.5,0
0.00060515864329286,354,1.8,-0.2,0
0.0005669534476269,356,1.8,-0.3,0
-2.8572837924609e-05,328,1.8,-1.8,0
0.00064617734335759,359,1.8,-0.1,0
0.00079314327745049,390,1.9,0,0
0,364,1.9,-2,0
0.0002490600370072,378,1.9,-0.8,0
-6.0842632308207e-05,369,1.9,-1.4,0
0.00061240292881126,384,1.9,-0.4,0
0.00074459115029332,387,1.9,-0.2,0
-4.1818644228909e-05,362,1.9,-1.8,0
0.00043292678806249,381,1.9,-0.6,0
-6.7325867523896e-05,366,1.9,-1.6,0
9.5418841633823e-05,375,1.9,-1,0
-9.0601682347614e-06,372,1.9,-1.2,0
-0.00012422235648839,370,2,-1.5,0
-5.6685529603818e-05,371,2,-1.2,0
-0.00011368648153724,368,2,-1.4,0
-0.00010070299931922,373,2,-1.3,0
7.2388869182842e-05,374,2,-1,0
-9.5616493980365e-05,367,2,-1.7,0
-8.3936719209513e-06,376,2,-1.1,0
0.00027121068485971,377,2,-0.8,0
-0.00011046959405822,365,2,-1.6,0
0.00015913393803416,379,2,-0.9,0
0.00051595467877903,380,2,-0.6,0
-3.5377104742149e-05,363,2,-1.9,0
0.0010068577403992,391,2,-0.1,0
0,361,2,-2,0
0.0010084942104978,389,2,0,0
0.00087354064104009,388,2,-0.3,0
-6.5676094699595e-05,360,2,-1.8,0
0.000941468198112,386,2,-0.2,0
0.00064707364512562,385,2,-0.5,0
0.0003897723051815,382,2,-0.7,0
0.00075958657250111,383,2,-0.4,0
