Nodes,10531,,,,Nodes,11502,,,,Nodes,13170,,,,Nodes,27139,,,,Nodes,121543,,,,,,,,,,,,,,,,,,,,,,,,,,,,,,,,,,,,,,,,,,,,,,,,,,,,
Elements,3628,,,,Elements,3990,,,,Elements,4319,,,,Elements,9429,h,,,Elements,48015,,,,,,,,,,,,,,,,,,,,,,,,,,,,,,,,,,,,,,,,,,,,,,,,,,,,
Average min length,0.080234,,,,Average min length,0.083978,,,,Average min length,0.082492,,,,Average min length,0.065372,C,,,Average min length,0.03576,,,,,,,,,,,,,,,,,,,,,,,,,,,,,,,,,,,,,,,,,,,,,,,,,,,,
Average max length,0.18601,,,,Average max length,0.20267,,,,Average max length,0.19118,,,,Average max length,0.14436,,,,Average max length,0.06801,Final W,721,,,,,,,,,,,,,,,,,,,,,,,,,,,,,,,,,,,,,,,,,,,,,,,,,,
max top,0.261,,,,max top,0.261,,,,max top,0.261,,,,max top,0.261,,,,max top,0.261,,,,max top,0.271,,,,max top,0.281,,,,max top,0.291,,,,max top,0.301,,,,max top,0.311,,,,max top,0.321,,,,max top,0.331,,,,max top,0.336,,,,max top,0.326,,,,max top,0.316,,
,,,,,,,,,,,,,,,,,,,,0.534521004,234.9714233,207025.4958,,,0.536220233,236.069556,219322.4932,,,0.537890843,237.3859623,234203.6554,,,0.53952912,238.8559763,247738.6935,,,0.54107567,240.5435798,263106.7961,,,0.542585436,242.3401759,277283.3724,,,0.54404673,244.3805999,293650.7937,,,0.545501741,246.3278531,308552.6316,,,0.546268484,247.2920331,316304.3478,,,0.544765645,245.3627843,300666.6667,,,#DIV/0!,#DIV/0!,#DIV/0!,
763,0.213,10200,,,738,0.212,9660,,,720,0.209,9710,,,721,0.205,9720,,,721.3,0.20334,9715.4,,,820.95,0.21245,10655,,,930.04,0.22156,11653,,,1049.1,0.23065,12707,,,1178.8,0.23972,13823,,,1319.7,0.24879,15000,,,1472.3,0.25781,16243,,,1637.3,0.26689,17546,,,1724.5,0.27137,18211,,,1553.2,0.26236,16889,,,0,0,0,
W (pJ),hm (μm),F (μN),t (s),,W (pJ),hm (μm),F (μN),t (s),,W (pJ),hm (µm),F (µN),t (s),,W (pJ),hm (µm),F (µN),t (s),,W (pJ),hm (µm),F (µN),t (s),,W (pJ),hm (µm),F (µN),t (s),,W (pJ),hm (µm),F (µN),t (s),,W (pJ),hm (µm),F (µN),t (s),,W (pJ),hm (µm),F (µN),t (s),,W (pJ),hm (µm),F (µN),t (s),,W (pJ),hm (µm),F (µN),t (s),,W (pJ),hm (µm),F (µN),t (s),,W (pJ),hm (µm),F (µN),t (s),,W (pJ),hm (µm),F (µN),t (s),,W (pJ),hm (µm),F (µN),t (s)
4.29E-24,0,4.66E-12,0.1141,,3.47E-24,0,4.88E-12,0.1141,,3.93E-24,0,3.34E-11,0.1141,,3.15E-24,0,1.77E-11,0.1141,,6.22E-24,0,1.8E-11,0.1141,,6.7007E-24,0,8.6037E-12,0.1141,,7.2035E-24,0,1.6962E-11,0.1141,,7.73E-24,0,1.27E-11,0.1141,,8.27E-24,0,1.69E-11,0.1141,,8.82E-24,0,1.19E-11,0.1141,,9.40E-24,0,1.63E-11,0.1141,,1.00E-23,0,7.64E-12,0.1141,,1.03E-23,0,2.38E-12,0.1141,,9.70E-24,0,4.20E-11,0.1141,,,,,
1.71E-23,0,9.72E-12,0.2282,,1.39E-23,0,9.85E-12,0.2282,,1.57E-23,0,2.11E-11,0.2282,,1.26E-23,0,2.06E-11,0.2282,,2.49E-23,0,5.29E-12,0.2282,,2.6803E-23,0,1.3162E-11,0.2282,,2.8818E-23,0,2.066E-11,0.2282,,3.09E-23,0,8.64E-12,0.2282,,3.31E-23,0,1.50E-12,0.2282,,3.53E-23,0,2.34E-11,0.2282,,3.76E-23,0,1.82E-11,0.2282,,4.00E-23,0,2.02E-11,0.2282,,4.12E-23,0,1.26E-11,0.2282,,3.88E-23,0,1.34E-12,0.2282,,,,,
3.86E-23,0,3.96E-12,0.3423,,3.13E-23,0,2.79E-12,0.3423,,3.53E-23,0,3.11E-11,0.3423,,2.83E-23,0,1.67E-11,0.3423,,5.59E-23,0,1.56E-11,0.3423,,6.0305E-23,0,4.2403E-12,0.3423,,6.484E-23,0,4.5239E-12,0.3423,,6.95E-23,0,1.92E-11,0.3423,,7.44E-23,0,1.84E-11,0.3423,,7.94E-23,0,1.70E-11,0.3423,,8.46E-23,0,1.13E-11,0.3423,,9.00E-23,0,1.49E-11,0.3423,,9.27E-23,0,1.14E-11,0.3423,,8.73E-23,0,8.89E-12,0.3423,,,,,
6.86E-23,0,1.23E-11,0.4564,,5.56E-23,0,4.01E-11,0.4564,,6.28E-23,0,1.17E-11,0.4564,,5.04E-23,0,4.58E-12,0.4564,,9.94E-23,0,3.99E-12,0.4564,,1.0721E-22,0,6.0215E-12,0.4564,,1.1527E-22,0,1.5856E-11,0.4564,,1.24E-22,0,4.83E-12,0.4564,,1.32E-22,0,6.20E-12,0.4564,,1.41E-22,0,3.23E-12,0.4564,,1.50E-22,0,6.13E-12,0.4564,,1.60E-22,0,1.47E-11,0.4564,,1.65E-22,0,1.18E-11,0.4564,,1.55E-22,0,1.24E-11,0.4564,,,,,
1.07E-22,0,2.15E-12,0.5705,,8.68E-23,0,1.77E-11,0.5705,,9.82E-23,0,4.14E-11,0.5705,,7.87E-23,0,5.96E-12,0.5705,,1.55E-22,0,9.8E-12,0.5705,,1.6751E-22,0,1.4969E-11,0.5705,,1.801E-22,0,1.7681E-11,0.5705,,1.93E-22,0,2.99E-11,0.5705,,2.07E-22,0,4.03E-12,0.5705,,2.21E-22,0,8.31E-12,0.5705,,2.35E-22,0,2.26E-12,0.5705,,2.50E-22,0,2.49E-11,0.5705,,2.58E-22,0,8.77E-12,0.5705,,2.42E-22,0,1.96E-11,0.5705,,,,,
1.54E-22,0,1.55E-11,0.6846,,1.25E-22,0,7.95E-12,0.6846,,1.41E-22,0,2.91E-11,0.6846,,1.13E-22,0,2.49E-11,0.6846,,2.24E-22,0,5.83E-12,0.6846,,2.4122E-22,0,1.055E-11,0.6846,,2.5934E-22,0,1.2677E-11,0.6846,,2.78E-22,0,6.11E-12,0.6846,,2.98E-22,0,2.35E-12,0.6846,,3.18E-22,0,1.33E-11,0.6846,,3.38E-22,0,2.55E-12,0.6846,,3.60E-22,0,8.68E-12,0.6846,,3.71E-22,0,2.98E-11,0.6846,,3.49E-22,0,8.41E-12,0.6846,,,,,
2.1E-22,0,1.85E-12,0.7987,,1.7E-22,0,9.96E-12,0.7987,,1.92E-22,0,3.82E-11,0.7987,,1.54E-22,0,2.08E-11,0.7987,,3.05E-22,0,6.5E-12,0.7987,,3.2832E-22,0,8.0985E-12,0.7987,,3.5299E-22,0,8.6886E-12,0.7987,,3.79E-22,0,1.12E-11,0.7987,,4.05E-22,0,1.01E-11,0.7987,,4.32E-22,0,1.87E-11,0.7987,,4.61E-22,0,5.31E-12,0.7987,,4.90E-22,0,1.20E-11,0.7987,,5.05E-22,0,1.01E-11,0.7987,,4.75E-22,0,3.33E-11,0.7987,,,,,
2.74E-22,0,5.77E-12,0.9128,,2.22E-22,0,3.11E-11,0.9128,,2.51E-22,0,2.06E-12,0.9128,,2.02E-22,0,1.22E-11,0.9128,,3.98E-22,0,1.18E-11,0.9128,,4.2883E-22,0,4.1057E-11,0.9128,,4.6105E-22,0,4.4963E-12,0.9128,,4.94E-22,0,6.34E-12,0.9128,,5.29E-22,0,1.61E-11,0.9128,,5.65E-22,0,1.84E-11,0.9128,,6.02E-22,0,6.05E-12,0.9128,,6.40E-22,0,1.22E-11,0.9128,,6.59E-22,0,1.18E-11,0.9128,,6.21E-22,0,1.71E-12,0.9128,,,,,
3.47E-22,0,1.6E-11,1.0269,,2.81E-22,0,3.72E-11,1.0269,,3.18E-22,0,1.69E-11,1.0269,,2.55E-22,0,2.16E-11,1.0269,,5.03E-22,0,2.91E-12,1.0269,,5.4273E-22,0,9.4258E-12,1.0269,,5.8351E-22,0,5.7829E-12,1.0269,,6.26E-22,0,1.66E-11,1.0269,,6.70E-22,0,3.05E-12,1.0269,,7.15E-22,0,5.61E-12,1.0269,,7.61E-22,0,6.94E-12,1.0269,,8.10E-22,0,2.05E-11,1.0269,,8.34E-22,0,2.70E-11,1.0269,,7.85E-22,0,4.88E-11,1.0269,,,,,
4.29E-22,0,4.17E-11,1.141,,3.47E-22,0,1.42E-11,1.141,,3.93E-22,0,4.03E-12,1.141,,3.15E-22,0,7.22E-12,1.141,,6.22E-22,0,8.23E-12,1.141,,6.7003E-22,0,3.7973E-11,1.141,,7.2039E-22,0,1.4015E-12,1.141,,7.73E-22,0,3.75E-11,1.141,,8.27E-22,0,2.17E-11,1.141,,8.82E-22,0,7.99E-12,1.141,,9.40E-22,0,4.90E-12,1.141,,1.00E-21,0,1.43E-11,1.141,,1.03E-21,0,1.59E-11,1.141,,9.70E-22,0,1.86E-11,1.141,,,,,
5.19E-22,0,7.51E-12,1.2551,,4.2E-22,0,9.38E-12,1.2551,,4.75E-22,0,1.01E-11,1.2551,,3.81E-22,0,1.31E-11,1.2551,,7.52E-22,0,1.4E-11,1.2551,,8.1074E-22,0,4.5701E-12,1.2551,,8.7169E-22,0,3.5315E-12,1.2551,,9.35E-22,0,2.36E-11,1.2551,,1.00E-21,0,4.90E-11,1.2551,,1.07E-21,0,4.98E-12,1.2551,,1.14E-21,0,1.55E-11,1.2551,,1.21E-21,0,1.38E-11,1.2551,,1.25E-21,0,2.36E-11,1.2551,,1.17E-21,0,6.38E-12,1.2551,,,,,
6.17E-22,0,9.33E-12,1.3692,,5E-22,0,2.83E-11,1.3692,,5.65E-22,0,1.3E-11,1.3692,,4.53E-22,0,3.28E-12,1.3692,,8.95E-22,0,2.24E-12,1.3692,,9.6484E-22,0,1.9879E-12,1.3692,,1.0374E-21,0,1.8178E-11,1.3692,,1.11E-21,0,1.25E-11,1.3692,,1.19E-21,0,2.82E-11,1.3692,,1.27E-21,0,1.12E-11,1.3692,,1.47E-03,1.02E-03,3.4703,1.3692,,7.39E-03,2.45E-03,7.5545,1.3692,,1.23E-02,2.98E-03,10.238,1.3692,,3.85E-03,1.79E-03,5.3904,1.3692,,,,,
7.24E-22,0,6.59E-12,1.4833,,5.87E-22,0,1.81E-11,1.4833,,6.64E-22,0,6.26E-12,1.4833,,5.32E-22,0,3.5E-11,1.4833,,1.05E-21,0,1.14E-12,1.4833,,1.1324E-21,0,5.3136E-12,1.4833,,1.2175E-21,0,4.0166E-11,1.4833,,1.32E-04,2.62E-04,0.99618,1.4833,,3.90E-03,1.80E-03,5.4205,1.4833,,1.34E-02,3.06E-03,10.8,1.4833,,3.04E-02,4.01E-03,17.335,1.4833,,5.62E-02,5.13E-03,24.849,1.4833,,7.29E-02,5.65E-03,29.195,1.4833,,4.21E-02,4.56E-03,20.904,1.4833,,,,,
8.4E-22,0,2.44E-11,1.5974,,6.81E-22,0,5.29E-12,1.5974,,7.7E-22,0,1.82E-11,1.5974,,6.17E-22,0,1.66E-11,1.5974,,1.22E-21,0,3.55E-12,1.5974,,0.00023973,0.00036066,1.4053,1.5974,,0.005007,0.0020469,6.1536,1.5974,,1.67E-02,3.28E-03,12.352,1.5974,,3.75E-02,4.38E-03,19.593,1.5974,,6.91E-02,5.53E-03,28.224,1.5974,,0.11386,6.65E-03,38.866,1.5974,,0.17369,7.93E-03,49.817,1.5974,,0.20892,8.54E-03,55.409,1.5974,,0.14198,7.29E-03,44.39,1.5974,,,,,
9.64E-22,0,2.96E-12,1.7115,,7.82E-22,0,3.54E-11,1.7115,,8.83E-22,0,3.15E-11,1.7115,,0.00397,0.000881,7.3109,1.7115,,0.004,0.00183,5.4808,1.7115,,0.015722,0.0032168,11.907,1.7115,,0.037751,0.0044004,19.675,1.7115,,7.20E-02,5.60E-03,29.004,1.7115,,0.12204,6.87E-03,40.554,1.7115,,0.18881,8.19E-03,52.248,1.7115,,0.27268,9.49E-03,64.653,1.7115,,0.37474,1.09E-02,77.005,1.7115,,0.43277,1.16E-02,83.761,1.7115,,0.32152,1.02E-02,70.809,1.7115,,,,,
1.1E-21,0,6.46E-11,1.8256,,8.89E-22,0,5E-12,1.8256,,1.01E-21,0,1.78E-11,1.8256,,0.0399,0.00356,23.804,1.8256,,0.0309,0.00409,17.565,1.8256,,0.06429,0.0053707,27.008,1.8256,,0.11486,0.0067183,39.09,1.8256,,0.18429,8.10E-03,51.553,1.8256,,0.27358,9.53E-03,64.78,1.8256,,0.38306,1.10E-02,78.033,1.8256,,0.51462,1.24E-02,92.711,1.8256,,0.67123,1.39E-02,108.96,1.8256,,0.75874,1.46E-02,117.35,1.8256,,0.58973,1.32E-02,100.59,1.8256,,,,,
1.24E-21,0,4.57E-11,1.9397,,1E-21,0,2.19E-11,1.9397,,0.0147,0.00138,21.604,1.9397,,0.12362,0.00689,42.942,1.9397,,0.094,0.00621,34.446,1.9397,,0.16113,0.0076761,47.827,1.9397,,0.25008,0.0091944,61.567,1.9397,,0.36171,1.07E-02,75.551,1.9397,,0.498,1.23E-02,90.944,1.9397,,0.66195,1.38E-02,108.07,1.9397,,0.85437,1.53E-02,125.78,1.9397,,1.0783,1.69E-02,144.57,1.9397,,1.201,1.77E-02,154.41,1.9397,,0.963,1.61E-02,134.98,1.9397,,,,,
0.000292,0.000167,4.0053,2.0538,,0.000286,0.000175,3.9452,2.0538,,0.10527,0.00418,52.048,2.0538,,0.25454,0.0102,60.661,2.0538,,0.20588,0.00848,55.012,2.0538,,0.31386,0.010095,69.947,2.0538,,0.44772,0.011726,85.472,2.0538,,0.61199,1.34E-02,102.95,2.0538,,0.80785,1.50E-02,121.79,2.0538,,1.0387,1.66E-02,141.35,2.0538,,1.3016,1.82E-02,162.09,2.0538,,1.6056,1.99E-02,183.53,2.0538,,1.7712,2.07E-02,194.41,2.0538,,1.4486,1.91E-02,172.61,2.0538,,,,,
0.0723,0.00265,62.53,2.1679,,0.0717,0.0028,61.754,2.1679,,0.26483,0.00705,78.288,2.1679,,0.43141,0.013,81.435,2.1679,,0.37064,0.0108,76.606,2.1679,,0.52708,0.012561,94.084,2.1679,,0.71784,0.01429,113.61,2.1679,,0.94696,1.60E-02,133.72,2.1679,,1.2119,1.77E-02,155.34,2.1679,,1.52,1.95E-02,177.67,2.1679,,1.8689,2.12E-02,200.83,2.1679,,2.265,2.30E-02,225.13,2.1679,,2.4778,2.39E-02,237.55,2.1679,,2.0623,2.21E-02,212.84,2.1679,,,,,
0.2983,0.00582,116.87,2.282,,0.29024,0.00632,113.84,2.282,,0.50826,0.00965,114.7,2.282,,0.66492,0.0153,106.51,2.282,,0.59446,0.0132,101.19,2.282,,0.81094,0.015021,122.1,2.282,,1.0693,0.016845,143.9,2.282,,1.3706,1.86E-02,167.14,2.282,,1.719,2.05E-02,191.14,2.282,,2.1181,2.23E-02,216.24,2.282,,2.5613,2.42E-02,242.4,2.282,,3.0627,2.61E-02,269.56,2.282,,3.3343,2.70E-02,283.71,2.282,,2.8049,2.51E-02,255.89,2.282,,,,,
0.65261,0.0092,163.14,2.3961,,0.63749,0.00994,161.21,2.3961,,0.84812,0.0121,152.57,2.3961,,0.96664,0.0176,133.04,2.3961,,0.8859,0.0156,128.61,2.3961,,1.1713,0.017477,152.22,2.3961,,1.5063,0.019383,176.77,2.3961,,1.895,2.13E-02,202.54,2.3961,,2.3359,2.33E-02,229.44,2.3961,,2.8338,2.52E-02,257.45,2.3961,,3.3932,2.71E-02,286.76,2.3961,,4.0155,2.91E-02,317.91,2.3961,,4.3487,3.00E-02,334.27,2.3961,,3.6967,2.81E-02,302.32,2.3961,,,,,
1.1392,0.0126,207.62,2.5102,,1.149,0.0136,209.98,2.5102,,1.2794,0.0154,188.28,2.5102,,1.3447,0.0198,162.43,2.5102,,1.2482,0.0179,158.2,2.5102,,1.6143,0.019941,184.24,2.5102,,2.039,0.021989,211.49,2.5102,,2.5221,2.40E-02,240.19,2.5102,,3.0692,2.61E-02,269.97,2.5102,,3.6868,2.81E-02,301.82,2.5102,,4.3686,3.01E-02,335.29,2.5102,,5.1238,3.20E-02,370.28,2.5102,,5.5292,3.30E-02,388.25,2.5102,,4.7373,3.10E-02,352.61,2.5102,,,,,
1.7322,0.0161,250.16,2.6243,,1.7621,0.0173,254.54,2.6243,,1.8011,0.0185,226.58,2.6243,,1.797,0.0219,192.91,2.6243,,1.6895,0.0203,189.29,2.6243,,2.1469,0.022464,218.05,2.6243,,2.6666,0.024584,248.41,2.6243,,3.263,2.67E-02,280.17,2.6243,,3.9302,2.88E-02,313.87,2.6243,,4.6744,3.09E-02,349.7,2.6243,,5.4961,3.29E-02,386.86,2.6243,,6.4114,3.50E-02,425.8,2.6243,,6.9014,3.60E-02,445.71,2.6243,,5.942,3.40E-02,406.24,2.6243,,,,,
2.4649,0.0195,293.91,2.7384,,2.4731,0.0208,296.33,2.7384,,2.4288,0.0213,270.19,2.7384,,2.3235,0.0239,223.55,2.7384,,2.2141,0.0228,222.16,2.7384,,2.768,0.024961,253.98,2.7384,,3.4051,0.027199,287.44,2.7384,,4.1225,2.94E-02,323.26,2.7384,,4.9198,3.15E-02,361.1,2.7384,,5.8098,3.37E-02,400.59,2.7384,,6.7983,3.58E-02,441.63,2.7384,,7.8896,3.80E-02,484.8,2.7384,,8.4706,3.91E-02,506.9,2.7384,,7.3313,3.69E-02,463.02,2.7384,,,,,
3.2634,0.0231,335.5,2.8525,,3.2929,0.0245,337.57,2.8525,,3.1627,0.0241,312.17,2.8525,,2.9263,0.0259,254.51,2.8525,,2.8214,0.0252,256.88,2.8525,,3.4939,0.027481,292.05,2.8525,,4.253,0.029756,329.75,2.8525,,5.1035,3.20E-02,369.43,2.8525,,6.0526,3.42E-02,411,2.8525,,7.1133,3.65E-02,454.31,2.8525,,8.28,3.87E-02,499.75,2.8525,,9.5592,4.10E-02,546.38,2.8525,,10.238,4.21E-02,570.53,2.8525,,8.9062,3.98E-02,523.11,2.8525,,,,,
4.1918,0.0266,376.56,2.9666,,4.1786,0.028,376.66,2.9666,,4.005,0.027,353.58,2.9666,,3.6197,0.028,289.59,2.9666,,3.5267,0.0276,293.76,2.9666,,4.3216,0.029939,333.12,2.9666,,5.2155,0.03225,374.51,2.9666,,6.2219,3.46E-02,418.07,2.9666,,7.3433,3.69E-02,463.58,2.9666,,8.5848,3.93E-02,511.25,2.9666,,9.942,4.16E-02,560.04,2.9666,,11.43,4.40E-02,612.02,2.9666,,12.224,4.52E-02,638.66,2.9666,,10.67,4.28E-02,585.68,2.9666,,,,,
5.2444,0.0301,417.54,3.0807,,5.2934,0.0318,420.24,3.0807,,4.9558,0.03,394.73,3.0807,,4.4115,0.0304,330.65,3.0807,,4.3263,0.03,333.35,3.0807,,5.2567,0.032345,376.35,3.0807,,6.3088,0.034768,421.72,3.0807,,7.4881,3.72E-02,469.3,3.0807,,8.7921,3.96E-02,519.01,3.0807,,10.227,4.21E-02,570.16,3.0807,,11.799,4.45E-02,624.62,3.0807,,13.523,4.70E-02,680.49,3.0807,,14.439,4.83E-02,709.67,3.0807,,12.642,4.58E-02,652.35,3.0807,,,,,
6.3543,0.0336,457.09,3.1948,,6.36,0.0356,458.66,3.1948,,6.0104,0.033,435.2,3.1948,,5.3123,0.0327,375.37,3.1948,,5.2254,0.0323,374.97,3.1948,,6.3143,0.034774,421.96,3.1948,,7.5393,0.037299,471.35,3.1948,,8.9021,3.98E-02,523.05,3.1948,,10.401,4.24E-02,576.36,3.1948,,12.056,4.49E-02,633.14,3.1948,,13.865,4.75E-02,691.59,3.1948,,15.845,5.01E-02,752.59,3.1948,,16.896,5.13E-02,783.64,3.1948,,14.834,4.88E-02,721.95,3.1948,,,,,
7.5421,0.0369,498.32,3.3089,,7.6307,0.0391,504.6,3.3089,,7.168,0.036,475.06,3.3089,,6.3306,0.035,418.91,3.3089,,6.2373,0.0346,418.79,3.3089,,7.4993,0.037216,469.81,3.3089,,8.9079,0.039851,523.3,3.3089,,10.467,4.25E-02,578.66,3.3089,,12.187,4.51E-02,637.54,3.3089,,14.08,4.78E-02,698.4,3.3089,,16.149,5.04E-02,761.72,3.3089,,18.405,5.31E-02,827.43,3.3089,,19.601,5.44E-02,861.16,3.3089,,17.254,5.18E-02,794.22,3.3089,,,,,
8.926,0.0403,545.37,3.423,,8.9696,0.0426,547.4,3.423,,8.4309,0.0388,517.25,3.423,,7.4653,0.0373,466.05,3.423,,7.3679,0.037,464.64,3.423,,8.8127,0.039676,519.83,3.423,,10.416,0.04241,576.94,3.423,,12.197,4.51E-02,637.86,3.423,,14.157,4.79E-02,700.89,3.423,,16.311,5.06E-02,766.42,3.423,,18.657,5.33E-02,834.61,3.423,,21.216,5.61E-02,906.36,3.423,,22.573,5.75E-02,943.6,3.423,,19.909,5.47E-02,869.93,3.423,,,,,
10.379,0.0434,598.84,3.5371,,10.481,0.046,595.97,3.5371,,9.8009,0.0416,559.24,3.5371,,8.7239,0.0396,516.22,3.5371,,8.6177,0.0393,512.61,3.5371,,10.255,0.042144,571.3,3.5371,,12.08,0.044973,634.04,3.5371,,14.099,4.78E-02,699.05,3.5371,,16.319,5.06E-02,766.72,3.5371,,18.752,5.35E-02,837.28,3.5371,,21.403,5.63E-02,911.64,3.5371,,24.29,5.91E-02,989,3.5371,,25.819,6.05E-02,1029.1,3.5371,,22.817,5.77E-02,950.18,3.5371,,,,,
12.066,0.0466,657.38,3.6512,,12.014,0.0493,640.99,3.6512,,11.278,0.0444,601.56,3.6512,,10.104,0.042,568.03,3.6512,,9.9866,0.0417,561.75,3.6512,,11.841,0.044615,626.12,3.6512,,13.902,0.047536,692.85,3.6512,,16.183,5.05E-02,762.71,3.6512,,18.679,5.34E-02,835.29,3.6512,,21.418,5.63E-02,912.03,3.6512,,24.398,5.92E-02,991.87,3.6512,,27.637,6.21E-02,1075.1,3.6512,,29.352,6.36E-02,1117.5,3.6512,,25.983,6.06E-02,1033.3,3.6512,,,,,
13.767,0.0491,719.27,3.7653,,13.722,0.0526,688.89,3.7653,,12.878,0.0473,648.4,3.7653,,11.616,0.0445,620.83,3.7653,,11.486,0.0441,614.1,3.7653,,13.575,0.047089,682.34,3.7653,,15.894,0.050108,754.19,3.7653,,18.449,5.31E-02,828.77,3.7653,,21.249,5.61E-02,907.43,3.7653,,24.316,5.91E-02,989.75,3.7653,,27.649,6.21E-02,1075.4,3.7653,,31.269,6.51E-02,1164.7,3.7653,,33.189,6.66E-02,1210.5,3.7653,,29.42,6.36E-02,1119.3,3.7653,,,,,
15.704,0.0522,776.36,3.8794,,15.609,0.0558,738.12,3.8794,,14.594,0.0503,694.79,3.8794,,13.263,0.0469,674.33,3.8794,,13.122,0.0465,667.89,3.8794,,15.464,0.049567,741.24,3.8794,,18.055,0.052672,817.64,3.8794,,20.91,5.58E-02,897.99,3.8794,,24.037,5.88E-02,982.52,3.8794,,27.455,6.19E-02,1070.6,3.8794,,31.168,6.50E-02,1162.3,3.8794,,35.203,6.81E-02,1257.9,3.8794,,37.334,6.97E-02,1307.1,3.8794,,33.145,6.66E-02,1209.5,3.8794,,,,,
17.85,0.0553,833.81,3.9935,,17.562,0.0589,788.35,3.9935,,16.426,0.0533,740.74,3.9935,,15.052,0.0494,731.37,3.9935,,14.9,0.0488,724.19,3.9935,,17.511,0.052042,801.92,3.9935,,20.396,0.055229,883.73,3.9935,,23.575,5.84E-02,970.38,3.9935,,27.049,6.16E-02,1060.5,3.9935,,30.844,6.48E-02,1154.4,3.9935,,34.973,6.79E-02,1252.6,3.9935,,39.437,7.11E-02,1354.4,3.9935,,41.8,7.27E-02,1406.8,3.9935,,37.16,6.95E-02,1303.2,3.9935,,,,,
20.05,0.0584,893.98,4.1076,,19.724,0.0619,844.38,4.1076,,18.371,0.0563,791.03,4.1076,,16.983,0.0518,787.86,4.1076,,16.825,0.0512,781.79,4.1076,,19.722,0.05451,864.83,4.1076,,22.927,0.057785,953.26,4.1076,,26.446,6.10E-02,1045.3,4.1076,,30.296,6.43E-02,1141.1,4.1076,,34.502,6.76E-02,1241.6,4.1076,,39.057,7.09E-02,1346.1,4.1076,,43.993,7.42E-02,1454.5,4.1076,,46.604,7.58E-02,1509.9,4.1076,,41.474,7.25E-02,1399.6,4.1076,,,,,
22.485,0.0614,957.91,4.2217,,21.981,0.0646,900.94,4.2217,,20.454,0.0592,846.69,4.2217,,19.058,0.0542,845.5,4.2217,,18.899,0.0536,841.57,4.2217,,22.108,0.056975,931.16,4.2217,,25.648,0.060336,1024.8,4.2217,,29.538,6.37E-02,1122.3,4.2217,,33.791,6.71E-02,1224.9,4.2217,,38.422,7.04E-02,1331.9,4.2217,,43.443,7.38E-02,1442.7,4.2217,,48.881,7.72E-02,1557.4,4.2217,,51.752,7.89E-02,1615.9,4.2217,,46.108,7.55E-02,1499.6,4.2217,,,,,
25.198,0.0645,1028.5,4.3358,,24.372,0.0667,960.89,4.3358,,22.685,0.0621,901.07,4.3358,,21.285,0.0567,905.74,4.3358,,21.131,0.056,904.26,4.3358,,24.67,0.059437,999.21,4.3358,,28.571,0.062887,1098.4,4.3358,,32.857,6.63E-02,1202.7,4.3358,,37.532,6.98E-02,1311.8,4.3358,,42.621,7.33E-02,1424.7,4.3358,,48.138,7.67E-02,1542.1,4.3358,,54.101,8.02E-02,1663.6,4.3358,,57.254,8.19E-02,1726.8,4.3358,,51.066,7.85E-02,1601.9,4.3358,,,,,
27.78,0.0665,1111.7,4.4499,,26.939,0.0695,1027.2,4.4499,,25.056,0.0648,956.7,4.4499,,23.67,0.0591,966.82,4.4499,,23.528,0.0584,969.27,4.4499,,27.418,0.061898,1069.8,4.4499,,31.705,0.065446,1175.3,4.4499,,36.407,6.90E-02,1285.9,4.4499,,41.532,7.25E-02,1401,4.4499,,47.11,7.61E-02,1520.6,4.4499,,53.153,7.96E-02,1644.4,4.4499,,59.68,8.32E-02,1774.3,4.4499,,63.127,8.50E-02,1840.3,4.4499,,56.352,8.14E-02,1708.8,4.4499,,,,,
30.84,0.0694,1182.1,4.564,,29.676,0.0722,1094.7,4.564,,27.582,0.0671,1024,4.564,,26.213,0.0615,1030.1,4.564,,26.092,0.0607,1036.4,4.564,,30.355,0.064359,1142.6,4.564,,35.054,0.068005,1254.6,4.564,,40.195,7.16E-02,1371.4,4.564,,45.8,7.53E-02,1493.2,4.564,,51.899,7.89E-02,1618.9,4.564,,58.492,8.26E-02,1751.3,4.564,,65.619,8.62E-02,1888,4.564,,69.388,8.81E-02,1959.4,4.564,,61.987,8.44E-02,1818.7,4.564,,,,,
33.933,0.0724,1246.1,4.6781,,32.711,0.0749,1165.6,4.6781,,30.292,0.0694,1097.9,4.6781,,28.928,0.0639,1098.8,4.6781,,28.83,0.0631,1104.8,4.6781,,33.494,0.066829,1218,4.6781,,38.62,0.070561,1336.4,4.6781,,44.232,7.43E-02,1459.8,4.6781,,50.348,7.80E-02,1587.5,4.6781,,56.988,8.18E-02,1721.5,4.6781,,64.172,8.55E-02,1860.4,4.6781,,71.943,8.93E-02,2006.8,4.6781,,76.046,9.11E-02,2081.2,4.6781,,67.983,8.74E-02,1933,4.6781,,,,,
37.246,0.0755,1310.6,4.7922,,35.683,0.0766,1242.4,4.7922,,33.185,0.0716,1170.1,4.7922,,31.83,0.0662,1171.5,4.7922,,31.751,0.0655,1176.5,4.7922,,36.834,0.069297,1295.9,4.7922,,42.414,0.073118,1420.4,4.7922,,48.526,7.69E-02,1550.2,4.7922,,55.172,8.08E-02,1685.2,4.7922,,62.394,8.46E-02,1826.4,4.7922,,70.212,8.84E-02,1974.8,4.7922,,78.651,9.23E-02,2128.3,4.7922,,83.111,9.42E-02,2208.2,4.7922,,74.352,9.04E-02,2050.7,4.7922,,,,,
40.731,0.0787,1374,4.9063,,38.928,0.0792,1310.3,4.9063,,36.256,0.0739,1241,4.9063,,34.921,0.0685,1246.9,4.9063,,34.857,0.0679,1250,4.9063,,40.38,0.071762,1375.6,4.9063,,46.446,0.075681,1506.8,4.9063,,53.081,7.96E-02,1643.1,4.9063,,60.294,8.35E-02,1786.3,4.9063,,68.131,8.75E-02,1935.8,4.9063,,76.613,9.14E-02,2091.5,4.9063,,85.763,9.53E-02,2254.8,4.9063,,90.601,9.73E-02,2338.7,4.9063,,81.101,9.33E-02,2172.4,4.9063,,,,,
44.216,0.0818,1433.3,5.0204,,42.433,0.0819,1382.7,5.0204,,39.503,0.0762,1310.8,5.0204,,38.21,0.0708,1322,5.0204,,38.15,0.0702,1325.9,5.0204,,44.143,0.07423,1458,5.0204,,50.722,0.078247,1595.2,5.0204,,57.902,8.23E-02,1739.8,5.0204,,65.716,8.63E-02,1890,5.0204,,74.208,9.03E-02,2048.1,5.0204,,83.385,9.43E-02,2213.1,5.0204,,93.29,9.83E-02,2384.6,5.0204,,98.523,0.10035,2472.6,5.0204,,88.247,9.63E-02,2298.1,5.0204,,,,,
47.96,0.0846,1507.5,5.1345,,46.15,0.0843,1457.1,5.1345,,42.925,0.0784,1379.4,5.1345,,41.694,0.0731,1399.1,5.1345,,41.64,0.0726,1403.5,5.1345,,48.128,0.076704,1542.1,5.1345,,55.237,0.080807,1686.6,5.1345,,63.004,8.49E-02,1838.1,5.1345,,71.457,8.90E-02,1998,5.1345,,80.63,9.31E-02,2164.1,5.1345,,90.544,9.72E-02,2337.8,5.1345,,101.24,0.10137,2517.9,5.1345,,106.9,0.10343,2610.9,5.1345,,95.793,9.93E-02,2426.9,5.1345,,,,,
51.914,0.0872,1590.4,5.2486,,49.948,0.0868,1544.4,5.2486,,46.519,0.0807,1447.2,5.2486,,45.382,0.0755,1480.3,5.2486,,45.333,0.075,1483.5,5.2486,,52.338,0.079175,1628.1,5.2486,,60.014,0.083371,1781,5.2486,,68.394,8.76E-02,1940.8,5.2486,,77.511,9.18E-02,2107.9,5.2486,,87.41,9.60E-02,2283.7,5.2486,,98.104,0.10017,2465.7,5.2486,,109.64,0.1044,2655.5,5.2486,,115.73,0.10651,2753.4,5.2486,,103.76,0.10228,2559.6,5.2486,,,,,
56.184,0.0899,1675.3,5.3627,,53.976,0.0891,1639,5.3627,,50.326,0.0831,1518,5.3627,,49.275,0.0779,1562.8,5.3627,,49.234,0.0774,1565,5.3627,,56.781,0.081646,1717.6,5.3627,,65.05,0.085937,1877.4,5.3627,,74.087,9.02E-02,2046,5.3627,,83.905,9.45E-02,2222.3,5.3627,,94.556,9.88E-02,2406.1,5.3627,,106.07,0.10311,2597.5,5.3627,,118.49,0.10743,2797.3,5.3627,,125.04,0.10957,2900,5.3627,,112.17,0.10527,2696.5,5.3627,,,,,
60.683,0.0923,1768.1,5.4768,,58.355,0.0914,1742.6,5.4768,,54.355,0.0855,1598.9,5.4768,,53.387,0.0803,1649.3,5.4768,,53.345,0.0797,1648.5,5.4768,,61.463,0.084118,1808.8,5.4768,,70.365,0.088506,1977.9,5.4768,,80.078,9.29E-02,2154.2,5.4768,,90.635,9.73E-02,2339.4,5.4768,,102.09,0.10167,2532,5.4768,,114.46,0.10605,2733.3,5.4768,,127.8,0.11045,2942.6,5.4768,,134.83,0.11264,3048.4,5.4768,,121.01,0.10825,2837.3,5.4768,,,,,
65.486,0.0949,1859.6,5.5909,,63.02,0.0936,1847.2,5.5909,,58.597,0.0879,1687.2,5.5909,,57.717,0.0827,1735,5.5909,,57.67,0.0821,1735.3,5.5909,,66.392,0.086593,1903,5.5909,,75.956,0.091075,2079.8,5.5909,,86.383,9.55E-02,2265.9,5.5909,,97.715,0.10002,2459.3,5.5909,,110.01,0.10452,2661.5,5.5909,,123.28,0.10899,2872.8,5.5909,,137.59,0.11347,3089.6,5.5909,,145.13,0.1157,3201.8,5.5909,,130.3,0.11123,2980.6,5.5909,,,,,
70.471,0.0973,1951.8,5.705,,67.891,0.0959,1948.5,5.705,,63.058,0.0904,1773.8,5.705,,62.262,0.0851,1821.7,5.705,,62.222,0.0845,1823.4,5.705,,71.587,0.089075,2000.5,5.705,,81.829,0.093641,2185.6,5.705,,93.004,9.82E-02,2379.9,5.705,,105.16,0.10278,2582.6,5.705,,118.33,0.10737,2794.8,5.705,,132.54,0.11191,3014.3,5.705,,147.86,0.11649,3242.1,5.705,,155.95,0.11877,3361.3,5.705,,140.06,0.1142,3126.7,5.705,,,,,
75.723,0.0997,2047.4,5.8191,,73.079,0.0982,2054.1,5.8191,,67.729,0.0928,1864.2,5.8191,,67.035,0.0875,1912.1,5.8191,,67.006,0.0869,1914.6,5.8191,,77.029,0.091548,2099.3,5.8191,,88.004,0.096211,2294.1,5.8191,,99.964,0.10087,2496.8,5.8191,,112.97,0.10554,2709.5,5.8191,,127.06,0.1102,2931.3,5.8191,,142.26,0.11484,3159.5,5.8191,,158.65,0.11951,3400.8,5.8191,,167.3,0.12184,3525.2,5.8191,,150.3,0.11718,3278.1,5.8191,,,,,
81.193,0.10219,2141.9,5.9332,,78.543,0.10041,2154.9,5.9332,,72.64,0.0952,1961.9,5.9332,,72.05,0.0899,2007.7,5.9332,,72.029,0.0893,2008.7,5.9332,,82.744,0.094026,2201.9,5.9332,,94.471,0.098777,2404.9,5.9332,,107.26,0.10353,2617,5.9332,,121.15,0.10829,2839.7,5.9332,,136.2,0.11304,3068.9,5.9332,,152.44,0.11777,3309.7,5.9332,,169.95,0.12253,3562.7,5.9332,,179.18,0.1249,3692.1,5.9332,,161.04,0.12015,3435.4,5.9332,,,,,
86.86,0.10469,2237.1,6.0473,,84.121,0.10277,2252.7,6.0473,,77.81,0.0976,2066.3,6.0473,,77.307,0.0923,2104.5,6.0473,,77.287,0.0917,2104,6.0473,,88.736,0.096503,2306.9,6.0473,,101.25,0.10135,2518.3,6.0473,,114.91,0.1062,2740.5,6.0473,,129.72,0.11104,2972.1,6.0473,,145.77,0.11588,3211.4,6.0473,,163.11,0.1207,3465.2,6.0473,,181.78,0.12555,3728.5,6.0473,,191.64,0.12797,3864.6,6.0473,,172.27,0.12312,3595.4,6.0473,,,,,
92.685,0.10624,2352.4,6.1614,,90.127,0.10503,2359.5,6.1614,,83.25,0.1,2171.1,6.1614,,82.82,0.0948,2204.9,6.1614,,82.796,0.094,2202.9,6.1614,,95.001,0.098977,2413.8,6.1614,,108.35,0.10392,2634.9,6.1614,,122.91,0.10886,2867.1,6.1614,,138.69,0.11378,3106.4,6.1614,,155.79,0.11871,3359.1,6.1614,,174.26,0.12363,3623.4,6.1614,,194.17,0.12857,3899,6.1614,,204.66,0.13104,4041.2,6.1614,,184.02,0.1261,3759.8,6.1614,,,,,
98.59,0.10818,2460.7,6.2755,,96.558,0.10737,2466.7,6.2755,,88.954,0.1025,2275,6.2755,,88.583,0.0972,2305.7,6.2755,,88.569,0.0964,2304,6.2755,,101.56,0.10146,2523.5,6.2755,,115.78,0.1065,2754.5,6.2755,,131.27,0.11151,2995.2,6.2755,,148.07,0.11653,3245.3,6.2755,,166.28,0.12155,3510.8,6.2755,,185.92,0.12655,3786.1,6.2755,,207.09,0.13159,4074,6.2755,,218.26,0.1341,4222.8,6.2755,,196.32,0.12907,3928.2,6.2755,,,,,
105.01,0.11063,2568.6,6.3896,,102.93,0.10973,2568.8,6.3896,,94.928,0.10493,2383.3,6.3896,,94.618,0.0996,2410.3,6.3896,,94.589,0.0988,2406.9,6.3896,,108.42,0.10394,2636,6.3896,,123.53,0.10906,2877,6.3896,,140,0.11417,3125.9,6.3896,,157.86,0.11927,3389.4,6.3896,,177.22,0.12439,3664.6,6.3896,,198.1,0.12949,3952.5,6.3896,,220.6,0.13461,4253.7,6.3896,,232.48,0.13717,4408.3,6.3896,,209.15,0.13205,4101.6,6.3896,,,,,
111.75,0.11305,2681.7,6.5037,,109.55,0.11026,2680.2,6.5037,,101.17,0.10732,2491.2,6.5037,,100.91,0.10205,2517.1,6.5037,,100.88,0.1012,2512.3,6.5037,,115.58,0.10642,2751.3,6.5037,,131.63,0.11163,3000.9,6.5037,,149.11,0.11682,3260.7,6.5037,,168.09,0.12202,3536.6,6.5037,,188.64,0.12723,3823.6,6.5037,,210.81,0.13242,4123.9,6.5037,,234.71,0.13764,4437.1,6.5037,,247.32,0.14023,4599.8,6.5037,,222.54,0.13503,4279.2,6.5037,,,,,
118.84,0.11545,2794.2,6.6178,,116.65,0.11263,2789.2,6.6178,,107.71,0.10968,2604.1,6.6178,,107.49,0.10447,2625.2,6.6178,,107.45,0.10359,2620.3,6.6178,,123.04,0.1089,2869.4,6.6178,,140.07,0.11419,3127.1,6.6178,,158.62,0.11948,3400.5,6.6178,,178.74,0.12477,3686.1,6.6178,,200.55,0.13007,3985.7,6.6178,,224.07,0.13535,4299.2,6.6178,,249.41,0.14065,4626.5,6.6178,,262.78,0.14329,4794.4,6.6178,,236.5,0.138,4460.5,6.6178,,,,,
126.1,0.1176,2908.6,6.7319,,123.99,0.11499,2900.3,6.7319,,114.53,0.11198,2721,6.7319,,114.34,0.10687,2735.1,6.7319,,114.3,0.10599,2731,6.7319,,130.82,0.11137,2988.8,6.7319,,148.87,0.11676,3257.2,6.7319,,168.53,0.12213,3542.8,6.7319,,189.85,0.12752,3840.3,6.7319,,212.95,0.13291,4152.4,6.7319,,237.87,0.13828,4478.2,6.7319,,264.73,0.14366,4818.6,6.7319,,278.89,0.14635,4993.3,6.7319,,251.05,0.14097,4647.3,6.7319,,,,,
133.67,0.12003,3021,6.846,,131.62,0.11743,3014.1,6.846,,121.65,0.11427,2835.8,6.846,,121.48,0.10928,2848,6.846,,121.44,0.10837,2844.3,6.846,,138.93,0.11384,3110,6.846,,158.03,0.11932,3392,6.846,,178.84,0.12479,3687.5,6.846,,201.42,0.13027,3997.7,6.846,,225.87,0.13575,4322.7,6.846,,252.26,0.1412,4662.5,6.846,,280.68,0.14668,5015.3,6.846,,295.66,0.1494,5197.8,6.846,,266.19,0.14394,4836.9,6.846,,,,,
141.61,0.12243,3140.6,6.9601,,139.77,0.11976,3130.1,6.9601,,129.05,0.11657,2948.5,6.9601,,128.9,0.11168,2961.9,6.9601,,128.86,0.11075,2959.1,6.9601,,147.36,0.11632,3235,6.9601,,167.58,0.12188,3529.4,6.9601,,189.58,0.12745,3836.5,6.9601,,213.45,0.13301,4159.1,6.9601,,239.31,0.13858,4496.9,6.9601,,267.21,0.14412,4849.4,6.9601,,297.26,0.14968,5217.3,6.9601,,313.12,0.15246,5408.2,6.9601,,281.96,0.1469,5031.1,6.9601,,,,,
149.81,0.12476,3263,7.0742,,147.89,0.12208,3237.5,7.0742,,136.74,0.11882,3061.1,7.0742,,136.61,0.11409,3078,7.0742,,136.58,0.11313,3074.8,7.0742,,156.13,0.11879,3364.3,7.0742,,177.48,0.12444,3668.7,7.0742,,200.74,0.1301,3988.5,7.0742,,225.97,0.13576,4324.2,7.0742,,253.29,0.14141,4675.6,7.0742,,282.77,0.14704,5041,7.0742,,314.52,0.1527,5424.9,7.0742,,331.28,0.15551,5623.4,7.0742,,298.34,0.14987,5230.5,7.0742,,,,,
158.33,0.12723,3385.9,7.1883,,156.53,0.12446,3354.1,7.1883,,144.73,0.12098,3181.6,7.1883,,144.64,0.11648,3197.2,7.1883,,144.59,0.11551,3194.3,7.1883,,165.25,0.12126,3496.3,7.1883,,187.8,0.12701,3812.2,7.1883,,212.34,0.13276,4144.4,7.1883,,238.97,0.1385,4492.7,7.1883,,267.82,0.14424,4856.8,7.1883,,298.92,0.14996,5237.5,7.1883,,332.45,0.1557,5637.2,7.1883,,350.15,0.15857,5843.6,7.1883,,315.38,0.15283,5435.2,7.1883,,,,,
167.12,0.12966,3515.4,7.3024,,165.09,0.12702,3464.5,7.3024,,153.03,0.12315,3305.9,7.3024,,152.97,0.11886,3320.1,7.3024,,152.94,0.1179,3317.3,7.3024,,174.72,0.12373,3630.1,7.3024,,198.5,0.12958,3958.2,7.3024,,224.39,0.13542,4303.7,7.3024,,252.48,0.14124,4665.6,7.3024,,282.9,0.14707,5042.7,7.3024,,315.71,0.15288,5439.3,7.3024,,351.08,0.15871,5854.4,7.3024,,369.74,0.16161,6067.1,7.3024,,333.07,0.1558,5644.5,7.3024,,,,,
176.35,0.13218,3645.9,7.4165,,174.28,0.1293,3595.1,7.4165,,161.67,0.12529,3435.4,7.4165,,161.61,0.12125,3442.5,7.4165,,161.59,0.12028,3443.7,7.4165,,184.54,0.1262,3767.3,7.4165,,209.61,0.13214,4108.1,7.4165,,236.9,0.13807,4465.7,7.4165,,266.51,0.14398,4840.9,7.4165,,298.55,0.1499,5233,7.4165,,333.13,0.1558,5645.4,7.4165,,370.42,0.16172,6074.8,7.4165,,390.09,0.16466,6298.1,7.4165,,351.44,0.15876,5858.6,7.4165,,,,,
185.88,0.13457,3778.2,7.5306,,183.59,0.13173,3722.6,7.5306,,170.63,0.12746,3567,7.5306,,170.57,0.12364,3567.4,7.5306,,170.57,0.12266,3571.8,7.5306,,194.75,0.12868,3907.3,7.5306,,221.14,0.13471,4261,7.5306,,249.87,0.14072,4632.6,7.5306,,281.04,0.14672,5020,7.5306,,314.79,0.15273,5428.3,7.5306,,351.23,0.15872,5856.2,7.5306,,390.48,0.16472,6302.5,7.5306,,411.19,0.1677,6535.2,7.5306,,370.49,0.16172,6075.7,7.5306,,,,,
195.68,0.13703,3909.9,7.6447,,193.33,0.13427,3860.4,7.6447,,179.94,0.12968,3701,7.6447,,179.86,0.12602,3698.3,7.6447,,179.88,0.12504,3702.2,7.6447,,205.31,0.13115,4050.4,7.6447,,233.09,0.13727,4416.5,7.6447,,263.32,0.14337,4801.5,7.6447,,296.11,0.14946,5203.6,7.6447,,331.63,0.15555,5627.7,7.6447,,369.98,0.16163,6069.8,7.6447,,411.27,0.16771,6536.2,7.6447,,433.11,0.17075,6777,7.6447,,390.24,0.16467,6299.9,7.6447,,,,,
205.96,0.13946,4047.4,7.7588,,203.08,0.13584,3988.6,7.7588,,189.57,0.13191,3833.7,7.7588,,189.5,0.12841,3835,7.7588,,189.53,0.12742,3836,7.7588,,216.27,0.13363,4196.7,7.7588,,245.47,0.13983,4576.6,7.7588,,277.26,0.14601,4973.4,7.7588,,311.74,0.1522,5392,7.7588,,349.09,0.15838,5831.5,7.7588,,389.4,0.16454,6290.5,7.7588,,432.86,0.17071,6774.4,7.7588,,455.81,0.17379,7023.9,7.7588,,410.71,0.16762,6530,7.7588,,,,,
216.53,0.1418,4181.1,7.8729,,213.37,0.13825,4116.2,7.8729,,199.55,0.13413,3966.8,7.8729,,199.5,0.1308,3974.1,7.8729,,199.52,0.12981,3972.1,7.8729,,227.62,0.1361,4345.6,7.8729,,258.3,0.14239,4738.8,7.8729,,291.68,0.14866,5149.8,7.8729,,327.93,0.15493,5584.3,7.8729,,367.17,0.16121,6038,7.8729,,409.52,0.16745,6516.7,7.8729,,455.21,0.17371,7017.5,7.8729,,479.36,0.17684,7276.7,7.8729,,431.95,0.17058,6764.4,7.8729,,,,,
227.53,0.14332,4318.4,7.987,,224.19,0.14067,4254.4,7.987,,209.87,0.13636,4103.2,7.987,,209.86,0.13318,4114.5,7.987,,209.86,0.13219,4111.5,7.987,,239.36,0.13857,4497.8,7.987,,271.57,0.14494,4903.4,7.987,,306.62,0.1513,5330.5,7.987,,344.68,0.15767,5780.4,7.987,,385.88,0.16403,6250.8,7.987,,430.38,0.17035,6747.3,7.987,,478.38,0.17671,7266.3,7.987,,503.72,0.17988,7534.4,7.987,,453.93,0.17353,7003.6,7.987,,,,,
238.77,0.14577,4460.1,8.1011,,235.32,0.143,4388.9,8.1011,,220.54,0.1386,4239.8,8.1011,,220.57,0.13555,4256.5,8.1011,,220.56,0.13457,4253.5,8.1011,,251.51,0.14104,4653.4,8.1011,,285.31,0.1475,5072.3,8.1011,,322.09,0.15395,5515.2,8.1011,,362.03,0.16041,5979.9,8.1011,,405.23,0.16684,6468.8,8.1011,,451.96,0.17326,6982.3,8.1011,,502.35,0.17971,7519.9,8.1011,,528.94,0.18294,7796.6,8.1011,,476.68,0.17648,7248.3,8.1011,,,,,
250.28,0.14821,4604.1,8.2152,,246.73,0.1454,4524.7,8.2152,,231.57,0.14094,4377.6,8.2152,,231.66,0.13793,4400.2,8.2152,,231.63,0.13695,4397.7,8.2152,,264.08,0.14351,4811.1,8.2152,,299.51,0.15006,5244.9,8.2152,,338.08,0.1566,5703.5,8.2152,,379.96,0.16314,6183.6,8.2152,,425.28,0.16966,6691.4,8.2152,,474.3,0.17617,7222.8,8.2152,,527.14,0.18272,7778,8.2152,,555.05,0.18599,8066.3,8.2152,,500.23,0.17944,7497.8,8.2152,,,,,
262.26,0.15065,4759.5,8.3293,,258.55,0.14769,4662.6,8.3293,,242.94,0.14326,4520.7,8.3293,,243.1,0.14031,4544.6,8.3293,,243.06,0.13933,4545.7,8.3293,,277.07,0.14597,4971.2,8.3293,,314.19,0.15261,5421.4,8.3293,,354.61,0.15924,5895.4,8.3293,,398.48,0.16586,6392.9,8.3293,,446.02,0.17247,6917.9,8.3293,,497.4,0.17908,7468.1,8.3293,,552.79,0.18573,8043.1,8.3293,,582.04,0.18904,8342.6,8.3293,,524.57,0.18241,7751.4,8.3293,,,,,
274.73,0.15309,4917,8.4434,,270.82,0.15012,4810.4,8.4434,,254.71,0.14561,4675.8,8.4434,,254.92,0.1427,4694.7,8.4434,,254.89,0.14171,4696.1,8.4434,,290.49,0.14844,5135.5,8.4434,,329.36,0.15516,5601.3,8.4434,,371.7,0.16189,6089.6,8.4434,,417.64,0.16859,6607.3,8.4434,,467.45,0.17529,7149.5,8.4434,,521.26,0.182,7717.1,8.4434,,579.3,0.18874,8314.8,8.4434,,609.96,0.1921,8623.4,8.4434,,549.73,0.18537,8011.8,8.4434,,,,,
287.44,0.15536,5078,8.5575,,283.2,0.15253,4954.3,8.5575,,266.89,0.14795,4838.6,8.5575,,267.12,0.14509,4845.8,8.5575,,267.08,0.14408,4848.3,8.5575,,304.34,0.1509,5303.2,8.5575,,345.03,0.15772,5784.5,8.5575,,389.33,0.16452,6289.9,8.5575,,437.44,0.17131,6824.5,8.5575,,489.58,0.17811,7385.6,8.5575,,545.92,0.18492,7972.4,8.5575,,606.7,0.19175,8590.8,8.5575,,638.81,0.19516,8910,8.5575,,575.73,0.18833,8278.6,8.5575,,,,,
300.7,0.1578,5232.1,8.6716,,296.03,0.15494,5102.9,8.6716,,279.48,0.1503,4999.1,8.6716,,279.72,0.14749,4999.9,8.6716,,279.69,0.14646,5003.7,8.6716,,318.65,0.15336,5474.6,8.6716,,361.22,0.16027,5970.9,8.6716,,407.54,0.16716,6494.7,8.6716,,457.89,0.17404,7046.6,8.6716,,512.44,0.18094,7625.8,8.6716,,571.4,0.18784,8234.5,8.6716,,635,0.19476,8872.3,8.6716,,668.6,0.19821,9203.7,8.6716,,602.61,0.1913,8549.9,8.6716,,,,,
314.31,0.16013,5393.6,8.7857,,309.32,0.15734,5253.4,8.7857,,292.47,0.15266,5159.9,8.7857,,292.71,0.1499,5159.2,8.7857,,292.69,0.14883,5162.2,8.7857,,333.41,0.15583,5649,8.7857,,377.9,0.16282,6160.4,8.7857,,426.36,0.16979,6703.3,8.7857,,479,0.17677,7273.3,8.7857,,536.04,0.18376,7870.2,8.7857,,597.71,0.19075,8500.7,8.7857,,664.23,0.19777,9160.6,8.7857,,699.37,0.20126,9504.4,8.7857,,630.34,0.19426,8826.1,8.7857,,,,,
328.22,0.1624,5557.2,8.8998,,322.93,0.15979,5409.1,8.8998,,305.86,0.15501,5321.6,8.8998,,306.12,0.15231,5322.9,8.8998,,306.08,0.1512,5324.4,8.8998,,348.65,0.15829,5826.7,8.8998,,395.13,0.16537,6355.2,8.8998,,445.76,0.17242,6915.2,8.8998,,500.79,0.1795,7503.8,8.8998,,560.4,0.18659,8121.6,8.8998,,624.86,0.19367,8771.9,8.8998,,694.4,0.20078,9456.2,8.8998,,731.17,0.20432,9808.8,8.8998,,658.96,0.19722,9109,8.8998,,,,,
342.63,0.16473,5727.6,9.0139,,336.82,0.16218,5564.9,9.0139,,319.68,0.15734,5486.2,9.0139,,319.96,0.15472,5491.6,9.0139,,319.92,0.15357,5489.7,9.0139,,364.36,0.16075,6006.6,9.0139,,412.88,0.16791,6554.4,9.0139,,465.78,0.17506,7131.7,9.0139,,523.25,0.18223,7737.9,9.0139,,585.53,0.18942,8378.1,9.0139,,652.86,0.19659,9048.9,9.0139,,725.54,0.20379,9755.3,9.0139,,763.95,0.20738,10121,9.0139,,688.51,0.20019,9399,9.0139,,,,,
357.71,0.1671,5902.2,9.128,,351.38,0.16462,5726,9.128,,333.91,0.15968,5653.1,9.128,,334.22,0.15713,5660.8,9.128,,334.17,0.15595,5657.9,9.128,,380.55,0.16321,6190.6,9.128,,431.2,0.17045,6756.7,9.128,,486.42,0.1777,7352.2,9.128,,546.4,0.18497,7977.6,9.128,,611.45,0.19225,8638.5,9.128,,681.74,0.19951,9333,9.128,,757.66,0.2068,10062,9.128,,797.79,0.21044,10439,9.128,,719,0.20315,9692.7,9.128,,,,,
372.85,0.1694,6077,9.2421,,366.28,0.16711,5896,9.2421,,348.58,0.16206,5821.9,9.2421,,348.92,0.15954,5832,9.2421,,348.86,0.15832,5829.1,9.2421,,397.21,0.16566,6378.8,9.2421,,450.08,0.173,6962.4,9.2421,,507.7,0.18035,7576.5,9.2421,,570.28,0.1877,8223.3,9.2421,,638.16,0.19507,8903.8,9.2421,,711.56,0.20243,9621.6,9.2421,,790.79,0.20981,10374,9.2421,,832.66,0.2135,10763,9.2421,,750.43,0.20612,9993.1,9.2421,,,,,
388.68,0.17173,6255.1,9.3562,,381.51,0.16951,6060.7,9.3562,,363.67,0.16443,5991.4,9.3562,,364.05,0.16195,6004.8,9.3562,,363.99,0.16069,6002.4,9.3562,,414.39,0.16812,6571.5,9.3562,,469.54,0.17555,7172.2,9.3562,,529.61,0.18299,7803.9,9.3562,,594.89,0.19044,8472.5,9.3562,,665.69,0.1979,9175.2,9.3562,,742.26,0.20535,9915.4,9.3562,,824.94,0.21283,10692,9.3562,,868.61,0.21656,11094,9.3562,,782.82,0.20909,10299,9.3562,,,,,
404.95,0.17404,6436.1,9.4703,,397.37,0.17187,6229.2,9.4703,,379.21,0.16689,6169.7,9.4703,,379.62,0.16436,6179.4,9.4703,,379.55,0.16306,6179.3,9.4703,,432.11,0.17057,6766.6,9.4703,,489.57,0.1781,7385.7,9.4703,,552.18,0.18563,8037.3,9.4703,,620.25,0.19318,8726.3,9.4703,,694.06,0.20073,9453.1,9.4703,,773.91,0.20827,10215,9.4703,,860.11,0.21584,11015,9.4703,,905.68,0.21962,11431,9.4703,,816.2,0.21206,10611,9.4703,,,,,
421.72,0.17636,6623,9.5844,,413.47,0.17431,6396.5,9.5844,,395.2,0.16938,6353.1,9.5844,,395.66,0.16678,6360.4,9.5844,,395.58,0.16542,6360.4,9.5844,,450.33,0.17302,6965,9.5844,,510.2,0.18065,7602.7,9.5844,,575.43,0.18828,8275.9,9.5844,,646.35,0.19592,8984.9,9.5844,,723.28,0.20356,9733.8,9.5844,,806.51,0.2112,10521,9.5844,,896.34,0.21886,11346,9.5844,,943.85,0.22268,11776,9.5844,,850.57,0.21503,10928,9.5844,,,,,
438.91,0.17867,6817.4,9.6985,,430.25,0.17661,6572.6,9.6985,,411.66,0.17184,6537.4,9.6985,,412.15,0.16919,6545.1,9.6985,,412.06,0.16778,6545.4,9.6985,,469.1,0.17548,7167.5,9.6985,,531.42,0.1832,7822.7,9.6985,,599.37,0.19093,8517.6,9.6985,,673.22,0.19865,9249.5,9.6985,,753.38,0.20639,10021,9.6985,,840.06,0.21412,10831,9.6985,,933.66,0.22187,11685,9.6985,,983.15,0.22574,12126,9.6985,,885.98,0.218,11252,9.6985,,,,,
456.66,0.181,7011.8,9.8126,,447.3,0.17903,6751.9,9.8126,,428.6,0.17429,6723,9.8126,,429.12,0.17161,6731.1,9.8126,,429.04,0.17015,6733.1,9.8126,,488.39,0.17794,7373.2,9.8126,,553.25,0.18575,8048.3,9.8126,,623.99,0.19357,8763.6,9.8126,,700.9,0.20139,9519.4,9.8126,,784.32,0.20922,10313,9.8126,,874.62,0.21705,11149,9.8126,,972.08,0.22489,12027,9.8126,,1023.6,0.22879,12483,9.8126,,922.43,0.22097,11583,9.8126,,,,,
475.01,0.18328,7215.7,9.9267,,464.96,0.1814,6940.2,9.9267,,446.02,0.17675,6915.9,9.9267,,446.58,0.17403,6920.9,9.9267,,446.49,0.17251,6923.5,9.9267,,508.23,0.1804,7582.1,9.9267,,575.73,0.18831,8279,9.9267,,649.32,0.19622,9014.2,9.9267,,729.36,0.20413,9792,9.9267,,816.2,0.21206,10611,9.9267,,910.15,0.21997,11472,9.9267,,1011.6,0.2279,12377,9.9267,,1065.3,0.23185,12848,9.9267,,959.92,0.22393,11920,9.9267,,,,,
493.7,0.18555,7418.2,10.041,,482.82,0.18381,7127.5,10.041,,463.93,0.17921,7109.9,10.041,,464.53,0.17644,7116,10.041,,464.45,0.17488,7117.5,10.041,,528.64,0.18287,7794,10.041,,598.84,0.19087,8512.3,10.041,,675.37,0.19886,9270.7,10.041,,758.64,0.20687,10071,10.041,,848.97,0.21489,10913,10.041,,946.73,0.22289,11802,10.041,,1052.3,0.23091,12734,10.041,,1108.1,0.2349,13218,10.041,,998.5,0.2269,12262,10.041,,,,,
513.01,0.18781,7627.4,10.155,,501.27,0.18618,7315,10.155,,482.34,0.18168,7305.4,10.155,,482.98,0.17885,7314.7,10.155,,482.89,0.17724,7314.9,10.155,,549.61,0.18533,8011,10.155,,622.59,0.19342,8749.7,10.155,,702.17,0.20151,9531.7,10.155,,788.75,0.20961,10355,10.155,,882.68,0.21772,11222,10.155,,984.33,0.22581,12136,10.155,,1094.1,0.23392,13098,10.155,,1152.2,0.23795,13595,10.155,,1038.2,0.22987,12611,10.155,,,,,
532.9,0.19005,7849.7,10.269,,520.27,0.18855,7504.9,10.269,,501.26,0.18415,7508.4,10.269,,501.94,0.18125,7515.2,10.269,,501.85,0.17961,7515.3,10.269,,571.17,0.18779,8232.4,10.269,,647,0.19598,8991.4,10.269,,729.71,0.20416,9795.4,10.269,,819.69,0.21235,10644,10.269,,917.33,0.22055,11537,10.269,,1023,0.22873,12478,10.269,,1137.2,0.23692,13466,10.269,,1197.5,0.241,13982,10.269,,1079,0.23283,12967,10.269,,,,,
553.25,0.1923,8061.3,10.383,,539.46,0.19079,7697.1,10.383,,520.7,0.18662,7713.2,10.383,,521.41,0.18367,7718.6,10.383,,521.32,0.18199,7718.3,10.383,,593.33,0.19025,8456.9,10.383,,672.07,0.19853,9238.3,10.383,,758.01,0.20681,10066,10.383,,851.5,0.21509,10937,10.383,,952.94,0.22338,11858,10.383,,1062.8,0.23165,12826,10.383,,1181.4,0.23992,13844,10.383,,1244.1,0.24405,14375,10.383,,1120.9,0.23579,13327,10.383,,,,,
574.25,0.19454,8280.2,10.497,,559.21,0.19317,7894.9,10.497,,540.64,0.18909,7919.8,10.497,,541.4,0.18606,7926.6,10.497,,541.31,0.18436,7925.2,10.497,,616.07,0.19272,8684.9,10.497,,697.85,0.20108,9490.1,10.497,,787.09,0.20946,10339,10.497,,884.17,0.21783,11236,10.497,,989.54,0.22621,12182,10.497,,1103.6,0.23457,13179,10.497,,1226.8,0.24292,14230,10.497,,1292,0.24709,14772,10.497,,1164,0.23874,13697,10.497,,,,,
595.67,0.19679,8506.8,10.611,,579.68,0.19557,8095.4,10.611,,561.12,0.19155,8129.2,10.611,,561.94,0.18846,8139.5,10.611,,561.84,0.18673,8136.9,10.611,,639.43,0.19518,8916.7,10.611,,724.32,0.20364,9744.1,10.611,,816.95,0.21211,10618,10.611,,917.74,0.22058,11541,10.611,,1027.1,0.22904,12514,10.611,,1145.6,0.23748,13538,10.611,,1273.6,0.24592,14619,10.611,,1341.3,0.25013,15178,10.611,,1208.3,0.2417,14074,10.611,,,,,
617.72,0.19907,8737.5,10.725,,600.63,0.19797,8297.5,10.725,,582.13,0.194,8340.2,10.725,,583.01,0.19085,8352.9,10.725,,582.92,0.1891,8352.1,10.725,,663.39,0.19765,9152.9,10.725,,751.5,0.2062,10004,10.725,,847.62,0.21476,10901,10.725,,952.2,0.22332,11851,10.725,,1065.7,0.23187,12852,10.725,,1188.7,0.24039,13907,10.725,,1321.5,0.24892,15015,10.725,,1391.8,0.25316,15593,10.725,,1253.8,0.24466,14456,10.725,,,,,
640.41,0.20135,8972.1,10.84,,622.12,0.20037,8503.5,10.84,,603.69,0.19645,8552.6,10.84,,604.64,0.19324,8569.4,10.84,,604.55,0.19147,8569.9,10.84,,688.02,0.20011,9394.6,10.84,,779.39,0.20876,10267,10.84,,879.09,0.21741,11190,10.84,,987.59,0.22606,12165,10.84,,1105.4,0.2347,13194,10.84,,1232.9,0.2433,14281,10.84,,1370.8,0.2519,15421,10.84,,1443.7,0.25618,16014,10.84,,1300.5,0.24761,14842,10.84,,,,,
663.73,0.20364,9209.8,10.954,,644.14,0.20274,8718.7,10.954,,625.8,0.19889,8771.4,10.954,,626.83,0.19564,8793.3,10.954,,626.74,0.19385,8791.1,10.954,,713.28,0.20258,9638.5,10.954,,807.99,0.21132,10535,10.954,,911.38,0.22006,11483,10.954,,1023.9,0.2288,12486,10.954,,1146.1,0.23752,13543,10.954,,1278.4,0.24621,14659,10.954,,1421.4,0.25489,15833,10.954,,1497,0.25924,16442,10.954,,1348.5,0.25056,15237,10.954,,,,,
687.58,0.20591,9448.2,11.068,,666.87,0.20517,8943.1,11.068,,648.48,0.20135,8997.6,11.068,,649.59,0.19804,9018.8,11.068,,649.49,0.19622,9016.2,11.068,,739.19,0.20504,9886.6,11.068,,837.38,0.21388,10807,11.068,,944.54,0.22271,11783,11.068,,1061.2,0.23153,12813,11.068,,1187.8,0.24033,13899,11.068,,1325,0.24911,15044,11.068,,1473.3,0.25789,16251,11.068,,1551.7,0.26229,16878,11.068,,1397.7,0.25349,15641,11.068,,,,,
712.18,0.20822,9694.4,11.182,,690.07,0.20754,9177.7,11.182,,671.75,0.20381,9231.3,11.182,,672.93,0.20044,9247.7,11.182,,672.82,0.19859,9246,11.182,,765.77,0.20751,10139,11.182,,867.49,0.21644,11084,11.182,,978.53,0.22536,12085,11.182,,1099.4,0.23427,13143,11.182,,1230.7,0.24316,14262,11.182,,1372.8,0.25201,15438,11.182,,1526.6,0.26089,16678,11.182,,1607.9,0.26533,17318,11.182,,1448.2,0.25644,16050,11.182,,,,,
737.36,0.21046,9940.3,11.296,,713.88,0.20996,9416.9,11.296,,695.6,0.20627,9469.1,11.296,,696.85,0.20285,9478.9,11.296,,696.76,0.20097,9479.5,11.296,,793.01,0.20998,10395,11.296,,898.38,0.219,11365,11.296,,1013.4,0.228,12393,11.296,,1138.6,0.237,13479,11.296,,1274.6,0.24598,14628,11.296,,1421.9,0.2549,15838,11.296,,1581.2,0.2639,17110,11.296,,1665.5,0.26836,17763,11.296,,1500,0.2594,16466,11.296,,,,,
763.01,0.21277,10189,11.41,,738.26,0.21239,9661.7,11.41,,720.07,0.20874,9711.3,11.41,,721.37,0.20525,9715.4,11.41,,721.3,0.20334,9715.4,11.41,,820.95,0.21245,10655,11.41,,930.04,0.22156,11653,11.41,,1049.1,0.23065,12707,11.41,,1178.8,0.23972,13823,11.41,,1319.7,0.24879,15000,11.41,,1472.3,0.25781,16243,11.41,,1637.2,0.26688,17545,11.41,,1724.5,0.27137,18211,11.41,,1553.2,0.26236,16889,11.41,,,,,
763.02,0.21277,10189,12.41,,738.26,0.21239,9661.7,12.41,,720.07,0.20874,9711.3,12.41,,721.37,0.20525,9715.3,12.41,,721.3,0.20334,9715.4,12.41,,820.94,0.21245,10655,12.41,,930.04,0.22155,11653,12.41,,1049.1,0.23065,12707,12.41,,1178.8,0.23972,13823,12.41,,1319.7,0.24879,15000,12.41,,1472.3,0.25781,16243,12.41,,1637.3,0.26688,17546,12.41,,1724.5,0.27137,18210,12.41,,1553.2,0.26236,16889,12.41,,,,,
763.02,0.21277,10189,13.41,,738.26,0.21239,9661.7,13.41,,720.07,0.20874,9711.2,13.41,,721.37,0.20525,9715.3,13.41,,721.3,0.20334,9715.4,13.41,,820.94,0.21245,10655,13.41,,930.04,0.22155,11653,13.41,,1049.1,0.23065,12707,13.41,,1178.8,0.23972,13823,13.41,,1319.7,0.24879,15000,13.41,,1472.3,0.25781,16243,13.41,,1637.3,0.26689,17546,13.41,,1724.5,0.27137,18210,13.41,,1553.2,0.26236,16889,13.41,,,,,
763.02,0.21277,10189,14.91,,738.26,0.21239,9661.7,14.91,,720.07,0.20874,9711.3,14.91,,721.37,0.20525,9715.3,14.91,,721.3,0.20334,9715.4,14.91,,820.94,0.21245,10655,14.91,,930.04,0.22155,11653,14.91,,1049.1,0.23065,12707,14.91,,1178.8,0.23972,13823,14.91,,1319.7,0.24879,15000,14.91,,1472.3,0.25781,16243,14.91,,1637.3,0.26689,17546,14.91,,1724.5,0.27137,18210,14.91,,1553.2,0.26236,16889,14.91,,,,,
763.02,0.21277,10189,16.41,,738.26,0.21239,9661.7,16.41,,720.07,0.20874,9711.3,16.41,,721.37,0.20525,9715.3,16.41,,721.3,0.20334,9715.4,16.41,,820.94,0.21245,10655,16.41,,930.04,0.22155,11653,16.41,,1049.1,0.23065,12707,16.41,,1178.8,0.23972,13823,16.41,,1319.7,0.24879,15000,16.41,,1472.3,0.25781,16243,16.41,,1637.3,0.26689,17546,16.41,,1724.5,0.27137,18210,16.41,,1553.2,0.26236,16889,16.41,,,,,
473.34,0.17886,3915.7,18.41,,463.69,0.17695,3783.6,18.41,,448.3,0.17265,3579.7,18.41,,449.93,0.16954,3569.7,18.41,,681.35,0.19981,8984.6,16.61,,775.23,0.20876,9845.7,16.61,,877.98,0.21772,10756,16.61,,990.11,0.22667,11721,16.61,,1112.2,0.2356,12739,16.61,,1244.7,0.24452,13816,16.61,,1388.2,0.2534,14948,16.61,,1543.4,0.26233,16139,16.61,,1625.5,0.26677,16755,16.61,,1464.3,0.25786,15536,16.61,,,,,
396.39,0.14212,414.02,20.41,,390.05,0.14213,404.2,20.41,,382.54,0.13733,335,20.41,,385.22,0.1338,273,20.41,,644.57,0.19629,8278.2,16.81,,733.15,0.20507,9063,16.81,,830.1,0.21388,9892.2,16.81,,935.87,0.22268,10769,16.81,,1050.9,0.23147,11695,16.81,,1175.9,0.24024,12670,16.81,,1311.2,0.249,13700,16.81,,1457.4,0.25775,14780,16.81,,1534.8,0.26214,15339,16.81,,1382.9,0.25337,14233,16.81,,,,,
395.67,0.13061,2.09E-08,23.41,,389.46,0.12984,5.62E-08,23.41,,382.19,0.12693,0.00000172,23.41,,385.13,0.12607,0.0000345,21.46,,610.82,0.19276,7595.4,17.01,,694.58,0.20139,8305.3,17.01,,786.24,0.21004,9057.7,17.01,,886.24,0.21869,9850.8,17.01,,995.02,0.22733,10687,17.01,,1113.1,0.23597,11569,17.01,,1240.9,0.24458,12496,17.01,,1379.1,0.25319,13471,17.01,,1452.1,0.25748,13975,17.01,,1308.7,0.24889,12978,17.01,,,,,
395.67,0.13061,0.000017,26.41,,389.46,0.12984,0.0000256,26.41,,382.19,0.12692,0.0000225,26.41,,385.13,0.12607,0.00000984,22.51,,579.97,0.18923,6940,17.21,,659.4,0.19771,7578.1,17.21,,746.28,0.2062,8254.4,17.21,,841.06,0.2147,8968.6,17.21,,944.15,0.22319,9720.6,17.21,,1056,0.23169,10512,17.21,,1177.1,0.24015,11343,17.21,,1308,0.24863,12216,17.21,,1377.2,0.25285,12669,17.21,,1241.3,0.24439,11775,17.21,,,,,
,,,,,,,,,,,,,,,385.13,0.12607,1.08E-09,24.085,,551.95,0.1857,6310,17.41,,627.47,0.19403,6880.2,17.41,,710.05,0.20237,7485.5,17.41,,800.15,0.21071,8123.2,17.41,,898.14,0.21905,8795.1,17.41,,1004.5,0.22739,9500.4,17.41,,1119.6,0.23572,10241,17.41,,1243.9,0.24406,11018,17.41,,1309.7,0.24821,11420,17.41,,1180.5,0.23989,10626,17.41,,,,,
,,,,,,,,,,,,,,,385.13,0.12607,8.54E-10,26.41,,526.62,0.18217,5700,17.61,,598.65,0.19035,6213.4,17.61,,677.43,0.19854,6750.3,17.61,,763.33,0.20671,7316.3,17.61,,856.78,0.21491,7911.3,17.61,,958.2,0.2231,8535.9,17.61,,1067.9,0.23128,9190.8,17.61,,1186.5,0.23948,9876.9,17.61,,1249.3,0.24356,10232,17.61,,1126.1,0.23539,9529.6,17.61,,,,,
,,,,,,,,,,,,,,,,,,,,503.88,0.17865,5120,17.81,,572.81,0.18667,5576.3,17.81,,648.2,0.1947,6050.9,17.81,,730.43,0.20273,6548.1,17.81,,819.85,0.21076,7070.8,17.81,,916.92,0.21881,7618.8,17.81,,1022,0.22684,8194.2,17.81,,1135.5,0.23489,8794,17.81,,1195.6,0.2389,9104.5,17.81,,1077.6,0.23087,8490.7,17.81,,,,,
,,,,,,,,,,,,,,,,,,,,483.6,0.17512,4576.1,18.01,,549.82,0.18299,4970.6,18.01,,622.23,0.19086,5385.1,18.01,,701.23,0.19874,5820.2,18.01,,787.15,0.20662,6274.5,18.01,,880.43,0.21451,6750.2,18.01,,981.38,0.22239,7249.1,18.01,,1090.5,0.2303,7770.1,18.01,,1148.3,0.23424,8039.2,18.01,,1034.9,0.22635,7506.3,18.01,,,,,
,,,,,,,,,,,,,,,,,,,,465.65,0.1716,4054.8,18.21,,529.5,0.1793,4397.4,18.21,,599.35,0.18703,4755.6,18.21,,675.55,0.19476,5130.4,18.21,,758.44,0.20248,5522.9,18.21,,848.44,0.21022,5931.6,18.21,,945.87,0.21794,6359.1,18.21,,1051.2,0.22571,6804.2,18.21,,1107,0.22957,7034.9,18.21,,997.52,0.22182,6579.8,18.21,,,,,
,,,,,,,,,,,,,,,,,,,,449.93,0.16808,3562.4,18.41,,511.73,0.17562,3855.1,18.41,,579.36,0.18319,4161.7,18.41,,653.17,0.19077,4481.7,18.41,,733.49,0.19834,4814.5,18.41,,820.71,0.20593,5161.4,18.41,,915.13,0.2135,5524.1,18.41,,1017.3,0.2211,5900.7,18.41,,1071.3,0.2249,6094.4,18.41,,965.2,0.2173,5709.9,18.41,,,,,
,,,,,,,,,,,,,,,,,,,,436.28,0.16454,3098.3,18.61,,496.35,0.17195,3346.1,18.61,,562.12,0.17936,3604,18.61,,633.91,0.18678,3872.2,18.61,,712.05,0.1942,4151.9,18.61,,796.94,0.20164,4441.9,18.61,,888.88,0.20906,4743.3,18.61,,988.31,0.21651,5056,18.61,,1041,0.22023,5217.2,18.61,,937.62,0.21279,4898.1,18.61,,,,,
,,,,,,,,,,,,,,,,,,,,424.59,0.161,2662.4,18.81,,483.22,0.16826,2868.5,18.81,,547.42,0.17552,3082.6,18.81,,617.55,0.18279,3304,18.81,,693.9,0.19006,3533.6,18.81,,776.88,0.19735,3771.5,18.81,,866.76,0.20462,4018.5,18.81,,964.03,0.21192,4272.7,18.81,,1015.5,0.21556,4403.2,18.81,,914.43,0.20827,4145,18.81,,,,,
,,,,,,,,,,,,,,,,,,,,414.74,0.15746,2256,19.01,,472.18,0.16457,2423.2,19.01,,535.12,0.17169,2596.5,19.01,,603.88,0.1788,2775.7,19.01,,678.79,0.18592,2960.7,19.01,,760.22,0.19305,3151.6,19.01,,848.46,0.20018,3347.6,19.01,,944,0.20733,3550.5,19.01,,994.61,0.21089,3654.3,19.01,,895.28,0.20375,3448.3,19.01,,,,,
,,,,,,,,,,,,,,,,,,,,406.57,0.15392,1879.5,19.21,,463.08,0.16088,2011.5,19.21,,525.01,0.16785,2148.2,19.21,,592.71,0.17481,2287.9,19.21,,666.48,0.18178,2432.4,19.21,,746.71,0.18876,2580.9,19.21,,833.69,0.19573,2732.8,19.21,,927.89,0.20273,2888.6,19.21,,977.81,0.20623,2968.1,19.21,,879.85,0.19923,2810.2,19.21,,,,,
,,,,,,,,,,,,,,,,,,,,399.98,0.15037,1532.3,19.41,,455.76,0.15718,1633.7,19.41,,516.92,0.164,1736.8,19.41,,583.81,0.17082,1842.2,19.41,,656.73,0.17763,1949.9,19.41,,736.07,0.18446,2060.1,19.41,,822.11,0.19128,2172.1,19.41,,915.34,0.19813,2286.8,19.41,,964.75,0.20155,2345.1,19.41,,867.79,0.19471,2229.2,19.41,,,,,
,,,,,,,,,,,,,,,,,,,,394.81,0.14683,1214.7,19.61,,450.06,0.15348,1288.4,19.61,,510.67,0.16015,1362.8,19.61,,576.98,0.16682,1437.9,19.61,,649.29,0.17349,1514.3,19.61,,728,0.18016,1591.1,19.61,,813.4,0.18683,1668.7,19.61,,905.96,0.19353,1747.1,19.61,,955.04,0.19688,1786.7,19.61,,858.75,0.19018,1707.8,19.61,,,,,
,,,,,,,,,,,,,,,,,,,,390.94,0.14327,927.73,19.81,,445.83,0.14978,977.15,19.81,,506.06,0.15629,1026.2,19.81,,571.99,0.16281,1075.4,19.81,,643.92,0.16934,1124.5,19.81,,722.23,0.17586,1173.1,19.81,,807.23,0.18238,1222,19.81,,899.39,0.18893,1270.2,19.81,,948.26,0.1922,1294.1,19.81,,852.38,0.18565,1246.2,19.81,,,,,
,,,,,,,,,,,,,,,,,,,,388.21,0.13972,673.08,20.01,,442.88,0.14608,702.1,20.01,,502.91,0.15244,729.7,20.01,,568.62,0.15881,756.55,20.01,,640.34,0.16518,782.52,20.01,,718.46,0.17156,807.8,20.01,,803.27,0.17793,832.21,20.01,,895.24,0.18434,855.84,20.01,,944.03,0.18753,867.2,20.01,,848.32,0.18113,844.23,20.01,,,,,
,,,,,,,,,,,,,,,,,,,,386.48,0.1362,450.55,20.21,,441.06,0.1424,462.98,20.21,,501,0.14861,474,20.21,,566.64,0.15483,483.5,20.21,,638.3,0.16105,491.91,20.21,,716.37,0.16728,498.83,20.21,,801.14,0.1735,504.44,20.21,,893.11,0.17976,508.8,20.21,,941.89,0.18288,510.46,20.21,,846.19,0.17663,506.76,20.21,,,,,
,,,,,,,,,,,,,,,,,,,,385.58,0.13267,262.54,20.41,,440.16,0.13872,262.01,20.41,,500.11,0.14478,260.17,20.41,,565.78,0.15085,257.06,20.41,,637.48,0.15692,252.59,20.41,,715.61,0.163,246.88,20.41,,800.46,0.16907,239.86,20.41,,892.52,0.17518,231.41,20.41,,941.36,0.17823,226.74,20.41,,845.55,0.17213,235.79,20.41,,,,,
,,,,,,,,,,,,,,,,,,,,385.34,0.12916,111.46,20.61,,439.97,0.13505,103.2,20.61,,499.99,0.14096,93.856,20.61,,565.74,0.14688,83.601,20.61,,637.54,0.15279,72.289,20.61,,715.79,0.15875,60.223,20.61,,800.77,0.16473,47.351,20.61,,892.97,0.17075,34.529,20.61,,941.88,0.17379,28.36,20.61,,845.93,0.16773,40.858,20.61,,,,,
,,,,,,,,,,,,,,,,,,,,385.53,0.12568,5.1458,20.81,,440.21,0.13176,9.5887E-11,20.81,,500.26,0.13804,4.4568E-10,20.81,,566.02,0.14437,1.02E-09,20.81,,637.82,0.15072,1.68E-08,20.81,,716.05,0.15711,7.80E-08,20.81,,801,0.16351,9.57E-08,20.81,,893.15,0.16997,1.18E-07,20.81,,942.04,0.1732,1.35E-07,20.81,,846.13,0.16673,1.02E-07,20.81,,,,,
,,,,,,,,,,,,,,,,,,,,385.55,0.1255,0.00000029,21.01,,440.21,0.13176,3.4743E-07,21.01,,500.26,0.13804,0.000000239,21.01,,566.02,0.14437,1.53E-07,21.01,,637.82,0.15072,8.68E-08,21.01,,716.05,0.15711,4.55E-08,21.01,,801,0.16351,1.80E-08,21.01,,893.15,0.16997,5.49E-09,21.01,,942.04,0.1732,2.58E-09,21.01,,846.13,0.16673,1.07E-08,21.01,,,,,
,,,,,,,,,,,,,,,,,,,,385.55,0.1255,3.45E-10,21.21,,440.21,0.13176,1.3584E-10,21.21,,500.26,0.13804,1.1458E-10,21.21,,566.02,0.14437,9.82E-11,21.21,,637.82,0.15072,8.24E-11,21.21,,716.05,0.15711,2.79E-11,21.21,,801,0.16351,3.13E-11,21.21,,893.15,0.16997,6.31E-11,21.21,,942.04,0.1732,4.40E-11,21.21,,846.13,0.16673,8.20E-11,21.21,,,,,
,,,,,,,,,,,,,,,,,,,,385.55,0.1255,7.94E-11,21.41,,440.21,0.13176,5.6935E-11,21.41,,500.26,0.13804,5.3906E-11,21.41,,566.02,0.14437,5.46E-11,21.41,,637.82,0.15072,4.84E-11,21.41,,716.05,0.15711,4.67E-11,21.41,,801,0.16351,4.36E-11,21.41,,893.15,0.16997,5.57E-11,21.41,,942.04,0.1732,4.88E-11,21.41,,846.13,0.16673,5.45E-11,21.41,,,,,
,,,,,,,,,,,,,,,,,,,,385.55,0.1255,1.96E-11,21.61,,440.21,0.13176,1.8779E-11,21.61,,500.26,0.13804,7.1868E-12,21.61,,566.02,0.14437,3.15E-12,21.61,,637.82,0.15072,3.97E-11,21.61,,716.05,0.15711,2.67E-11,21.61,,801,0.16351,8.23E-12,21.61,,893.15,0.16997,2.41E-11,21.61,,942.04,0.1732,7.91E-11,21.61,,846.13,0.16673,5.97E-11,21.61,,,,,
,,,,,,,,,,,,,,,,,,,,385.55,0.1255,4.54E-11,21.81,,440.21,0.13176,2.3243E-11,21.81,,500.26,0.13804,1.4655E-11,21.81,,566.02,0.14437,9.83E-12,21.81,,637.82,0.15072,1.78E-11,21.81,,716.05,0.15711,4.06E-11,21.81,,801,0.16351,6.41E-11,21.81,,893.15,0.16997,1.45E-11,21.81,,942.04,0.1732,1.60E-11,21.81,,846.13,0.16673,7.91E-12,21.81,,,,,
,,,,,,,,,,,,,,,,,,,,385.55,0.1255,2.9E-11,22.01,,440.21,0.13176,8.3619E-12,22.01,,500.26,0.13804,1.4454E-11,22.01,,566.02,0.14437,4.65E-11,22.01,,637.82,0.15072,1.46E-12,22.01,,716.05,0.15711,2.31E-11,22.01,,801,0.16351,4.55E-12,22.01,,893.15,0.16997,9.45E-12,22.01,,942.04,0.1732,3.91E-11,22.01,,846.13,0.16673,2.93E-11,22.01,,,,,
,,,,,,,,,,,,,,,,,,,,385.55,0.1255,2.42E-11,22.21,,440.21,0.13176,1.5929E-11,22.21,,500.26,0.13804,2.1143E-11,22.21,,566.02,0.14437,2.40E-11,22.21,,637.82,0.15072,5.86E-12,22.21,,716.05,0.15711,5.50E-12,22.21,,801,0.16351,3.38E-12,22.21,,893.15,0.16997,2.08E-11,22.21,,942.04,0.1732,2.24E-11,22.21,,846.13,0.16673,6.79E-11,22.21,,,,,
,,,,,,,,,,,,,,,,,,,,385.55,0.1255,6.19E-11,22.41,,440.21,0.13176,3.0542E-11,22.41,,500.26,0.13804,3.8592E-11,22.41,,566.02,0.14437,7.01E-12,22.41,,637.82,0.15072,3.68E-12,22.41,,716.05,0.15711,2.88E-11,22.41,,801,0.16351,5.41E-11,22.41,,893.15,0.16997,8.86E-11,22.41,,942.04,0.1732,1.44E-11,22.41,,846.13,0.16673,8.19E-12,22.41,,,,,
,,,,,,,,,,,,,,,,,,,,385.55,0.1255,2.43E-12,22.61,,440.21,0.13176,2.3049E-12,22.61,,500.26,0.13804,3.4411E-11,22.61,,566.02,0.14437,2.13E-11,22.61,,637.82,0.15072,3.09E-12,22.61,,716.05,0.15711,9.93E-12,22.61,,801,0.16351,9.22E-11,22.61,,893.15,0.16997,1.17E-11,22.61,,942.04,0.1732,2.22E-11,22.61,,846.13,0.16673,9.45E-12,22.61,,,,,
,,,,,,,,,,,,,,,,,,,,385.55,0.1255,3.06E-11,22.81,,440.21,0.13176,2.0513E-11,22.81,,500.26,0.13804,3.526E-11,22.81,,566.02,0.14437,3.02E-11,22.81,,637.82,0.15072,1.26E-11,22.81,,716.05,0.15711,9.03E-12,22.81,,801,0.16351,8.98E-12,22.81,,893.15,0.16997,5.97E-12,22.81,,942.04,0.1732,2.88E-11,22.81,,846.13,0.16673,2.80E-11,22.81,,,,,
,,,,,,,,,,,,,,,,,,,,385.55,0.1255,9.63E-12,23.01,,440.21,0.13176,4.5119E-12,23.01,,500.26,0.13804,1.0161E-11,23.01,,566.02,0.14437,2.77E-11,23.01,,637.82,0.15072,3.27E-11,23.01,,716.05,0.15711,4.74E-11,23.01,,801,0.16351,1.82E-11,23.01,,893.15,0.16997,2.13E-12,23.01,,942.04,0.1732,3.92E-11,23.01,,846.13,0.16673,1.15E-11,23.01,,,,,
,,,,,,,,,,,,,,,,,,,,385.55,0.1255,1E-11,23.21,,440.21,0.13176,2.8152E-11,23.21,,500.26,0.13804,1.7211E-11,23.21,,566.02,0.14437,3.46E-11,23.21,,637.82,0.15072,1.28E-11,23.21,,716.05,0.15711,2.99E-12,23.21,,801,0.16351,2.99E-11,23.21,,893.15,0.16997,2.25E-11,23.21,,942.04,0.1732,9.75E-12,23.21,,846.13,0.16673,8.74E-12,23.21,,,,,
,,,,,,,,,,,,,,,,,,,,385.55,0.1255,2.25E-11,23.41,,440.21,0.13176,3.0937E-11,23.41,,500.26,0.13804,4.4945E-11,23.41,,566.02,0.14437,6.34E-12,23.41,,637.82,0.15072,6.91E-12,23.41,,716.05,0.15711,2.01E-11,23.41,,801,0.16351,2.20E-11,23.41,,893.15,0.16997,8.00E-12,23.41,,942.04,0.1732,3.72E-11,23.41,,846.13,0.16673,2.55E-11,23.41,,,,,
,,,,,,,,,,,,,,,,,,,,385.55,0.1255,4.2E-11,23.61,,440.21,0.13176,5.2758E-12,23.61,,500.26,0.13804,9.0684E-12,23.61,,566.02,0.14437,6.55E-11,23.61,,637.82,0.15072,1.01E-11,23.61,,716.05,0.15711,5.35E-11,23.61,,801,0.16351,8.71E-12,23.61,,893.15,0.16997,2.99E-11,23.61,,942.04,0.1732,1.36E-12,23.61,,846.13,0.16673,2.91E-11,23.61,,,,,
,,,,,,,,,,,,,,,,,,,,385.55,0.1255,1.67E-11,23.81,,440.21,0.13176,9.9833E-12,23.81,,500.26,0.13804,1.4344E-11,23.81,,566.02,0.14437,1.98E-11,23.81,,637.82,0.15072,4.58E-11,23.81,,716.05,0.15711,1.40E-11,23.81,,801,0.16351,3.52E-11,23.81,,893.15,0.16997,2.50E-11,23.81,,942.04,0.1732,3.12E-11,23.81,,846.13,0.16673,1.59E-12,23.81,,,,,
,,,,,,,,,,,,,,,,,,,,385.55,0.1255,9.35E-12,24.01,,440.21,0.13176,5.2211E-12,24.01,,500.26,0.13804,1.6424E-11,24.01,,566.02,0.14437,6.41E-12,24.01,,637.82,0.15072,1.60E-11,24.01,,716.05,0.15711,2.37E-11,24.01,,801,0.16351,3.14E-11,24.01,,893.15,0.16997,3.01E-11,24.01,,942.04,0.1732,6.17E-11,24.01,,846.13,0.16673,5.03E-11,24.01,,,,,
,,,,,,,,,,,,,,,,,,,,385.55,0.1255,2.13E-11,24.21,,440.21,0.13176,3.0039E-12,24.21,,500.26,0.13804,1.908E-11,24.21,,566.02,0.14437,5.18E-11,24.21,,637.82,0.15072,1.40E-11,24.21,,716.05,0.15711,1.99E-11,24.21,,801,0.16351,3.67E-11,24.21,,893.15,0.16997,1.48E-11,24.21,,942.04,0.1732,5.63E-11,24.21,,846.13,0.16673,5.77E-11,24.21,,,,,
,,,,,,,,,,,,,,,,,,,,385.55,0.1255,2.11E-11,24.41,,440.21,0.13176,2.1029E-11,24.41,,500.26,0.13804,2.2214E-11,24.41,,566.02,0.14437,4.80E-11,24.41,,637.82,0.15072,1.41E-11,24.41,,716.05,0.15711,4.30E-12,24.41,,801,0.16351,6.45E-11,24.41,,893.15,0.16997,4.04E-11,24.41,,942.04,0.1732,4.04E-11,24.41,,846.13,0.16673,6.27E-12,24.41,,,,,
,,,,,,,,,,,,,,,,,,,,385.55,0.1255,1.31E-11,24.61,,440.21,0.13176,7.8432E-12,24.61,,500.26,0.13804,4.5537E-12,24.61,,566.02,0.14437,2.18E-11,24.61,,637.82,0.15072,1.50E-11,24.61,,716.05,0.15711,1.54E-11,24.61,,801,0.16351,5.71E-12,24.61,,893.15,0.16997,1.93E-11,24.61,,942.04,0.1732,2.65E-11,24.61,,846.13,0.16673,5.08E-11,24.61,,,,,
,,,,,,,,,,,,,,,,,,,,385.55,0.1255,3.12E-11,24.81,,440.21,0.13176,3.1469E-12,24.81,,500.26,0.13804,3.842E-12,24.81,,566.02,0.14437,3.38E-11,24.81,,637.82,0.15072,1.91E-11,24.81,,716.05,0.15711,1.37E-10,24.81,,801,0.16351,2.03E-11,24.81,,893.15,0.16997,2.59E-11,24.81,,942.04,0.1732,4.90E-11,24.81,,846.13,0.16673,1.86E-11,24.81,,,,,
,,,,,,,,,,,,,,,,,,,,385.55,0.1255,1.73E-11,25.01,,440.21,0.13176,1.0804E-11,25.01,,500.26,0.13804,3.3566E-12,25.01,,566.02,0.14437,4.17E-11,25.01,,637.82,0.15072,2.39E-11,25.01,,716.05,0.15711,4.24E-11,25.01,,801,0.16351,4.08E-11,25.01,,893.15,0.16997,1.61E-11,25.01,,942.04,0.1732,2.21E-11,25.01,,846.13,0.16673,1.00E-10,25.01,,,,,
,,,,,,,,,,,,,,,,,,,,385.55,0.1255,2.98E-11,25.21,,440.21,0.13176,1.302E-11,25.21,,500.26,0.13804,2.3037E-11,25.21,,566.02,0.14437,5.81E-12,25.21,,637.82,0.15072,2.85E-12,25.21,,716.05,0.15711,4.54E-12,25.21,,801,0.16351,6.43E-12,25.21,,893.15,0.16997,1.40E-11,25.21,,942.04,0.1732,1.89E-11,25.21,,846.13,0.16673,5.76E-11,25.21,,,,,
,,,,,,,,,,,,,,,,,,,,385.55,0.1255,1.53E-11,25.41,,440.21,0.13176,2.9293E-12,25.41,,500.26,0.13804,3.4849E-11,25.41,,566.02,0.14437,2.90E-11,25.41,,637.82,0.15072,5.63E-11,25.41,,716.05,0.15711,9.79E-12,25.41,,801,0.16351,6.03E-12,25.41,,893.15,0.16997,3.08E-11,25.41,,942.04,0.1732,5.90E-12,25.41,,846.13,0.16673,7.49E-12,25.41,,,,,
,,,,,,,,,,,,,,,,,,,,385.55,0.1255,2.58E-11,25.61,,440.21,0.13176,1.9796E-11,25.61,,500.26,0.13804,5.9544E-12,25.61,,566.02,0.14437,2.40E-12,25.61,,637.82,0.15072,2.52E-11,25.61,,716.05,0.15711,2.27E-11,25.61,,801,0.16351,2.99E-11,25.61,,893.15,0.16997,1.28E-11,25.61,,942.04,0.1732,3.97E-12,25.61,,846.13,0.16673,4.89E-11,25.61,,,,,
,,,,,,,,,,,,,,,,,,,,385.55,0.1255,1.29E-11,25.81,,440.21,0.13176,3.011E-12,25.81,,500.26,0.13804,2.1161E-11,25.81,,566.02,0.14437,5.28E-12,25.81,,637.82,0.15072,1.05E-11,25.81,,716.05,0.15711,2.20E-11,25.81,,801,0.16351,1.59E-11,25.81,,893.15,0.16997,1.00E-11,25.81,,942.04,0.1732,4.18E-11,25.81,,846.13,0.16673,2.81E-11,25.81,,,,,
,,,,,,,,,,,,,,,,,,,,385.55,0.1255,1.24E-11,26.01,,440.21,0.13176,1.6804E-11,26.01,,500.26,0.13804,5.649E-11,26.01,,566.02,0.14437,3.15E-12,26.01,,637.82,0.15072,2.05E-11,26.01,,716.05,0.15711,6.11E-11,26.01,,801,0.16351,2.07E-11,26.01,,893.15,0.16997,1.40E-11,26.01,,942.04,0.1732,2.19E-11,26.01,,846.13,0.16673,4.47E-11,26.01,,,,,
,,,,,,,,,,,,,,,,,,,,385.55,0.1255,1.53E-11,26.21,,440.21,0.13176,2.7693E-11,26.21,,500.26,0.13804,4.8707E-11,26.21,,566.02,0.14437,8.43E-12,26.21,,637.82,0.15072,1.46E-11,26.21,,716.05,0.15711,7.78E-11,26.21,,801,0.16351,1.68E-11,26.21,,893.15,0.16997,2.31E-11,26.21,,942.04,0.1732,2.02E-11,26.21,,846.13,0.16673,2.85E-11,26.21,,,,,
,,,,,,,,,,,,,,,,,,,,385.55,0.1255,1.76E-11,26.41,,440.21,0.13176,6.9704E-12,26.41,,500.26,0.13804,8.9129E-13,26.41,,566.02,0.14437,9.34E-11,26.41,,637.82,0.15072,3.89E-11,26.41,,716.05,0.15711,3.04E-11,26.41,,801,0.16351,3.49E-12,26.41,,893.15,0.16997,3.85E-11,26.41,,942.04,0.1732,5.49E-11,26.41,,846.13,0.16673,6.06E-11,26.41,,,,,