Nodes,1031,,,,Nodes,3561,,,,Nodes,13222,,,,Nodes,50683,,,,,,,,,,,,,,,,,,,,,,,,,,,,,,,,,,,,,,,,,,,,,,,,,,,,,,,,,,,,,,,,,,,,,,,,,,,,,,,,,,,,,,,,,,,,,,,,,,,,,,,,,,,,,,,,,,,,,,,,,,,,,,,,,,,,,,,,,,,,,,,,,,,,,,,,,,,,,,,,,,,,,,,,,,,,,,,,,,,,,,,,,,,,,,,,,,,,,,,,,,,,,,,,,,,,,,,,,,,,,,,,,,,,,,,,,,,,,,,,,,,,,,,,,,,,,,,,,,,,,,,,,,,,,,,,,,,,,,,,,,,,,,,
Elements,307,,,,Elements,1118,,,,Elements,4276,,,,Elements,16635,,,,,,,,,,,,,,,,,,,,,,,,,,,,,,,,,,,,,,,,,,,,,,,,,,,,,,,,,,,,,,,,,,,,,,,,,,,,,,,,,,,,,,,,,,,,,,,,,,,,,,,,,,,,,,,,,,,,,,,,,,,,,,,,,,,,,,,,,,,,,,,,,,,,,,,,,,,,,,,,,,,,,,,,,,,,,,,,,,,,,,,,,,,,,,,,,,,,,,,,,,,,,,,,,,,,,,,,,,,,,,,,,,,,,,,,,,,,,,,,,,,,,,,,,,,,,,,,,,,,,,,,,,,,,,,,,,,,,,,,,,,,,,,
Average min length,0.049582,,,,Average min length,2.71E-02,,,,Average min length,0.0013946,,,,Average min length,0.00071689,,,,,,,,,,,,,,,,,,,,,,,,,,,,,,,,,,,,,,,,,,,,,,,,,,,,,,,,,,,,,,,,,,,,,,,,,,,,,,,,,,,,,,,,,,,,,,,,,,,,,,,,,,,,,,,,,,,,,,,,,,,,,,,,,,,,,,,,,,,,,,,,,,,,,,,,,,,,,,,,,,,,,,,,,,,,,,,,,,,,,,,,,,,,,,,,,,,,,,,,,,,,,,,,,,,,,,,,,,,,,,,,,,,,,,,,,,,,,,,,,,,,,,,,,,,,,,,,,,,,,,,,,,,,,,,,,,,,,,,,,,,,,,,
Average max length,0.059809,,,,Average max length,0.0306,,,,Average max length,0.0015348,,,,Average max length,0.00076779,Final W,4.10E+01,,,,,,,,,,,,,,,,,,,,,,,,,,,,,,,,,,,,,,,,,,,,,,,,,,,,,,,,,,,,,,,,,,,,,,,,,,,,,,,,,,,,,,,,,,,,,,,,,,,,,,,,,,,,,,,,,,,,,,,,,,,,,,,,,,,,,,,,,,,,,,,,,,,,,,,,,,,,,,,,,,,,,,,,,,,,,,,,,,,,,,,,,,,,,,,,,,,,,,,,,,,,,,,,,,,,,,,,,,,,,,,,,,,,,,,,,,,,,,,,,,,,,,,,,,,,,,,,,,,,,,,,,,,,,,,,,,,,,,,,,,,,,
,,,,,,,,,,,,,,,Material 0,,,,,Material 1,,,,,Material 2,,,,,Material 3,,,,,Material 4,,,,,Material 5,,,,,Material 6,,,,,Material 7,,,,,Material 8,,,,,Material 9,,,,,Material 10,,,,,Material 11,,,,,Material 12,,,,,Material 13,,,,,Material 14,,,,,Material 15,,,,,Material 16,,,,,Material 17,,,,,Material 18,,,,,Material 19,,,,,Material 20,,,,,Material 21,,,,,Material 22,,,,,Material 23,,,,,Material 24,,,,,Material 25,,,,,Material 26,,,,,Material 27,,,,,Material 28,,,,,Material 29,,,,,Material 30,,,,,Material 31,,,,,Material 32,,,,,Material 33,,,,,Material 34,,,,,Material 35,,,,,Material 36,,,,,Material 37,,,,,Material 38,,,,,Material 39,,,,,Material 40,,,,,Material 41,,,,,Material 42,,,,,Material 43,,,,,Material 44,,,,,Material 45,,,,,Material 46,,,,,Material 47,,,,,Material 48,,,,,Material 49,,,,,Material 50,,,,,Material 51,,,,,Material 52,,,,,Material 53,,,,,Material 54,,,,,Material 55,,,,,Material 56,,,,,Material 57,,,
,,,,,,,,,,,,,,,0.598585193,2.94E+04,122810,,,0.551434459,25467.5,112980,,,0.576338969,27475.5,118140,,,0.610287957,30444.5,125290,,,0.604303691,29348,121270,,,0.557563714,25440,111520,,,0.58224785,27441,116630,,,0.615892426,30401.5,123740,,,0.60140703,29372.5,122040,,,0.554454918,25453.5,112250,,,0.579252265,27459.5,117380,,,0.613041064,30422,124510,,,0.597018187,29398.5,123260,,,0.549768519,25477.5,113390,,,0.574711485,27483.5,118570,,,0.608739159,30454.5,125740,,,0.637298542,29401.5,1.15E+05,,,0.591583885,2.55E+04,106110,,,0.615802443,27498,110600,,,6.48E-01,3.05E+04,1.17E+05,,,6.43E-01,29368.5,112990,,,0.597823948,25472.5,104550,,,0.621788811,27470,108990,,,6.54E-01,30412.5,115100,,,6.40E-01,2.94E+04,113780,,,0.59463147,25487,105330,,,6.19E-01,2.75E+04,109800,,,6.51E-01,30445.5,1.16E+05,,,5.87E-01,29390.5,1.25E+05,,,0.539000078,25471.5,115160,,,0.564091702,27470.5,120520,,,0.598375515,3.04E+04,127960,,,0.588134613,29380,124940,,,0.54063872,25468,114760,,,0.565697267,27462,120090,,,#DIV/0!,#DIV/0!,#DIV/0!,,,#DIV/0!,#DIV/0!,#DIV/0!,,,#DIV/0!,#DIV/0!,#DIV/0!,,,#DIV/0!,#DIV/0!,#DIV/0!,,,#DIV/0!,#DIV/0!,#DIV/0!,,,#DIV/0!,#DIV/0!,#DIV/0!,,,#DIV/0!,#DIV/0!,#DIV/0!,,,#DIV/0!,#DIV/0!,#DIV/0!,,,#DIV/0!,#DIV/0!,#DIV/0!,,,#DIV/0!,#DIV/0!,#DIV/0!,,,#DIV/0!,#DIV/0!,#DIV/0!,,,#DIV/0!,#DIV/0!,#DIV/0!,,,#DIV/0!,#DIV/0!,#DIV/0!,,,#DIV/0!,#DIV/0!,#DIV/0!,,,#DIV/0!,#DIV/0!,#DIV/0!,,,#DIV/0!,#DIV/0!,#DIV/0!,,,#DIV/0!,#DIV/0!,#DIV/0!,,,#DIV/0!,#DIV/0!,#DIV/0!,,,#DIV/0!,#DIV/0!,#DIV/0!,,,#DIV/0!,#DIV/0!,#DIV/0!,,,#DIV/0!,#DIV/0!,#DIV/0!,,,#DIV/0!,#DIV/0!,#DIV/0!,,,#DIV/0!,#DIV/0!,#DIV/0!,
6.85E+01,1.08E-01,1.24E+03,,,4.10E+01,1.00E-01,1.23E+03,,,4.10E+01,1.00E-01,1.23E+03,,,40.995,0.1,1228.1,,,3.79E+01,1.00E-01,1.13E+03,,,3.95E+01,1.00E-01,1.18E+03,,,4.18E+01,1.00E-01,1.25E+03,,,4.03E+01,1.00E-01,1.21E+03,,,3.72E+01,1.00E-01,1.12E+03,,,3.88E+01,1.00E-01,1.17E+03,,,4.11E+01,1.00E-01,1.24E+03,,,4.07E+01,1.00E-01,1.22E+03,,,3.76E+01,1.00E-01,1.12E+03,,,3.92E+01,1.00E-01,1.17E+03,,,4.14E+01,1.00E-01,1.25E+03,,,4.12E+01,1.00E-01,1.23E+03,,,3.80E+01,1.00E-01,1.13E+03,,,3.97E+01,1.00E-01,1.19E+03,,,4.20E+01,1.00E-01,1.26E+03,,,3.91E+01,1.00E-01,1.15E+03,,,3.62E+01,1.00E-01,1.06E+03,,,3.77E+01,1.00E-01,1.11E+03,,,3.98E+01,1.00E-01,1.17E+03,,,3.83E+01,1.00E-01,1.13E+03,,,3.56E+01,1.00E-01,1.05E+03,,,3.70E+01,1.00E-01,1.09E+03,,,3.90E+01,1.00E-01,1.15E+03,,,3.87E+01,1.00E-01,1.14E+03,,,3.59E+01,1.00E-01,1.05E+03,,,3.74E+01,1.00E-01,1.10E+03,,,3.94E+01,1.00E-01,1.16E+03,,,4.17E+01,1.00E-01,1.25E+03,,,3.84E+01,1.00E-01,1.15E+03,,,4.01E+01,1.00E-01,1.21E+03,,,4.25E+01,1.00E-01,1.28E+03,,,4.15E+01,1.00E-01,1.25E+03,,,3.83E+01,1.00E-01,1.15E+03,,,4.00E+01,1.00E-01,1.20E+03,,,0.00E+00,0.00E+00,0.00E+00,,,0.00E+00,0.00E+00,0.00E+00,,,0.00E+00,0.00E+00,0.00E+00,,,0.00E+00,0.00E+00,0.00E+00,,,0.00E+00,0.00E+00,0.00E+00,,,0.00E+00,0.00E+00,0.00E+00,,,0.00E+00,0.00E+00,0.00E+00,,,0.00E+00,0.00E+00,0.00E+00,,,0.00E+00,0.00E+00,0.00E+00,,,0.00E+00,0.00E+00,0.00E+00,,,0.00E+00,0.00E+00,0.00E+00,,,0.00E+00,0.00E+00,0.00E+00,,,0.00E+00,0.00E+00,0.00E+00,,,0.00E+00,0.00E+00,0.00E+00,,,0.00E+00,0.00E+00,0.00E+00,,,0.00E+00,0.00E+00,0.00E+00,,,0.00E+00,0.00E+00,0.00E+00,,,0.00E+00,0.00E+00,0.00E+00,,,0.00E+00,0.00E+00,0.00E+00,,,0.00E+00,0.00E+00,0.00E+00,,,0.00E+00,0.00E+00,0.00E+00,,,0.00E+00,0.00E+00,0.00E+00,,,0.00E+00,0.00E+00,0.00E+00,
W (pJ),hm (μm),F (μN),t (s),,W (pJ),hm (μm),F (μN),t (s),,W (pJ),hm (μm),F (μN),t (s),,W (pJ),hm (μm),F (μN),t (s),,W (pJ),hm (μm),F (μN),t (s),,W (pJ),hm (μm),F (μN),t (s),,W (pJ),hm (μm),F (μN),t (s),,W (pJ),hm (μm),F (μN),t (s),,W (pJ),hm (μm),F (μN),t (s),,W (pJ),hm (μm),F (μN),t (s),,W (pJ),hm (μm),F (μN),t (s),,W (pJ),hm (μm),F (μN),t (s),,W (pJ),hm (μm),F (μN),t (s),,W (pJ),hm (μm),F (μN),t (s),,W (pJ),hm (μm),F (μN),t (s),,W (pJ),hm (μm),F (μN),t (s),,W (pJ),hm (μm),F (μN),t (s),,W (pJ),hm (μm),F (μN),t (s),,W (pJ),hm (μm),F (μN),t (s),,W (pJ),hm (μm),F (μN),t (s),,W (pJ),hm (μm),F (μN),t (s),,W (pJ),hm (μm),F (μN),t (s),,W (pJ),hm (μm),F (μN),t (s),,W (pJ),hm (μm),F (μN),t (s),,W (pJ),hm (μm),F (μN),t (s),,W (pJ),hm (μm),F (μN),t (s),,W (pJ),hm (μm),F (μN),t (s),,W (pJ),hm (μm),F (μN),t (s),,W (pJ),hm (μm),F (μN),t (s),,W (pJ),hm (μm),F (μN),t (s),,W (pJ),hm (μm),F (μN),t (s),,W (pJ),hm (μm),F (μN),t (s),,W (pJ),hm (μm),F (μN),t (s),,W (pJ),hm (μm),F (μN),t (s),,W (pJ),hm (μm),F (μN),t (s),,W (pJ),hm (μm),F (μN),t (s),,W (pJ),hm (μm),F (μN),t (s),,W (pJ),hm (μm),F (μN),t (s),,W (pJ),hm (μm),F (μN),t (s),,W (pJ),hm (μm),F (μN),t (s),,W (pJ),hm (μm),F (μN),t (s),,W (pJ),hm (μm),F (μN),t (s),,W (pJ),hm (μm),F (μN),t (s),,W (pJ),hm (μm),F (μN),t (s),,W (pJ),hm (μm),F (μN),t (s),,W (pJ),hm (μm),F (μN),t (s),,W (pJ),hm (μm),F (μN),t (s),,W (pJ),hm (μm),F (μN),t (s),,W (pJ),hm (μm),F (μN),t (s),,W (pJ),hm (μm),F (μN),t (s),,W (pJ),hm (μm),F (μN),t (s),,W (pJ),hm (μm),F (μN),t (s),,W (pJ),hm (μm),F (μN),t (s),,W (pJ),hm (μm),F (μN),t (s),,W (pJ),hm (μm),F (μN),t (s),,W (pJ),hm (μm),F (μN),t (s),,W (pJ),hm (μm),F (μN),t (s),,W (pJ),hm (μm),F (μN),t (s),,W (pJ),hm (μm),F (μN),t (s),,W (pJ),hm (μm),F (μN),t (s),,W (pJ),hm (μm),F (μN),t (s)
2.10E-03,2.00E-03,4.44E+00,0.2,,2.12E-03,2.00E-03,4.1718,0.2,,2.26E-03,2.00E-03,4.3873,0.2,,2.40E-03,2.00E-03,4.4595,0.2,,2.12E-03,2.00E-03,3.9496,0.2,,2.27E-03,2.00E-03,4.2134,0.2,,2.48E-03,2.00E-03,4.5929,0.2,,2.36E-03,2.00E-03,4.3223,0.2,,2.08E-03,2.00E-03,3.8393,0.2,,2.22E-03,2.00E-03,4.0895,0.2,,2.43E-03,2.00E-03,4.448,0.2,,2.38E-03,2.00E-03,4.3932,0.2,,2.10E-03,2.00E-03,3.8964,0.2,,2.25E-03,2.00E-03,4.1534,0.2,,2.46E-03,2.00E-03,4.5232,0.2,,2.42E-03,2.00E-03,4.4956,0.2,,2.13E-03,2.00E-03,3.9781,0.2,,2.28E-03,2.00E-03,4.2459,0.2,,2.49E-03,2.00E-03,4.631,0.2,,2.39E-03,2.00E-03,4.3721,0.2,,2.11E-03,2.00E-03,3.8871,,,2.25E-03,2.00E-03,4.1382,0.2,,2.46E-03,2.00E-03,4.4985,0.2,,2.33E-03,2.00E-03,4.2207,0.2,,2.07E-03,2.00E-03,3.765,0.2,,2.20E-03,2.00E-03,4.0019,0.2,,2.40E-03,2.00E-03,4.3391,0.2,,2.36E-03,2.00E-03,4.2986,0.2,,2.09E-03,2.00E-03,3.8281,0.2,,2.23E-03,2.00E-03,4.07E+00,,,2.43E-03,2.00E-03,4.421,0.2,,2.42E-03,2.00E-03,4.5174,0.2,,2.13E-03,2.00E-03,3.9934,0.2,,2.28E-03,2.00E-03,4.2645,0.2,,2.50E-03,2.00E-03,4.6546,0.2,,2.41E-03,2.00E-03,4.4822,0.2,,2.12E-03,2.00E-03,3.9657,0.2,,2.27E-03,2.00E-03,4.2328,0.2,,,,,,,,,,,,,,,,,,,,,,,,,,,,,,,,,,,,,,,,,,,,,,,,,,,,,,,,,,,,,,,,,,,,,,,,,,,,,,,,,,,,,,,,,,,,,,,,,,,,,,,,,,,,,,,,,,,
1.44E-02,4.00E-03,1.26E+01,0.4,,1.44E-02,4.00E-03,12.56,0.4,,1.47E-02,4.00E-03,12.518,0.4,,1.49E-02,4.00E-03,12.612,0.4,,1.34E-02,4.00E-03,11.266,0.4,,1.42E-02,4.00E-03,11.965,0.4,,1.53E-02,4.00E-03,12.961,0.4,,1.46E-02,4.00E-03,12.235,0.4,,1.31E-02,4.00E-03,10.958,0.4,,1.38E-02,4.00E-03,11.621,0.4,,1.49E-02,4.00E-03,12.565,0.4,,1.48E-02,4.00E-03,12.429,0.4,,1.32E-02,4.00E-03,11.116,0.4,,1.40E-02,4.00E-03,11.798,0.4,,1.51E-02,4.00E-03,12.768,0.4,,1.50E-02,4.00E-03,12.712,0.4,,1.35E-02,4.00E-03,11.348,0.4,,1.43E-02,4.00E-03,12.056,0.4,,1.54E-02,4.00E-03,13.066,0.4,,1.47E-02,4.00E-03,12.266,0.4,,1.32E-02,4.00E-03,11.003,,,1.40E-02,4.00E-03,11.66,0.4,,1.51E-02,4.00E-03,12.591,0.4,,1.43E-02,4.00E-03,11.854,0.4,,1.28E-02,4.00E-03,10.664,0.4,,1.36E-02,4.00E-03,11.284,0.4,,1.46E-02,4.00E-03,12.161,0.4,,1.45E-02,4.00E-03,12.066,0.4,,1.30E-02,4.00E-03,10.839,0.4,,1.38E-02,4.00E-03,11.477,,,1.49E-02,4.00E-03,12.382,0.4,,1.51E-02,4.00E-03,12.799,0.4,,1.35E-02,4.00E-03,11.413,0.4,,1.43E-02,4.00E-03,12.132,0.4,,1.55E-02,4.00E-03,13.159,0.4,,1.50E-02,4.00E-03,12.702,0.4,,1.34E-02,4.00E-03,11.334,0.4,,1.42E-02,4.00E-03,12.044,0.4,,,,,,,,,,,,,,,,,,,,,,,,,,,,,,,,,,,,,,,,,,,,,,,,,,,,,,,,,,,,,,,,,,,,,,,,,,,,,,,,,,,,,,,,,,,,,,,,,,,,,,,,,,,,,,,,,,,
4.29E-02,6.00E-03,2.34E+01,0.6,,4.16E-02,6.00E-03,22.628,0.6,,4.19E-02,6.00E-03,22.932,0.6,,4.16E-02,6.00E-03,22.861,0.6,,3.74E-02,6.00E-03,20.494,0.6,,3.96E-02,6.00E-03,21.725,0.6,,4.26E-02,6.00E-03,23.472,0.6,,4.05E-02,6.00E-03,22.206,0.6,,3.66E-02,6.00E-03,19.954,0.6,,3.86E-02,6.00E-03,21.126,0.6,,4.15E-02,6.00E-03,22.787,0.6,,4.11E-02,6.00E-03,22.543,0.6,,3.70E-02,6.00E-03,20.232,0.6,,3.91E-02,6.00E-03,21.434,0.6,,4.21E-02,6.00E-03,23.139,0.6,,4.18E-02,6.00E-03,23.035,0.6,,3.76E-02,6.00E-03,20.637,0.6,,3.98E-02,6.00E-03,21.884,0.6,,4.29E-02,6.00E-03,23.655,0.6,,4.07E-02,6.00E-03,22.135,0.6,,3.67E-02,6.00E-03,19.931,,,3.88E-02,6.00E-03,21.08,0.6,,4.17E-02,6.00E-03,22.702,0.6,,3.95E-02,6.00E-03,21.424,0.6,,3.58E-02,6.00E-03,19.34,0.6,,3.77E-02,6.00E-03,20.426,0.6,,4.05E-02,6.00E-03,21.958,0.6,,4.01E-02,6.00E-03,21.789,0.6,,3.63E-02,6.00E-03,19.644,0.6,,3.83E-02,6.00E-03,20.762,,,4.11E-02,6.00E-03,22.34,0.6,,4.21E-02,6.00E-03,23.22,0.6,,3.78E-02,6.00E-03,20.778,0.6,,4.00E-02,6.00E-03,22.047,0.6,,4.32E-02,6.00E-03,23.852,0.6,,4.18E-02,6.00E-03,23.05,0.6,,3.76E-02,6.00E-03,20.639,0.6,,3.98E-02,6.00E-03,21.892,0.6,,,,,,,,,,,,,,,,,,,,,,,,,,,,,,,,,,,,,,,,,,,,,,,,,,,,,,,,,,,,,,,,,,,,,,,,,,,,,,,,,,,,,,,,,,,,,,,,,,,,,,,,,,,,,,,,,,,
8.81E-02,8.00E-03,3.41E+01,0.8,,8.68E-02,8.00E-03,34.927,0.8,,8.70E-02,8.00E-03,35.103,0.8,,8.60E-02,8.00E-03,34.875,0.8,,7.77E-02,8.00E-03,31.359,0.8,,8.20E-02,8.00E-03,33.189,0.8,,8.81E-02,8.00E-03,35.777,0.8,,8.39E-02,8.00E-03,33.903,0.8,,7.59E-02,8.00E-03,30.553,0.8,,8.01E-02,8.00E-03,32.299,0.8,,8.59E-02,8.00E-03,34.763,0.8,,8.50E-02,8.00E-03,34.402,0.8,,7.68E-02,8.00E-03,30.968,0.8,,8.11E-02,8.00E-03,32.756,0.8,,8.70E-02,8.00E-03,35.283,0.8,,8.66E-02,8.00E-03,35.133,0.8,,7.82E-02,8.00E-03,31.573,0.8,,8.25E-02,8.00E-03,33.426,0.8,,8.87E-02,8.00E-03,36.05,0.8,,8.39E-02,8.00E-03,33.637,0.8,,7.60E-02,8.00E-03,30.396,,,8.01E-02,8.00E-03,32.089,0.8,,8.59E-02,8.00E-03,34.467,0.8,,8.15E-02,8.00E-03,32.587,0.8,,7.40E-02,8.00E-03,29.515,0.8,,7.79E-02,8.00E-03,31.119,0.8,,8.34E-02,8.00E-03,33.372,0.8,,8.27E-02,8.00E-03,33.125,0.8,,7.51E-02,8.00E-03,29.968,0.8,,7.91E-02,8.00E-03,31.616,,,8.47E-02,8.00E-03,33.933,0.8,,8.71E-02,8.00E-03,35.445,0.8,,7.86E-02,8.00E-03,31.816,0.8,,8.30E-02,8.00E-03,33.704,0.8,,8.93E-02,8.00E-03,36.382,0.8,,8.65E-02,8.00E-03,35.192,0.8,,7.81E-02,8.00E-03,31.607,0.8,,8.25E-02,8.00E-03,33.473,0.8,,,,,,,,,,,,,,,,,,,,,,,,,,,,,,,,,,,,,,,,,,,,,,,,,,,,,,,,,,,,,,,,,,,,,,,,,,,,,,,,,,,,,,,,,,,,,,,,,,,,,,,,,,,,,,,,,,,
0.15494,1.00E-02,4.95E+01,1,,1.53E-01,1.00E-02,48.811,1,,1.53E-01,1.00E-02,48.517,1,,0.1503,1.00E-02,48.28,1,,0.13619,1.00E-02,43.529,1,,0.14354,1.00E-02,46.004,1,,0.15391,1.00E-02,49.502,1,,0.14661,1.00E-02,46.971,1,,0.13308,1.00E-02,42.433,1,,0.14014,1.00E-02,44.8,1,,0.15007,1.00E-02,48.134,1,,0.14851,1.00E-02,47.642,1,,1.35E-01,1.00E-02,42.996,1,,0.14189,1.00E-02,45.418,1,,0.15205,1.00E-02,48.835,1,,0.15127,1.00E-02,48.631,1,,0.13702,1.00E-02,43.821,1,,0.14443,1.00E-02,46.326,1,,0.15493,1.00E-02,49.868,1,,0.14624,1.00E-02,46.455,1,,0.13287,1.00E-02,42.074,,,0.13986,1.00E-02,44.36,1,,0.14965,1.00E-02,47.576,1,,0.14218,1.00E-02,45.036,1,,0.12944,1.00E-02,40.881,1,,0.13611,1.00E-02,43.051,1,,0.14542,1.00E-02,46.098,1,,0.14427,1.00E-02,45.763,1,,0.13121,1.00E-02,41.494,1,,0.13804,1.00E-02,43.722,,,0.1476,1.00E-02,46.855,1,,0.1523,1.00E-02,49.099,1,,0.13786,1.00E-02,44.189,1,,0.14536,1.00E-02,46.744,1,,0.15601,1.00E-02,50.363,1,,0.15135,1.00E-02,48.757,1,,0.13705,1.00E-02,43.903,1,,0.14449,1.00E-02,46.43,1,,,,,,,,,,,,,,,,,,,,,,,,,,,,,,,,,,,,,,,,,,,,,,,,,,,,,,,,,,,,,,,,,,,,,,,,,,,,,,,,,,,,,,,,,,,,,,,,,,,,,,,,,,,,,,,,,,,
0.24496,1.20E-02,6.38E+01,1.2,,2.42E-01,1.20E-02,63.46,1.2,,2.41E-01,1.20E-02,63.378,1.2,,0.23632,1.20E-02,62.859,1.2,,0.21459,1.20E-02,56.738,1.2,,0.22591,1.20E-02,59.918,1.2,,0.24191,1.20E-02,64.438,1.2,,0.23059,1.20E-02,61.177,1.2,,0.20974,1.20E-02,55.344,1.2,,0.22057,1.20E-02,58.366,1.2,,0.236,1.20E-02,62.688,1.2,,0.23352,1.20E-02,62.038,1.2,,2.12E-01,1.20E-02,56.06,1.2,,0.22331,1.20E-02,59.161,1.2,,0.23903,1.20E-02,63.585,1.2,,0.23784,1.20E-02,63.308,1.2,,0.21588,1.20E-02,57.111,1.2,,0.22732,1.20E-02,60.331,1.2,,0.24348,1.20E-02,64.906,1.2,,0.2297,1.20E-02,60.439,1.2,,0.20897,1.20E-02,54.771,,,0.21977,1.20E-02,57.727,1.2,,0.23504,1.20E-02,61.892,1.2,,0.22345,1.20E-02,58.628,1.2,,0.20361,1.20E-02,53.238,1.2,,0.21394,1.20E-02,56.051,1.2,,0.22852,1.20E-02,60.002,1.2,,0.22668,1.20E-02,59.558,1.2,,0.20637,1.20E-02,54.024,1.2,,0.21693,1.20E-02,56.91,,,0.23188,1.20E-02,60.971,1.2,,0.23953,1.20E-02,63.929,1.2,,0.21728,1.20E-02,57.63,1.2,,0.2289,1.20E-02,60.893,1.2,,0.24528,1.20E-02,65.565,1.2,,0.23806,1.20E-02,63.49,1.2,,0.21604,1.20E-02,57.267,1.2,,0.22753,1.20E-02,60.491,1.2,,,,,,,,,,,,,,,,,,,,,,,,,,,,,,,,,,,,,,,,,,,,,,,,,,,,,,,,,,,,,,,,,,,,,,,,,,,,,,,,,,,,,,,,,,,,,,,,,,,,,,,,,,,,,,,,,,,
0.35853,1.40E-02,7.98E+01,1.4,,3.54E-01,1.40E-02,79.202,1.4,,3.49E-01,1.40E-02,78.867,1.4,,0.34749,1.40E-02,78.718,1.4,,0.31538,1.40E-02,71.112,1.4,,0.33209,1.40E-02,75.077,1.4,,0.35561,1.40E-02,80.656,1.4,,0.33924,1.40E-02,76.668,1.4,,0.30836,1.40E-02,69.384,1.4,,0.32446,1.40E-02,73.185,1.4,,0.34704,1.40E-02,78.519,1.4,,0.34349,1.40E-02,77.719,1.4,,3.12E-01,1.40E-02,70.273,1.4,,0.3284,1.40E-02,74.156,1.4,,0.35144,1.40E-02,79.614,1.4,,0.34967,1.40E-02,79.267,1.4,,0.31723,1.40E-02,71.573,1.4,,0.3341,1.40E-02,75.581,1.4,,0.35788,1.40E-02,81.228,1.4,,0.33726,1.40E-02,75.497,1.4,,0.30709,1.40E-02,68.552,,,0.32291,1.40E-02,72.19,1.4,,0.34496,1.40E-02,77.275,1.4,,0.3282,1.40E-02,73.287,1.4,,0.2994,1.40E-02,66.68,1.4,,0.31448,1.40E-02,70.141,1.4,,0.33552,1.40E-02,74.962,1.4,,0.33286,1.40E-02,74.42,1.4,,0.30336,1.40E-02,67.64,1.4,,0.31882,1.40E-02,71.191,,,0.34038,1.40E-02,76.141,1.4,,0.35223,1.40E-02,80.088,1.4,,0.31937,1.40E-02,72.225,1.4,,0.33641,1.40E-02,76.316,1.4,,0.36062,1.40E-02,82.102,1.4,,0.35009,1.40E-02,79.551,1.4,,0.31757,1.40E-02,71.775,1.4,,0.33444,1.40E-02,75.822,1.4,,,,,,,,,,,,,,,,,,,,,,,,,,,,,,,,,,,,,,,,,,,,,,,,,,,,,,,,,,,,,,,,,,,,,,,,,,,,,,,,,,,,,,,,,,,,,,,,,,,,,,,,,,,,,,,,,,,
0.50008,1.60E-02,9.69E+01,1.6,,4.94E-01,1.60E-02,96.636,1.6,,4.87E-01,1.60E-02,95.747,1.6,,0.48437,1.60E-02,95.49,1.6,,0.44028,1.60E-02,86.423,1.6,,0.46331,1.60E-02,91.159,1.6,,0.49554,1.60E-02,97.798,1.6,,0.47303,1.60E-02,93.055,1.6,,0.43072,1.60E-02,84.374,1.6,,0.45283,1.60E-02,88.911,1.6,,0.48377,1.60E-02,95.263,1.6,,0.47887,1.60E-02,94.304,1.6,,4.36E-01,1.60E-02,85.426,1.6,,0.45822,1.60E-02,90.064,1.6,,0.48982,1.60E-02,96.562,1.6,,0.48736,1.60E-02,96.142,1.6,,0.4428,1.60E-02,86.97,1.6,,0.46608,1.60E-02,91.76,1.6,,0.49867,1.60E-02,98.478,1.6,,0.46932,1.60E-02,91.466,1.6,,0.42813,1.60E-02,83.152,,,0.44978,1.60E-02,87.51,1.6,,0.47973,1.60E-02,93.574,1.6,,0.45687,1.60E-02,88.815,1.6,,0.41752,1.60E-02,80.919,1.6,,0.43823,1.60E-02,85.054,1.6,,0.4668,1.60E-02,90.817,1.6,,0.46327,1.60E-02,90.173,1.6,,0.42298,1.60E-02,82.062,1.6,,0.44417,1.60E-02,86.313,,,0.47345,1.60E-02,92.23,1.6,,0.49105,1.60E-02,97.184,1.6,,0.44577,1.60E-02,87.792,1.6,,0.46945,1.60E-02,92.698,1.6,,0.50267,1.60E-02,99.59,1.6,,0.48813,1.60E-02,96.546,1.6,,0.44332,1.60E-02,87.258,1.6,,0.46675,1.60E-02,92.11,1.6,,,,,,,,,,,,,,,,,,,,,,,,,,,,,,,,,,,,,,,,,,,,,,,,,,,,,,,,,,,,,,,,,,,,,,,,,,,,,,,,,,,,,,,,,,,,,,,,,,,,,,,,,,,,,,,,,,,
0.66872,1.80E-02,113.4,1.8,,0.6583,1.80E-02,113.52,1.8,,0.65217,1.80E-02,113.49,1.8,,0.6469,1.80E-02,113.04,1.8,,0.58878,1.80E-02,102.43,1.8,,0.61927,1.80E-02,107.97,1.8,,0.66158,1.80E-02,115.76,1.8,,0.63203,1.80E-02,110.19,1.8,,0.5762,1.80E-02,100.05,1.8,,0.6055,1.80E-02,105.36,1.8,,0.64605,1.80E-02,112.77,1.8,,0.63968,1.80E-02,111.64,1.8,,5.83E-01,1.80E-02,101.27,1.8,,0.61259,1.80E-02,106.7,1.8,,0.65403,1.80E-02,114.3,1.8,,0.65084,1.80E-02,113.8,1.8,,0.59211,1.80E-02,103.07,1.8,,0.62293,1.80E-02,108.67,1.8,,0.6657,1.80E-02,116.56,1.8,,0.62611,1.80E-02,108.15,1.8,,0.57191,1.80E-02,98.452,,,0.60027,1.80E-02,103.52,1.8,,0.63987,1.80E-02,110.62,1.8,,0.60965,1.80E-02,105.06,1.8,,0.55797,1.80E-02,95.835,1.8,,0.58504,1.80E-02,100.67,1.8,,0.62284,1.80E-02,107.42,1.8,,0.61813,1.80E-02,106.65,1.8,,0.56514,1.80E-02,97.177,1.8,,0.59286,1.80E-02,102.13,,,0.63158,1.80E-02,109.06,1.8,,0.6561,1.80E-02,115.06,1.8,,0.59638,1.80E-02,104.1,1.8,,0.62772,1.80E-02,109.83,1.8,,0.67124,1.80E-02,117.88,1.8,,0.65226,1.80E-02,114.32,1.8,,0.59313,1.80E-02,103.47,1.8,,0.62417,1.80E-02,109.15,1.8,,,,,,,,,,,,,,,,,,,,,,,,,,,,,,,,,,,,,,,,,,,,,,,,,,,,,,,,,,,,,,,,,,,,,,,,,,,,,,,,,,,,,,,,,,,,,,,,,,,,,,,,,,,,,,,,,,,
0.86308,2.00E-02,131.24,2,,0.8522,2.00E-02,132.81,2,,0.84656,2.00E-02,132.19,2,,0.83865,2.00E-02,131.52,2,,0.76413,2.00E-02,119.27,2,,0.80315,2.00E-02,125.65,2,,0.85757,2.00E-02,134.66,2,,0.81957,2.00E-02,128.24,2,,0.74794,2.00E-02,116.52,2,,0.78547,2.00E-02,122.65,2,,0.83775,2.00E-02,131.25,2,,0.82938,2.00E-02,129.92,2,,7.56E-01,2.00E-02,117.93,2,,0.79452,2.00E-02,124.18,2,,0.84793,2.00E-02,133,2,,0.84372,2.00E-02,132.4,2,,0.76837,2.00E-02,120,2,,0.80784,2.00E-02,126.45,2,,0.86284,2.00E-02,135.58,2,,0.81121,2.00E-02,125.73,2,,0.7415,2.00E-02,114.52,,,0.77804,2.00E-02,120.39,2,,0.82892,2.00E-02,128.58,2,,0.79016,2.00E-02,122.2,2,,0.7236,2.00E-02,111.52,2,,0.75855,2.00E-02,117.11,2,,0.80706,2.00E-02,124.91,2,,0.80098,2.00E-02,124.01,2,,0.73281,2.00E-02,113.06,2,,0.76856,2.00E-02,118.79,,,0.81829,2.00E-02,126.79,2,,0.8507,2.00E-02,133.89,2,,0.77411,2.00E-02,121.23,2,,0.81423,2.00E-02,127.83,2,,0.87014,2.00E-02,137.15,2,,0.84577,2.00E-02,133.03,2,,0.76994,2.00E-02,120.51,2,,0.80965,2.00E-02,127.05,2,,,,,,,,,,,,,,,,,,,,,,,,,,,,,,,,,,,,,,,,,,,,,,,,,,,,,,,,,,,,,,,,,,,,,,,,,,,,,,,,,,,,,,,,,,,,,,,,,,,,,,,,,,,,,,,,,,,
1.0889,2.20E-02,153.86,2.2,,1.0763,2.20E-02,151.89,2.2,,1.0707,2.20E-02,151.53,2.2,,1.0607,2.20E-02,150.83,2.2,,0.96699,2.20E-02,136.86,2.2,,1.016,2.20E-02,144.16,2.2,,1.0844,2.20E-02,154.41,2.2,,1.0367,2.20E-02,147.14,2.2,,0.94675,2.20E-02,133.75,2.2,,0.99388,2.20E-02,140.75,2.2,,1.0596,2.20E-02,150.54,2.2,,1.0491,2.20E-02,149.02,2.2,,9.57E-01,2.20E-02,135.35,2.2,,1.0052,2.20E-02,142.5,2.2,,1.0723,2.20E-02,152.52,2.2,,1.067,2.20E-02,151.83,2.2,,0.97236,2.20E-02,137.7,2.2,,1.0219,2.20E-02,145.07,2.2,,1.091,2.20E-02,155.45,2.2,,1.0255,2.20E-02,144.06,2.2,,0.93781,2.20E-02,131.32,,,0.9837,2.20E-02,138,2.2,,1.0476,2.20E-02,147.27,2.2,,0.99917,2.20E-02,140.07,2.2,,0.91537,2.20E-02,127.91,2.2,,0.95926,2.20E-02,134.29,2.2,,1.0203,2.20E-02,143.13,2.2,,1.0127,2.20E-02,142.11,2.2,,0.92691,2.20E-02,129.66,2.2,,0.97183,2.20E-02,136.19,,,1.0343,2.20E-02,145.25,2.2,,1.0759,2.20E-02,153.58,2.2,,0.97971,2.20E-02,139.12,2.2,,1.0301,2.20E-02,146.67,2.2,,1.1004,2.20E-02,157.28,2.2,,1.0698,2.20E-02,152.61,2.2,,0.97449,2.20E-02,138.31,2.2,,1.0244,2.20E-02,145.78,2.2,,,,,,,,,,,,,,,,,,,,,,,,,,,,,,,,,,,,,,,,,,,,,,,,,,,,,,,,,,,,,,,,,,,,,,,,,,,,,,,,,,,,,,,,,,,,,,,,,,,,,,,,,,,,,,,,,,,
1.3498,2.40E-02,175.04,2.4,,1.3332,2.40E-02,171.96,2.4,,1.3251,2.40E-02,171.59,2.4,,1.3124,2.40E-02,170.76,2.4,,1.1969,2.40E-02,155.09,2.4,,1.2574,2.40E-02,163.3,2.4,,1.3416,2.40E-02,174.74,2.4,,1.2833,2.40E-02,166.67,2.4,,1.1722,2.40E-02,151.61,2.4,,1.2303,2.40E-02,159.5,2.4,,1.3113,2.40E-02,170.48,2.4,,1.2982,2.40E-02,168.77,2.4,,1.18E+00,2.40E-02,153.39,2.4,,1.2442,2.40E-02,161.45,2.4,,1.3269,2.40E-02,172.66,2.4,,1.3201,2.40E-02,171.86,2.4,,1.2035,2.40E-02,156.03,2.4,,1.2646,2.40E-02,164.32,2.4,,1.3497,2.40E-02,175.9,2.4,,1.2681,2.40E-02,162.94,2.4,,1.1604,2.40E-02,148.65,,,1.2168,2.40E-02,156.13,2.4,,1.2954,2.40E-02,166.56,2.4,,1.236,2.40E-02,158.47,2.4,,1.133,2.40E-02,144.86,2.4,,1.187,2.40E-02,151.98,2.4,,1.2621,2.40E-02,161.93,2.4,,1.2525,2.40E-02,160.76,2.4,,1.147,2.40E-02,146.8,2.4,,1.2023,2.40E-02,154.11,,,1.2792,2.40E-02,164.3,2.4,,1.3314,2.40E-02,173.92,2.4,,1.2128,2.40E-02,157.67,2.4,,1.2748,2.40E-02,166.17,2.4,,1.3615,2.40E-02,178.05,2.4,,1.3238,2.40E-02,172.84,2.4,,1.2064,2.40E-02,156.75,2.4,,1.2678,2.40E-02,165.17,2.4,,,,,,,,,,,,,,,,,,,,,,,,,,,,,,,,,,,,,,,,,,,,,,,,,,,,,,,,,,,,,,,,,,,,,,,,,,,,,,,,,,,,,,,,,,,,,,,,,,,,,,,,,,,,,,,,,,,
1.6441,2.60E-02,195.45,2.6,,1.6215,2.60E-02,192.08,2.6,,1.6089,2.60E-02,192.01,2.6,,1.5978,2.60E-02,191.51,2.6,,1.4582,2.60E-02,174.02,2.6,,1.5313,2.60E-02,183.16,2.6,,1.6331,2.60E-02,195.96,2.6,,1.5627,2.60E-02,186.96,2.6,,1.4282,2.60E-02,170.15,2.6,,1.4988,2.60E-02,178.94,2.6,,1.5966,2.60E-02,191.23,2.6,,1.5807,2.60E-02,189.29,2.6,,1.44E+00,2.60E-02,172.13,2.6,,1.5155,2.60E-02,181.1,2.6,,1.6154,2.60E-02,193.65,2.6,,1.6071,2.60E-02,192.73,2.6,,1.4662,2.60E-02,175.06,2.6,,1.54,2.60E-02,184.29,2.6,,1.6429,2.60E-02,197.23,2.6,,1.5429,2.60E-02,182.53,2.6,,1.4128,2.60E-02,166.67,,,1.481,2.60E-02,174.95,2.6,,1.5757,2.60E-02,186.56,2.6,,1.5042,2.60E-02,177.58,2.6,,1.3797,2.60E-02,162.48,2.6,,1.445,2.60E-02,170.4,2.6,,1.5356,2.60E-02,181.42,2.6,,1.5241,2.60E-02,180.12,2.6,,1.3967,2.60E-02,164.62,2.6,,1.4635,2.60E-02,172.73,,,1.5562,2.60E-02,184.05,2.6,,1.621,2.60E-02,195.06,2.6,,1.4775,2.60E-02,176.93,2.6,,1.5528,2.60E-02,186.4,2.6,,1.6574,2.60E-02,199.68,2.6,,1.612,2.60E-02,193.86,2.6,,1.4698,2.60E-02,175.92,2.6,,1.5444,2.60E-02,185.29,2.6,,,,,,,,,,,,,,,,,,,,,,,,,,,,,,,,,,,,,,,,,,,,,,,,,,,,,,,,,,,,,,,,,,,,,,,,,,,,,,,,,,,,,,,,,,,,,,,,,,,,,,,,,,,,,,,,,,,
1.9709,2.80E-02,215.41,2.8,,1.9403,2.80E-02,214.74,2.8,,1.9283,2.80E-02,213.41,2.8,,1.9167,2.80E-02,212.9,2.8,,1.7502,2.80E-02,193.55,2.8,,1.8374,2.80E-02,203.66,2.8,,1.9587,2.80E-02,217.81,2.8,,1.8749,2.80E-02,207.88,2.8,,1.7145,2.80E-02,189.33,2.8,,1.7986,2.80E-02,199.02,2.8,,1.9154,2.80E-02,212.6,2.8,,1.8964,2.80E-02,210.45,2.8,,1.73E+00,2.80E-02,191.49,2.8,,1.8185,2.80E-02,201.38,2.8,,1.9377,2.80E-02,215.27,2.8,,1.9278,2.80E-02,214.24,2.8,,1.7597,2.80E-02,194.68,2.8,,1.8478,2.80E-02,204.91,2.8,,1.9702,2.80E-02,219.21,2.8,,1.8495,2.80E-02,202.73,2.8,,1.6948,2.80E-02,185.27,,,1.7758,2.80E-02,194.42,2.8,,1.8886,2.80E-02,207.13,2.8,,1.8036,2.80E-02,197.36,2.8,,1.6555,2.80E-02,180.66,2.8,,1.7332,2.80E-02,189.42,2.8,,1.841,2.80E-02,201.57,2.8,,1.8272,2.80E-02,200.1,2.8,,1.6757,2.80E-02,183.02,2.8,,1.7551,2.80E-02,191.98,,,1.8654,2.80E-02,204.41,2.8,,1.9448,2.80E-02,216.85,2.8,,1.7735,2.80E-02,196.83,2.8,,1.8632,2.80E-02,207.26,2.8,,1.9881,2.80E-02,221.96,2.8,,1.9339,2.80E-02,215.53,2.8,,1.7643,2.80E-02,195.73,2.8,,1.8531,2.80E-02,206.06,2.8,,,,,,,,,,,,,,,,,,,,,,,,,,,,,,,,,,,,,,,,,,,,,,,,,,,,,,,,,,,,,,,,,,,,,,,,,,,,,,,,,,,,,,,,,,,,,,,,,,,,,,,,,,,,,,,,,,,
2.3293,3.00E-02,236.08,3,,2.2962,3.00E-02,236.43,3,,2.2803,3.00E-02,235.28,3,,2.2695,3.00E-02,234.85,3,,2.0732,3.00E-02,213.73,3,,2.1759,3.00E-02,224.79,3,,2.3191,3.00E-02,240.2,3,,2.2205,3.00E-02,229.46,3,,2.0315,3.00E-02,209.11,3,,2.1304,3.00E-02,219.76,3,,2.2682,3.00E-02,234.59,3,,2.2457,3.00E-02,232.22,3,,2.05E+00,3.00E-02,211.48,3,,2.1538,3.00E-02,222.34,3,,2.2943,3.00E-02,237.45,3,,2.2826,3.00E-02,236.3,3,,2.0843,3.00E-02,214.97,3,,2.188,3.00E-02,226.14,3,,2.3326,3.00E-02,241.73,3,,2.1872,3.00E-02,223.41,3,,2.0057,3.00E-02,204.31,,,2.1011,3.00E-02,214.33,3,,2.2331,3.00E-02,228.25,3,,2.1337,3.00E-02,217.55,3,,1.9595,3.00E-02,199.28,3,,2.0511,3.00E-02,208.87,3,,2.1774,3.00E-02,222.16,3,,2.1611,3.00E-02,220.54,3,,1.9833,3.00E-02,201.84,3,,2.0768,3.00E-02,211.66,,,2.206,3.00E-02,225.27,3,,2.3029,3.00E-02,239.28,3,,2.1011,3.00E-02,217.37,3,,2.2066,3.00E-02,228.83,3,,2.354,3.00E-02,244.84,3,,2.2902,3.00E-02,237.86,3,,2.0903,3.00E-02,216.16,3,,2.1948,3.00E-02,227.51,3,,,,,,,,,,,,,,,,,,,,,,,,,,,,,,,,,,,,,,,,,,,,,,,,,,,,,,,,,,,,,,,,,,,,,,,,,,,,,,,,,,,,,,,,,,,,,,,,,,,,,,,,,,,,,,,,,,,
2.7241,3.20E-02,260.25,3.2,,2.6887,3.20E-02,259.09,3.2,,2.6701,3.20E-02,257.69,3.2,,2.6553,3.20E-02,257.36,3.2,,2.4274,3.20E-02,234.32,3.2,,2.5471,3.20E-02,246.38,3.2,,2.7123,3.20E-02,263.2,3.2,,2.5987,3.20E-02,251.48,3.2,,2.3789,3.20E-02,229.29,3.2,,2.4943,3.20E-02,240.92,3.2,,2.6541,3.20E-02,257.12,3.2,,2.6279,3.20E-02,254.49,3.2,,2.40E+00,3.20E-02,231.87,3.2,,2.5214,3.20E-02,243.71,3.2,,2.6836,3.20E-02,260.21,3.2,,2.6698,3.20E-02,258.92,3.2,,2.4403,3.20E-02,235.67,3.2,,2.5611,3.20E-02,247.85,3.2,,2.7281,3.20E-02,264.84,3.2,,2.5604,3.20E-02,244.66,3.2,,2.3482,3.20E-02,223.89,,,2.4594,3.20E-02,234.78,3.2,,2.6139,3.20E-02,249.92,3.2,,2.4979,3.20E-02,238.36,3.2,,2.2947,3.20E-02,218.46,3.2,,2.4012,3.20E-02,228.9,3.2,,2.5493,3.20E-02,243.35,3.2,,2.5299,3.20E-02,241.56,3.2,,2.3222,3.20E-02,221.24,3.2,,2.4311,3.20E-02,231.91,,,2.5825,3.20E-02,246.7,3.2,,2.6939,3.20E-02,262.19,3.2,,2.4599,3.20E-02,238.31,3.2,,2.5832,3.20E-02,250.83,3.2,,2.7533,3.20E-02,268.28,3.2,,2.6792,3.20E-02,260.64,3.2,,2.4474,3.20E-02,236.99,3.2,,2.5696,3.20E-02,249.39,3.2,,,,,,,,,,,,,,,,,,,,,,,,,,,,,,,,,,,,,,,,,,,,,,,,,,,,,,,,,,,,,,,,,,,,,,,,,,,,,,,,,,,,,,,,,,,,,,,,,,,,,,,,,,,,,,,,,,,
3.1557,3.40E-02,283.43,3.4,,3.1176,3.40E-02,282.18,3.4,,3.0948,3.40E-02,281.05,3.4,,3.0783,3.40E-02,280.41,3.4,,2.8158,3.40E-02,255.43,3.4,,2.9531,3.40E-02,268.47,3.4,,3.1449,3.40E-02,286.74,3.4,,3.0131,3.40E-02,274.06,3.4,,2.7602,3.40E-02,250.05,3.4,,2.8931,3.40E-02,262.64,3.4,,3.0772,3.40E-02,280.16,3.4,,3.0466,3.40E-02,277.3,3.4,,2.79E+00,3.40E-02,252.81,3.4,,2.9236,3.40E-02,265.61,3.4,,3.1119,3.40E-02,283.52,3.4,,3.0957,3.40E-02,282.12,3.4,,2.8306,3.40E-02,256.88,3.4,,2.9693,3.40E-02,270.07,3.4,,3.1629,3.40E-02,288.52,3.4,,2.9672,3.40E-02,266.41,3.4,,2.7229,3.40E-02,243.98,,,2.8512,3.40E-02,255.76,3.4,,3.029,3.40E-02,272.08,3.4,,2.8956,3.40E-02,259.63,3.4,,2.6613,3.40E-02,238.11,3.4,,2.7844,3.40E-02,249.43,3.4,,2.9546,3.40E-02,265.05,3.4,,2.9323,3.40E-02,263.1,3.4,,2.6929,3.40E-02,241.12,3.4,,2.8187,3.40E-02,252.66,,,2.9928,3.40E-02,268.64,3.4,,3.124,3.40E-02,285.71,3.4,,2.8542,3.40E-02,259.85,3.4,,2.9952,3.40E-02,273.35,3.4,,3.1925,3.40E-02,292.31,3.4,,3.107,3.40E-02,284.03,3.4,,2.8398,3.40E-02,258.44,3.4,,2.9795,3.40E-02,271.81,3.4,,,,,,,,,,,,,,,,,,,,,,,,,,,,,,,,,,,,,,,,,,,,,,,,,,,,,,,,,,,,,,,,,,,,,,,,,,,,,,,,,,,,,,,,,,,,,,,,,,,,,,,,,,,,,,,,,,,
3.6221,3.60E-02,306.11,3.6,,3.5812,3.60E-02,304.68,3.6,,3.5572,3.60E-02,304.89,3.6,,3.5387,3.60E-02,303.97,3.6,,3.2379,3.60E-02,277.08,3.6,,3.3956,3.60E-02,291.17,3.6,,3.6148,3.60E-02,310.8,3.6,,3.4647,3.60E-02,297.22,3.6,,3.175,3.60E-02,271.29,3.6,,3.3268,3.60E-02,284.88,3.6,,3.538,3.60E-02,303.79,3.6,,3.5027,3.60E-02,300.67,3.6,,3.21E+00,3.60E-02,274.24,3.6,,3.3621,3.60E-02,288.09,3.6,,3.5774,3.60E-02,307.37,3.6,,3.5586,3.60E-02,305.8,3.6,,3.2548,3.60E-02,278.64,3.6,,3.414,3.60E-02,292.86,3.6,,3.6353,3.60E-02,312.69,3.6,,3.4092,3.60E-02,288.71,3.6,,3.13,3.60E-02,264.41,,,3.2766,3.60E-02,277.12,3.6,,3.4798,3.60E-02,294.86,3.6,,3.3281,3.60E-02,281.37,3.6,,3.0599,3.60E-02,258.16,3.6,,3.2005,3.60E-02,270.32,3.6,,3.3956,3.60E-02,287.28,3.6,,3.37,3.60E-02,285.14,3.6,,3.0958,3.60E-02,261.35,3.6,,3.2396,3.60E-02,273.78,,,3.4386,3.60E-02,291.14,3.6,,3.5915,3.60E-02,309.78,3.6,,3.2821,3.60E-02,281.87,3.6,,3.4442,3.60E-02,296.48,3.6,,3.6699,3.60E-02,316.87,3.6,,3.5723,3.60E-02,308,3.6,,3.2656,3.60E-02,280.34,3.6,,3.4264,3.60E-02,294.82,3.6,,,,,,,,,,,,,,,,,,,,,,,,,,,,,,,,,,,,,,,,,,,,,,,,,,,,,,,,,,,,,,,,,,,,,,,,,,,,,,,,,,,,,,,,,,,,,,,,,,,,,,,,,,,,,,,,,,,
4.1223,3.80E-02,328.37,3.8,,4.0777,3.80E-02,330.11,3.8,,4.058,3.80E-02,328.81,3.8,,4.0359,3.80E-02,328.02,3.8,,3.6933,3.80E-02,299.07,3.8,,3.8726,3.80E-02,314.17,3.8,,4.1226,3.80E-02,335.4,3.8,,3.9516,3.80E-02,320.79,3.8,,3.6213,3.80E-02,292.93,3.8,,3.7943,3.80E-02,307.49,3.8,,4.0352,3.80E-02,327.87,3.8,,3.9949,3.80E-02,324.45,3.8,,3.66E+00,3.80E-02,296.07,3.8,,3.8345,3.80E-02,310.9,3.8,,4.0801,3.80E-02,331.71,3.8,,4.0584,3.80E-02,329.98,3.8,,3.7124,3.80E-02,300.72,3.8,,3.8935,3.80E-02,315.97,3.8,,4.1459,3.80E-02,337.43,3.8,,3.8863,3.80E-02,311.32,3.8,,3.5688,3.80E-02,285.29,,,3.7358,3.80E-02,298.98,3.8,,3.9661,3.80E-02,317.88,3.8,,3.7941,3.80E-02,303.58,3.8,,3.4894,3.80E-02,278.55,3.8,,3.6497,3.80E-02,291.72,3.8,,3.8704,3.80E-02,309.85,3.8,,3.8414,3.80E-02,307.53,3.8,,3.5302,3.80E-02,282,3.8,,3.6941,3.80E-02,295.44,,,3.9195,3.80E-02,313.95,3.8,,4.0959,3.80E-02,334.25,3.8,,3.7439,3.80E-02,304.31,3.8,,3.9281,3.80E-02,319.94,3.8,,4.1853,3.80E-02,341.93,3.8,,4.074,3.80E-02,332.35,3.8,,3.7253,3.80E-02,302.7,3.8,,3.9078,3.80E-02,318.18,3.8,,,,,,,,,,,,,,,,,,,,,,,,,,,,,,,,,,,,,,,,,,,,,,,,,,,,,,,,,,,,,,,,,,,,,,,,,,,,,,,,,,,,,,,,,,,,,,,,,,,,,,,,,,,,,,,,,,,
4.6596,4.00E-02,356.55,4,,4.6172,4.00E-02,354.72,4,,4.5955,4.00E-02,353.41,4,,4.5726,4.00E-02,352.71,4,,4.1855,4.00E-02,321.68,4,,4.3887,4.00E-02,337.96,4,,4.6699,4.00E-02,360.56,4,,4.4782,4.00E-02,345.06,4,,4.1046,4.00E-02,315.07,4,,4.3007,4.00E-02,330.8,4,,4.572,4.00E-02,352.62,4,,4.5267,4.00E-02,348.97,4,,4.15E+00,4.00E-02,318.45,4,,4.346,4.00E-02,334.47,4,,4.6223,4.00E-02,356.67,4,,4.5978,4.00E-02,354.78,4,,4.207,4.00E-02,323.46,4,,4.4121,4.00E-02,339.89,4,,4.6961,4.00E-02,362.7,4,,4.4012,4.00E-02,334.45,4,,4.0439,4.00E-02,306.68,,,4.2316,4.00E-02,321.25,4,,4.4909,4.00E-02,341.48,4,,4.2974,4.00E-02,326.25,4,,3.9545,4.00E-02,299.59,4,,4.1346,4.00E-02,313.58,4,,4.3839,4.00E-02,332.96,4,,4.3507,4.00E-02,330.42,4,,4.0004,4.00E-02,303.21,4,,4.1844,4.00E-02,317.5,,,4.4389,4.00E-02,337.29,4,,4.6413,4.00E-02,359.51,4,,4.2427,4.00E-02,327.27,4,,4.4516,4.00E-02,344.16,4,,4.7416,4.00E-02,367.66,4,,4.6167,4.00E-02,357.48,4,,4.2217,4.00E-02,325.53,4,,4.4288,4.00E-02,342.27,4,,,,,,,,,,,,,,,,,,,,,,,,,,,,,,,,,,,,,,,,,,,,,,,,,,,,,,,,,,,,,,,,,,,,,,,,,,,,,,,,,,,,,,,,,,,,,,,,,,,,,,,,,,,,,,,,,,,
5.242,4.20E-02,383.82,4.2,,5.1954,4.20E-02,378.82,4.2,,5.1683,4.20E-02,378.6,4.2,,5.1479,4.20E-02,377.68,4.2,,4.7152,4.20E-02,344.69,4.2,,4.9423,4.20E-02,361.98,4.2,,5.2566,4.20E-02,386.06,4.2,,5.0425,4.20E-02,369.62,4.2,,4.6248,4.20E-02,337.74,4.2,,4.844,4.20E-02,354.43,4.2,,5.1475,4.20E-02,377.68,4.2,,5.0966,4.20E-02,373.74,4.2,,4.67E+00,4.20E-02,341.29,4.2,,4.8944,4.20E-02,358.29,4.2,,5.2034,4.20E-02,381.93,4.2,,5.176,4.20E-02,379.89,4.2,,4.7393,4.20E-02,346.56,4.2,,4.9685,4.20E-02,364.01,4.2,,5.2858,4.20E-02,388.35,4.2,,4.953,4.20E-02,358.05,4.2,,4.5524,4.20E-02,328.42,,,4.7626,4.20E-02,343.99,4.2,,5.0539,4.20E-02,365.48,4.2,,4.8371,4.20E-02,349.36,4.2,,4.4526,4.20E-02,320.84,4.2,,4.6545,4.20E-02,335.82,4.2,,4.9337,4.20E-02,356.51,4.2,,4.8966,4.20E-02,353.8,4.2,,4.5039,4.20E-02,324.72,4.2,,4.71,4.20E-02,340,,,4.9956,4.20E-02,361.1,4.2,,5.2255,4.20E-02,385,4.2,,4.7799,4.20E-02,350.75,4.2,,5.0139,4.20E-02,368.69,4.2,,5.3378,4.20E-02,393.68,4.2,,5.1981,4.20E-02,382.86,4.2,,4.7563,4.20E-02,348.91,4.2,,4.9885,4.20E-02,366.69,4.2,,,,,,,,,,,,,,,,,,,,,,,,,,,,,,,,,,,,,,,,,,,,,,,,,,,,,,,,,,,,,,,,,,,,,,,,,,,,,,,,,,,,,,,,,,,,,,,,,,,,,,,,,,,,,,,,,,,
5.8683,4.40E-02,410.13,4.4,,5.8106,4.40E-02,404.07,4.4,,5.7843,4.40E-02,403.98,4.4,,5.7614,4.40E-02,403.16,4.4,,5.2792,4.40E-02,368.04,4.4,,5.5322,4.40E-02,386.42,4.4,,5.8831,4.40E-02,412.04,4.4,,5.6444,4.40E-02,394.58,4.4,,5.1787,4.40E-02,360.73,4.4,,5.4231,4.40E-02,378.47,4.4,,5.7619,4.40E-02,403.19,4.4,,5.7045,4.40E-02,398.96,4.4,,5.23E+00,4.40E-02,364.47,4.4,,5.4791,4.40E-02,382.5,4.4,,5.8241,4.40E-02,407.71,4.4,,5.7926,4.40E-02,405.47,4.4,,5.306,4.40E-02,370.01,4.4,,5.5613,4.40E-02,388.58,4.4,,5.9155,4.40E-02,414.43,4.4,,5.5408,4.40E-02,381.85,4.4,,5.095,4.40E-02,350.47,,,5.3293,4.40E-02,366.93,4.4,,5.6532,4.40E-02,389.8,4.4,,5.4122,4.40E-02,372.7,4.4,,4.9841,4.40E-02,342.51,4.4,,5.2094,4.40E-02,358.38,4.4,,5.5201,4.40E-02,380.32,4.4,,5.4781,4.40E-02,377.37,4.4,,5.041,4.40E-02,346.58,4.4,,5.2709,4.40E-02,362.75,,,5.5884,4.40E-02,385.14,4.4,,5.8485,4.40E-02,410.96,4.4,,5.3523,4.40E-02,374.57,4.4,,5.6126,4.40E-02,393.58,4.4,,5.9738,4.40E-02,420.21,4.4,,5.8181,4.40E-02,408.69,4.4,,5.3263,4.40E-02,372.64,4.4,,5.5842,4.40E-02,391.49,4.4,,,,,,,,,,,,,,,,,,,,,,,,,,,,,,,,,,,,,,,,,,,,,,,,,,,,,,,,,,,,,,,,,,,,,,,,,,,,,,,,,,,,,,,,,,,,,,,,,,,,,,,,,,,,,,,,,,,
6.5358,4.60E-02,435.8,4.6,,6.4675,4.60E-02,429.13,4.6,,6.4405,4.60E-02,429.77,4.6,,6.4164,4.60E-02,429.04,4.6,,5.8812,4.60E-02,391.87,4.6,,6.1623,4.60E-02,411.34,4.6,,6.5512,4.60E-02,438.44,4.6,,6.2871,4.60E-02,420.09,4.6,,5.7699,4.60E-02,384.11,4.6,,6.0415,4.60E-02,402.97,4.6,,6.4169,4.60E-02,429.19,4.6,,6.3534,4.60E-02,424.66,4.6,,5.83E+00,4.60E-02,388.08,4.6,,6.1035,4.60E-02,407.25,4.6,,6.4857,4.60E-02,433.91,4.6,,6.4507,4.60E-02,431.46,4.6,,5.9109,4.60E-02,393.96,4.6,,6.1944,4.60E-02,413.6,4.6,,6.587,4.60E-02,440.95,4.6,,6.1687,4.60E-02,406.11,4.6,,5.6745,4.60E-02,372.86,,,5.9342,4.60E-02,390.32,4.6,,6.2935,4.60E-02,414.5,4.6,,6.0274,4.60E-02,396.46,4.6,,5.5519,4.60E-02,364.53,4.6,,5.8017,4.60E-02,381.33,4.6,,6.1464,4.60E-02,404.51,4.6,,6.0999,4.60E-02,401.39,4.6,,5.6148,4.60E-02,368.78,4.6,,5.8697,4.60E-02,385.89,,,6.2219,4.60E-02,409.61,4.6,,6.5137,4.60E-02,437.4,4.6,,5.963,4.60E-02,398.82,4.6,,6.2517,4.60E-02,419.01,4.6,,6.6526,4.60E-02,447.19,4.6,,6.4801,4.60E-02,435.03,4.6,,5.9342,4.60E-02,396.77,4.6,,6.2204,4.60E-02,416.8,4.6,,,,,,,,,,,,,,,,,,,,,,,,,,,,,,,,,,,,,,,,,,,,,,,,,,,,,,,,,,,,,,,,,,,,,,,,,,,,,,,,,,,,,,,,,,,,,,,,,,,,,,,,,,,,,,,,,,,
7.2426,4.80E-02,460.89,4.8,,7.1639,4.80E-02,456.34,4.8,,7.1379,4.80E-02,456.08,4.8,,7.1118,4.80E-02,455.2,4.8,,6.5215,4.80E-02,415.99,4.8,,6.8313,4.80E-02,436.57,4.8,,7.2609,4.80E-02,465.15,4.8,,6.97,4.80E-02,445.9,4.8,,6.3994,4.80E-02,407.89,4.8,,6.6987,4.80E-02,427.81,4.8,,7.1136,4.80E-02,455.48,4.8,,7.0427,4.80E-02,450.65,4.8,,6.46E+00,4.80E-02,412.03,4.8,,6.7667,4.80E-02,432.29,4.8,,7.1894,4.80E-02,460.4,4.8,,7.1498,4.80E-02,457.76,4.8,,6.5541,4.80E-02,418.19,4.8,,6.8667,4.80E-02,438.94,4.8,,7.3001,4.80E-02,467.79,4.8,,6.836,4.80E-02,430.8,4.8,,6.2895,4.80E-02,395.64,,,6.5763,4.80E-02,414.07,4.8,,6.9732,4.80E-02,439.65,4.8,,6.6793,4.80E-02,420.69,4.8,,6.1546,4.80E-02,386.86,4.8,,6.4302,4.80E-02,404.6,4.8,,6.8109,4.80E-02,429.22,4.8,,6.7596,4.80E-02,425.84,4.8,,6.2235,4.80E-02,391.34,4.8,,6.5052,4.80E-02,409.43,,,6.8941,4.80E-02,434.54,4.8,,7.2202,4.80E-02,464.15,4.8,,6.6124,4.80E-02,423.41,4.8,,6.9312,4.80E-02,444.76,4.8,,7.3733,4.80E-02,474.44,4.8,,7.1832,4.80E-02,461.67,4.8,,6.5808,4.80E-02,421.27,4.8,,6.8968,4.80E-02,442.44,4.8,,,,,,,,,,,,,,,,,,,,,,,,,,,,,,,,,,,,,,,,,,,,,,,,,,,,,,,,,,,,,,,,,,,,,,,,,,,,,,,,,,,,,,,,,,,,,,,,,,,,,,,,,,,,,,,,,,,
7.9875,5.00E-02,485.42,5,,7.9029,5.00E-02,484.32,5,,7.8768,5.00E-02,482.82,5,,7.8492,5.00E-02,481.85,5,,7.1995,5.00E-02,440.42,5,,7.5405,5.00E-02,462.08,5,,8.0131,5.00E-02,492.37,5,,7.6941,5.00E-02,471.99,5,,7.0659,5.00E-02,432.02,5,,7.3954,5.00E-02,452.94,5,,7.8523,5.00E-02,482.18,5,,7.7734,5.00E-02,477.01,5,,7.13E+00,5.00E-02,436.32,5,,7.4701,5.00E-02,457.57,5,,7.9343,5.00E-02,487.36,5,,7.8909,5.00E-02,484.53,5,,7.2353,5.00E-02,442.69,5,,7.5792,5.00E-02,464.58,5,,8.0563,5.00E-02,495.13,5,,7.542,5.00E-02,455.7,5,,6.9414,5.00E-02,418.71,,,7.2569,5.00E-02,438.12,5,,7.6927,5.00E-02,465.05,5,,7.3703,5.00E-02,445.17,5,,6.7932,5.00E-02,409.49,5,,7.0968,5.00E-02,428.27,5,,7.5151,5.00E-02,454.13,5,,7.4583,5.00E-02,450.53,5,,6.8693,5.00E-02,414.2,5,,7.1788,5.00E-02,433.3,,,7.6063,5.00E-02,459.66,5,,7.9695,5.00E-02,491.28,5,,7.3009,5.00E-02,448.37,5,,7.6516,5.00E-02,470.77,5,,8.1384,5.00E-02,502.23,5,,7.9289,5.00E-02,488.66,5,,7.2661,5.00E-02,446.14,5,,7.6137,5.00E-02,468.35,5,,,,,,,,,,,,,,,,,,,,,,,,,,,,,,,,,,,,,,,,,,,,,,,,,,,,,,,,,,,,,,,,,,,,,,,,,,,,,,,,,,,,,,,,,,,,,,,,,,,,,,,,,,,,,,,,,,,
8.7731,5.20E-02,512.92,5.2,,8.6868,5.20E-02,511.18,5.2,,8.6569,5.20E-02,509.61,5.2,,8.6287,5.20E-02,508.92,5.2,,7.916,5.20E-02,465.27,5.2,,8.2902,5.20E-02,488.18,5.2,,8.8081,5.20E-02,519.95,5.2,,8.4586,5.20E-02,498.71,5.2,,7.769,5.20E-02,456.35,5.2,,8.1313,5.20E-02,478.56,5.2,,8.6317,5.20E-02,509.38,5.2,,8.5461,5.20E-02,503.91,5.2,,7.84E+00,5.20E-02,460.9,5.2,,8.2131,5.20E-02,483.48,5.2,,8.7218,5.20E-02,514.76,5.2,,8.6742,5.20E-02,511.69,5.2,,7.9551,5.20E-02,467.68,5.2,,8.3328,5.20E-02,490.78,5.2,,8.8553,5.20E-02,522.82,5.2,,8.2879,5.20E-02,481.03,5.2,,7.6311,5.20E-02,442.1,,,7.9768,5.20E-02,462.52,5.2,,8.4529,5.20E-02,490.84,5.2,,8.1007,5.20E-02,470.03,5.2,,7.4691,5.20E-02,432.55,5.2,,7.8015,5.20E-02,452.24,5.2,,8.2592,5.20E-02,479.44,5.2,,8.1968,5.20E-02,475.6,5.2,,7.5522,5.20E-02,437.42,5.2,,7.8915,5.20E-02,457.48,,,8.3585,5.20E-02,485.25,5.2,,8.761,5.20E-02,518.95,5.2,,8.0269,5.20E-02,473.6,5.2,,8.412,5.20E-02,497.38,5.2,,8.9454,5.20E-02,530.4,5.2,,8.7165,5.20E-02,516.22,5.2,,7.9889,5.20E-02,471.25,5.2,,8.3706,5.20E-02,494.82,5.2,,,,,,,,,,,,,,,,,,,,,,,,,,,,,,,,,,,,,,,,,,,,,,,,,,,,,,,,,,,,,,,,,,,,,,,,,,,,,,,,,,,,,,,,,,,,,,,,,,,,,,,,,,,,,,,,,,,
9.603,5.40E-02,540.8,5.4,,9.5111,5.40E-02,537.98,5.4,,9.4797,5.40E-02,536.83,5.4,,9.4509,5.40E-02,536.22,5.4,,8.6739,5.40E-02,490.45,5.4,,9.082,5.40E-02,514.45,5.4,,9.6453,5.40E-02,547.75,5.4,,9.2659,5.40E-02,525.62,5.4,,8.5143,5.40E-02,481.21,5.4,,8.9091,5.40E-02,504.48,5.4,,9.4545,5.40E-02,536.84,5.4,,9.3608,5.40E-02,531.03,5.4,,8.60E+00,5.40E-02,485.91,5.4,,8.9978,5.40E-02,509.57,5.4,,9.5523,5.40E-02,542.4,5.4,,9.5004,5.40E-02,539.1,5.4,,8.7165,5.40E-02,492.96,5.4,,9.1282,5.40E-02,517.15,5.4,,9.6967,5.40E-02,550.76,5.4,,9.0749,5.40E-02,506.66,5.4,,8.3575,5.40E-02,465.8,,,8.7348,5.40E-02,487.3,5.4,,9.255,5.40E-02,516.94,5.4,,8.8712,5.40E-02,495.23,5.4,,8.182,5.40E-02,455.79,5.4,,8.5442,5.40E-02,476.5,5.4,,9.0438,5.40E-02,505.14,5.4,,8.9756,5.40E-02,501.05,5.4,,8.2723,5.40E-02,460.89,5.4,,8.6419,5.40E-02,482.01,,,9.152,5.40E-02,511.15,5.4,,9.5953,5.40E-02,546.8,5.4,,8.7957,5.40E-02,499.29,5.4,,9.2158,5.40E-02,524.19,5.4,,9.7967,5.40E-02,558.83,5.4,,9.5471,5.40E-02,543.97,5.4,,8.7543,5.40E-02,496.84,5.4,,9.1709,5.40E-02,521.54,5.4,,,,,,,,,,,,,,,,,,,,,,,,,,,,,,,,,,,,,,,,,,,,,,,,,,,,,,,,,,,,,,,,,,,,,,,,,,,,,,,,,,,,,,,,,,,,,,,,,,,,,,,,,,,,,,,,,,,
10.476,5.60E-02,568.18,5.6,,10.377,5.60E-02,566.28,5.6,,10.346,5.60E-02,564.7,5.6,,10.316,5.60E-02,563.86,5.6,,9.471,5.60E-02,515.99,5.6,,9.9146,5.60E-02,541.09,5.6,,10.529,5.60E-02,576.01,5.6,,10.115,5.60E-02,552.91,5.6,,9.2977,5.60E-02,506.39,5.6,,9.7272,5.60E-02,530.8,5.6,,10.32,5.60E-02,564.6,5.6,,10.218,5.60E-02,558.45,5.6,,9.39E+00,5.60E-02,511.29,5.6,,9.823,5.60E-02,536.04,5.6,,10.427,5.60E-02,570.37,5.6,,10.37,5.60E-02,566.88,5.6,,9.5173,5.60E-02,518.59,5.6,,9.9648,5.60E-02,543.88,5.6,,10.584,5.60E-02,579.14,5.6,,9.9033,5.60E-02,532.53,5.6,,9.1235,5.60E-02,489.78,,,9.5334,5.60E-02,512.27,5.6,,10.099,5.60E-02,543.24,5.6,,9.6825,5.60E-02,520.71,5.6,,8.9329,5.60E-02,479.38,5.6,,9.3269,5.60E-02,501.08,5.6,,9.8705,5.60E-02,531.08,5.6,,9.7957,5.60E-02,526.74,5.6,,9.0308,5.60E-02,484.69,5.6,,9.4328,5.60E-02,506.78,,,9.9876,5.60E-02,537.27,5.6,,10.474,5.60E-02,575.03,5.6,,9.6047,5.60E-02,525.34,5.6,,10.061,5.60E-02,551.4,5.6,,10.694,5.60E-02,587.63,5.6,,10.422,5.60E-02,572.11,5.6,,9.5597,5.60E-02,522.79,5.6,,10.012,5.60E-02,548.65,5.6,,,,,,,,,,,,,,,,,,,,,,,,,,,,,,,,,,,,,,,,,,,,,,,,,,,,,,,,,,,,,,,,,,,,,,,,,,,,,,,,,,,,,,,,,,,,,,,,,,,,,,,,,,,,,,,,,,,
11.392,5.80E-02,595.12,5.8,,11.292,5.80E-02,594.01,5.8,,11.257,5.80E-02,592.63,5.8,,11.225,5.80E-02,591.97,5.8,,10.308,5.80E-02,541.71,5.8,,10.789,5.80E-02,568.03,5.8,,11.456,5.80E-02,604.63,5.8,,11.007,5.80E-02,580.48,5.8,,10.12,5.80E-02,531.78,5.8,,10.587,5.80E-02,557.31,5.8,,11.23,5.80E-02,592.83,5.8,,11.119,5.80E-02,586.34,5.8,,1.02E+01,5.80E-02,536.85,5.8,,10.691,5.80E-02,562.74,5.8,,11.346,5.80E-02,598.85,5.8,,11.283,5.80E-02,595.08,5.8,,10.358,5.80E-02,544.4,5.8,,10.843,5.80E-02,570.97,5.8,,11.516,5.80E-02,607.84,5.8,,10.774,5.80E-02,558.6,5.8,,9.9273,5.80E-02,514.04,,,10.372,5.80E-02,537.42,5.8,,10.986,5.80E-02,569.89,5.8,,10.534,5.80E-02,546.37,5.8,,9.7203,5.80E-02,503.28,5.8,,10.148,5.80E-02,525.93,5.8,,10.738,5.80E-02,557.24,5.8,,10.657,5.80E-02,552.6,5.8,,9.8265,5.80E-02,508.77,5.8,,10.263,5.80E-02,531.78,,,10.865,5.80E-02,563.65,5.8,,11.398,5.80E-02,603.7,5.8,,10.454,5.80E-02,551.57,5.8,,10.949,5.80E-02,578.82,5.8,,11.636,5.80E-02,616.9,5.8,,11.341,5.80E-02,600.63,5.8,,10.405,5.80E-02,548.93,5.8,,10.896,5.80E-02,575.97,5.8,,,,,,,,,,,,,,,,,,,,,,,,,,,,,,,,,,,,,,,,,,,,,,,,,,,,,,,,,,,,,,,,,,,,,,,,,,,,,,,,,,,,,,,,,,,,,,,,,,,,,,,,,,,,,,,,,,,
12.348,6.00E-02,621.73,6,,12.25,6.00E-02,621.39,6,,12.212,6.00E-02,621.34,6,,12.178,6.00E-02,620.21,6,,11.187,6.00E-02,567.76,6,,11.707,6.00E-02,595.25,6,,12.428,6.00E-02,633.47,6,,11.944,6.00E-02,608.36,6,,10.984,6.00E-02,557.47,6,,11.488,6.00E-02,584.12,6,,12.185,6.00E-02,621.25,6,,12.064,6.00E-02,614.39,6,,1.11E+01,6.00E-02,562.7,6,,11.601,6.00E-02,589.79,6,,12.309,6.00E-02,627.47,6,,12.241,6.00E-02,623.43,6,,11.24,6.00E-02,570.57,6,,11.766,6.00E-02,598.28,6,,12.493,6.00E-02,636.8,6,,11.686,6.00E-02,585.19,6,,10.771,6.00E-02,538.48,,,11.252,6.00E-02,563.01,6,,11.915,6.00E-02,596.93,6,,11.429,6.00E-02,572.43,6,,10.548,6.00E-02,527.35,6,,11.011,6.00E-02,551.06,6,,11.648,6.00E-02,583.78,6,,11.56,6.00E-02,578.91,6,,10.662,6.00E-02,533.02,6,,11.135,6.00E-02,557.13,,,11.785,6.00E-02,590.48,6,,12.366,6.00E-02,632.53,6,,11.344,6.00E-02,578.08,6,,11.881,6.00E-02,606.62,6,,12.623,6.00E-02,646.33,6,,12.305,6.00E-02,629.36,6,,11.292,6.00E-02,575.35,6,,11.824,6.00E-02,603.65,6,,,,,,,,,,,,,,,,,,,,,,,,,,,,,,,,,,,,,,,,,,,,,,,,,,,,,,,,,,,,,,,,,,,,,,,,,,,,,,,,,,,,,,,,,,,,,,,,,,,,,,,,,,,,,,,,,,,
13.344,6.20E-02,649.85,6.2,,13.247,6.20E-02,650.05,6.2,,13.214,6.20E-02,649.63,6.2,,13.178,6.20E-02,648.88,6.2,,12.106,6.20E-02,594.13,6.2,,12.669,6.20E-02,622.85,6.2,,13.447,6.20E-02,662.7,6.2,,12.925,6.20E-02,636.72,6.2,,11.888,6.20E-02,583.44,6.2,,12.433,6.20E-02,611.34,6.2,,13.185,6.20E-02,650.16,6.2,,13.055,6.20E-02,642.91,6.2,,1.20E+01,6.20E-02,588.89,6.2,,12.554,6.20E-02,617.2,6.2,,13.32,6.20E-02,656.53,6.2,,13.245,6.20E-02,652.2,6.2,,12.164,6.20E-02,597.03,6.2,,12.732,6.20E-02,625.97,6.2,,13.517,6.20E-02,666.12,6.2,,12.639,6.20E-02,611.87,6.2,,11.656,6.20E-02,563.23,,,12.174,6.20E-02,588.8,6.2,,12.884,6.20E-02,624.05,6.2,,12.364,6.20E-02,598.78,6.2,,11.415,6.20E-02,551.78,6.2,,11.915,6.20E-02,576.47,6.2,,12.599,6.20E-02,610.57,6.2,,12.505,6.20E-02,605.43,6.2,,11.538,6.20E-02,557.62,6.2,,12.048,6.20E-02,582.73,,,12.745,6.20E-02,617.43,6.2,,13.381,6.20E-02,661.83,6.2,,12.278,6.20E-02,604.99,6.2,,12.857,6.20E-02,634.75,6.2,,13.659,6.20E-02,676.19,6.2,,13.315,6.20E-02,658.57,6.2,,12.221,6.20E-02,602.14,6.2,,12.795,6.20E-02,631.68,6.2,,,,,,,,,,,,,,,,,,,,,,,,,,,,,,,,,,,,,,,,,,,,,,,,,,,,,,,,,,,,,,,,,,,,,,,,,,,,,,,,,,,,,,,,,,,,,,,,,,,,,,,,,,,,,,,,,,,
14.384,6.40E-02,680.7,6.4,,14.29,6.40E-02,679.47,6.4,,14.257,6.40E-02,678.69,6.4,,14.222,6.40E-02,677.75,6.4,,13.069,6.40E-02,620.77,6.4,,13.675,6.40E-02,650.64,6.4,,14.511,6.40E-02,692.1,6.4,,13.952,6.40E-02,665.22,6.4,,12.836,6.40E-02,609.74,6.4,,13.422,6.40E-02,638.82,6.4,,14.231,6.40E-02,679.24,6.4,,14.09,6.40E-02,671.6,6.4,,1.30E+01,6.40E-02,615.36,6.4,,13.552,6.40E-02,644.83,6.4,,14.374,6.40E-02,685.76,6.4,,14.294,6.40E-02,681.16,6.4,,13.132,6.40E-02,623.77,6.4,,13.743,6.40E-02,653.86,6.4,,14.585,6.40E-02,695.65,6.4,,13.633,6.40E-02,638.75,6.4,,12.579,6.40E-02,588.28,,,13.133,6.40E-02,614.81,6.4,,13.898,6.40E-02,651.43,6.4,,13.336,6.40E-02,625.28,6.4,,12.322,6.40E-02,576.36,6.4,,12.856,6.40E-02,602.08,6.4,,13.59,6.40E-02,637.6,6.4,,13.488,6.40E-02,632.13,6.4,,12.453,6.40E-02,582.41,6.4,,12.998,6.40E-02,608.57,,,13.748,6.40E-02,644.64,6.4,,14.443,6.40E-02,691.3,6.4,,13.255,6.40E-02,632.14,6.4,,13.879,6.40E-02,663.13,6.4,,14.741,6.40E-02,706.26,6.4,,14.372,6.40E-02,687.94,6.4,,13.195,6.40E-02,629.2,6.4,,13.813,6.40E-02,659.97,6.4,,,,,,,,,,,,,,,,,,,,,,,,,,,,,,,,,,,,,,,,,,,,,,,,,,,,,,,,,,,,,,,,,,,,,,,,,,,,,,,,,,,,,,,,,,,,,,,,,,,,,,,,,,,,,,,,,,,
15.475,6.60E-02,710.84,6.6,,15.38,6.60E-02,708.3,6.6,,15.341,6.60E-02,707.77,6.6,,15.309,6.60E-02,706.77,6.6,,14.075,6.60E-02,647.74,6.6,,14.725,6.60E-02,678.76,6.6,,15.617,6.60E-02,721.72,6.6,,15.02,6.60E-02,694.04,6.6,,13.825,6.60E-02,636.38,6.6,,14.454,6.60E-02,666.66,6.6,,15.318,6.60E-02,708.51,6.6,,15.168,6.60E-02,700.5,6.6,,1.40E+01,6.60E-02,642.16,6.6,,14.593,6.60E-02,672.83,6.6,,15.472,6.60E-02,715.21,6.6,,15.386,6.60E-02,710.32,6.6,,14.142,6.60E-02,650.83,6.6,,14.797,6.60E-02,682.05,6.6,,15.698,6.60E-02,725.4,6.6,,14.672,6.60E-02,665.84,6.6,,13.539,6.60E-02,613.4,,,14.135,6.60E-02,641,6.6,,14.954,6.60E-02,678.95,6.6,,14.356,6.60E-02,652.08,6.6,,13.264,6.60E-02,601.12,6.6,,13.837,6.60E-02,627.86,6.6,,14.628,6.60E-02,664.83,6.6,,14.518,6.60E-02,659.07,6.6,,13.405,6.60E-02,607.38,6.6,,13.989,6.60E-02,634.54,,,14.795,6.60E-02,671.99,6.6,,15.548,6.60E-02,721.03,6.6,,14.276,6.60E-02,659.63,6.6,,14.946,6.60E-02,691.88,6.6,,15.866,6.60E-02,736.51,6.6,,15.473,6.60E-02,717.61,6.6,,14.211,6.60E-02,656.6,6.6,,14.875,6.60E-02,688.64,6.6,,,,,,,,,,,,,,,,,,,,,,,,,,,,,,,,,,,,,,,,,,,,,,,,,,,,,,,,,,,,,,,,,,,,,,,,,,,,,,,,,,,,,,,,,,,,,,,,,,,,,,,,,,,,,,,,,,,
16.613,6.80E-02,740.55,6.8,,16.51,6.80E-02,738.14,6.8,,16.471,6.80E-02,736.86,6.8,,16.441,6.80E-02,736.21,6.8,,15.123,6.80E-02,674.83,6.8,,15.814,6.80E-02,706.97,6.8,,16.773,6.80E-02,751.73,6.8,,16.131,6.80E-02,722.99,6.8,,14.856,6.80E-02,663.19,6.8,,15.526,6.80E-02,694.55,6.8,,16.453,6.80E-02,738.15,6.8,,16.289,6.80E-02,729.67,6.8,,1.50E+01,6.80E-02,669.1,6.8,,15.674,6.80E-02,700.86,6.8,,16.617,6.80E-02,745.01,6.8,,16.523,6.80E-02,739.84,6.8,,15.194,6.80E-02,678,6.8,,15.891,6.80E-02,710.37,6.8,,16.858,6.80E-02,755.46,6.8,,15.752,6.80E-02,693.15,6.8,,14.541,6.80E-02,638.76,,,15.178,6.80E-02,667.32,6.8,,16.057,6.80E-02,706.79,6.8,,15.413,6.80E-02,678.99,6.8,,14.245,6.80E-02,626.19,6.8,,14.862,6.80E-02,653.94,6.8,,15.706,6.80E-02,692.32,6.8,,15.587,6.80E-02,686.21,6.8,,14.398,6.80E-02,632.61,6.8,,15.024,6.80E-02,660.73,,,15.885,6.80E-02,699.64,6.8,,16.696,6.80E-02,750.97,6.8,,15.34,6.80E-02,687.3,6.8,,16.053,6.80E-02,720.68,6.8,,17.039,6.80E-02,767.15,6.8,,16.617,6.80E-02,747.45,6.8,,15.271,6.80E-02,684.18,6.8,,15.978,6.80E-02,717.35,6.8,,,,,,,,,,,,,,,,,,,,,,,,,,,,,,,,,,,,,,,,,,,,,,,,,,,,,,,,,,,,,,,,,,,,,,,,,,,,,,,,,,,,,,,,,,,,,,,,,,,,,,,,,,,,,,,,,,,
17.796,7.00E-02,769.91,7,,17.685,7.00E-02,767.69,7,,17.647,7.00E-02,766.55,7,,17.62,7.00E-02,765.78,7,,16.209,7.00E-02,702.08,7,,16.951,7.00E-02,735.39,7,,17.973,7.00E-02,781.88,7,,17.292,7.00E-02,752.2,7,,15.925,7.00E-02,690.17,7,,16.642,7.00E-02,722.69,7,,17.633,7.00E-02,767.89,7,,17.46,7.00E-02,759.07,7,,1.61E+01,7.00E-02,696.22,7,,16.801,7.00E-02,729.14,7,,17.807,7.00E-02,774.99,7,,17.707,7.00E-02,769.51,7,,16.286,7.00E-02,705.32,7,,17.033,7.00E-02,738.93,7,,18.064,7.00E-02,785.71,7,,16.88,7.00E-02,720.77,7,,15.583,7.00E-02,664.31,,,16.264,7.00E-02,693.91,7,,17.204,7.00E-02,734.99,7,,16.518,7.00E-02,706.21,7,,15.27,7.00E-02,651.39,7,,15.926,7.00E-02,680.2,7,,16.83,7.00E-02,720.02,7,,16.703,7.00E-02,713.58,7,,15.43,7.00E-02,657.95,7,,16.099,7.00E-02,687.15,,,17.022,7.00E-02,727.56,7,,17.897,7.00E-02,781.2,7,,16.444,7.00E-02,715.12,7,,17.206,7.00E-02,749.69,7,,18.261,7.00E-02,797.95,7,,17.811,7.00E-02,777.51,7,,16.37,7.00E-02,711.93,7,,17.126,7.00E-02,746.29,7,,,,,,,,,,,,,,,,,,,,,,,,,,,,,,,,,,,,,,,,,,,,,,,,,,,,,,,,,,,,,,,,,,,,,,,,,,,,,,,,,,,,,,,,,,,,,,,,,,,,,,,,,,,,,,,,,,,
19.024,7.20E-02,798.93,7.2,,18.905,7.20E-02,796.25,7.2,,18.875,7.20E-02,796.33,7.2,,18.844,7.20E-02,795.67,7.2,,17.341,7.20E-02,729.57,7.2,,18.131,7.20E-02,764.24,7.2,,19.223,7.20E-02,812.38,7.2,,18.495,7.20E-02,781.79,7.2,,17.038,7.20E-02,717.35,7.2,,17.804,7.20E-02,751.12,7.2,,18.859,7.20E-02,798.09,7.2,,18.674,7.20E-02,788.82,7.2,,1.72E+01,7.20E-02,723.55,7.2,,17.971,7.20E-02,757.75,7.2,,19.046,7.20E-02,805.34,7.2,,18.938,7.20E-02,799.49,7.2,,17.422,7.20E-02,732.93,7.2,,18.219,7.20E-02,767.84,7.2,,19.32,7.20E-02,816.32,7.2,,18.051,7.20E-02,748.55,7.2,,16.668,7.20E-02,690.1,,,17.396,7.20E-02,720.82,7.2,,18.396,7.20E-02,763.25,7.2,,17.666,7.20E-02,733.72,7.2,,16.333,7.20E-02,676.86,7.2,,17.036,7.20E-02,706.78,7.2,,17.999,7.20E-02,747.93,7.2,,17.863,7.20E-02,741.16,7.2,,16.504,7.20E-02,683.57,7.2,,17.221,7.20E-02,713.91,,,18.203,7.20E-02,755.68,7.2,,19.141,7.20E-02,811.73,7.2,,17.591,7.20E-02,743.13,7.2,,18.406,7.20E-02,779.07,7.2,,19.53,7.20E-02,829.1,7.2,,19.049,7.20E-02,807.96,7.2,,17.512,7.20E-02,739.86,7.2,,18.321,7.20E-02,775.52,7.2,,,,,,,,,,,,,,,,,,,,,,,,,,,,,,,,,,,,,,,,,,,,,,,,,,,,,,,,,,,,,,,,,,,,,,,,,,,,,,,,,,,,,,,,,,,,,,,,,,,,,,,,,,,,,,,,,,,
20.297,7.40E-02,830.01,7.4,,20.173,7.40E-02,825.97,7.4,,20.147,7.40E-02,826.31,7.4,,20.12,7.40E-02,825.79,7.4,,18.517,7.40E-02,757.27,7.4,,19.358,7.40E-02,793.16,7.4,,20.522,7.40E-02,843.05,7.4,,19.748,7.40E-02,811.58,7.4,,18.195,7.40E-02,744.8,7.4,,19.01,7.40E-02,779.78,7.4,,20.138,7.40E-02,828.53,7.4,,19.94,7.40E-02,818.8,7.4,,1.84E+01,7.40E-02,751.13,7.4,,19.189,7.40E-02,786.52,7.4,,20.335,7.40E-02,835.89,7.4,,20.22,7.40E-02,829.69,7.4,,18.603,7.40E-02,760.71,7.4,,19.452,7.40E-02,796.87,7.4,,20.625,7.40E-02,847.05,7.4,,19.262,7.40E-02,776.45,7.4,,17.795,7.40E-02,716.06,,,18.569,7.40E-02,747.85,7.4,,19.629,7.40E-02,791.61,7.4,,18.856,7.40E-02,761.32,7.4,,17.441,7.40E-02,702.52,7.4,,18.186,7.40E-02,733.43,7.4,,19.208,7.40E-02,776.05,7.4,,19.064,7.40E-02,768.98,7.4,,17.622,7.40E-02,709.4,7.4,,18.383,7.40E-02,740.72,,,19.423,7.40E-02,783.91,7.4,,20.436,7.40E-02,842.46,7.4,,18.785,7.40E-02,771.42,7.4,,19.652,7.40E-02,808.58,7.4,,20.851,7.40E-02,860.45,7.4,,20.339,7.40E-02,838.61,7.4,,18.702,7.40E-02,768.07,7.4,,19.561,7.40E-02,804.98,7.4,,,,,,,,,,,,,,,,,,,,,,,,,,,,,,,,,,,,,,,,,,,,,,,,,,,,,,,,,,,,,,,,,,,,,,,,,,,,,,,,,,,,,,,,,,,,,,,,,,,,,,,,,,,,,,,,,,,
21.623,7.60E-02,861.44,7.6,,21.492,7.60E-02,857.58,7.6,,21.468,7.60E-02,856.37,7.6,,21.441,7.60E-02,856.1,7.6,,19.736,7.60E-02,785.29,7.6,,20.633,7.60E-02,822.44,7.6,,21.867,7.60E-02,873.9,7.6,,21.046,7.60E-02,841.67,7.6,,19.394,7.60E-02,772.4,7.6,,20.264,7.60E-02,808.73,7.6,,21.46,7.60E-02,859.19,7.6,,21.249,7.60E-02,848.98,7.6,,1.96E+01,7.60E-02,778.89,7.6,,20.454,7.60E-02,815.69,7.6,,21.669,7.60E-02,866.65,7.6,,21.547,7.60E-02,860.07,7.6,,19.828,7.60E-02,788.85,7.6,,20.732,7.60E-02,826.21,7.6,,21.976,7.60E-02,877.95,7.6,,20.52,7.60E-02,804.56,7.6,,18.964,7.60E-02,742.15,,,19.782,7.60E-02,774.88,7.6,,20.909,7.60E-02,820.19,7.6,,20.089,7.60E-02,788.99,7.6,,18.587,7.60E-02,728.35,7.6,,19.377,7.60E-02,760.2,7.6,,20.464,7.60E-02,804.34,7.6,,20.31,7.60E-02,796.9,7.6,,18.781,7.60E-02,735.37,7.6,,19.584,7.60E-02,767.55,,,20.691,7.60E-02,812.37,7.6,,21.779,7.60E-02,873.45,7.6,,20.023,7.60E-02,799.9,7.6,,20.946,7.60E-02,838.48,7.6,,22.22,7.60E-02,892.03,7.6,,21.675,7.60E-02,869.53,7.6,,19.934,7.60E-02,796.43,7.6,,20.849,7.60E-02,834.77,7.6,,,,,,,,,,,,,,,,,,,,,,,,,,,,,,,,,,,,,,,,,,,,,,,,,,,,,,,,,,,,,,,,,,,,,,,,,,,,,,,,,,,,,,,,,,,,,,,,,,,,,,,,,,,,,,,,,,,
22.997,7.80E-02,891.58,7.8,,22.86,7.80E-02,888.38,7.8,,22.834,7.80E-02,887.09,7.8,,22.805,7.80E-02,886.43,7.8,,21.003,7.80E-02,813.45,7.8,,21.954,7.80E-02,851.81,7.8,,23.258,7.80E-02,904.89,7.8,,22.39,7.80E-02,871.82,7.8,,20.642,7.80E-02,800.3,7.8,,21.562,7.80E-02,837.81,7.8,,22.826,7.80E-02,889.86,7.8,,22.603,7.80E-02,879.2,7.8,,2.08E+01,7.80E-02,806.95,7.8,,21.763,7.80E-02,844.91,7.8,,23.047,7.80E-02,897.43,7.8,,22.916,7.80E-02,890.48,7.8,,21.099,7.80E-02,817.07,7.8,,22.058,7.80E-02,855.65,7.8,,23.374,7.80E-02,909.05,7.8,,21.822,7.80E-02,832.87,7.8,,20.169,7.80E-02,768.32,,,21.039,7.80E-02,802.24,7.8,,22.235,7.80E-02,849.03,7.8,,21.364,7.80E-02,817.04,7.8,,19.772,7.80E-02,754.22,7.8,,20.611,7.80E-02,787.21,7.8,,21.763,7.80E-02,832.9,7.8,,21.599,7.80E-02,825.05,7.8,,19.975,7.80E-02,761.35,7.8,,20.831,7.80E-02,794.83,,,22.005,7.80E-02,841.08,7.8,,23.168,7.80E-02,904.5,7.8,,21.309,7.80E-02,828.64,7.8,,22.287,7.80E-02,868.45,7.8,,23.632,7.80E-02,923.62,7.8,,23.06,7.80E-02,900.53,7.8,,21.215,7.80E-02,825.09,7.8,,22.185,7.80E-02,864.67,7.8,,,,,,,,,,,,,,,,,,,,,,,,,,,,,,,,,,,,,,,,,,,,,,,,,,,,,,,,,,,,,,,,,,,,,,,,,,,,,,,,,,,,,,,,,,,,,,,,,,,,,,,,,,,,,,,,,,,
24.414,8.00E-02,920.85,8,,24.271,8.00E-02,918.64,8,,24.245,8.00E-02,917.69,8,,24.22,8.00E-02,917.11,8,,22.312,8.00E-02,841.78,8,,23.313,8.00E-02,881.26,8,,24.698,8.00E-02,936.12,8,,23.78,8.00E-02,902.27,8,,21.929,8.00E-02,828.41,8,,22.901,8.00E-02,867.05,8,,24.243,8.00E-02,920.94,8,,24.006,8.00E-02,909.76,8,,2.21E+01,8.00E-02,835.18,8,,23.112,8.00E-02,874.23,8,,24.475,8.00E-02,928.57,8,,24.338,8.00E-02,921.23,8,,22.414,8.00E-02,845.46,8,,23.424,8.00E-02,885.2,8,,24.819,8.00E-02,940.36,8,,23.167,8.00E-02,861.18,8,,21.419,8.00E-02,794.67,,,22.342,8.00E-02,829.72,8,,23.603,8.00E-02,877.88,8,,22.686,8.00E-02,845.19,8,,21,8.00E-02,780.36,8,,21.888,8.00E-02,814.4,8,,23.106,8.00E-02,861.5,8,,22.932,8.00E-02,853.28,8,,21.215,8.00E-02,787.61,8,,22.121,8.00E-02,822.13,,,23.36,8.00E-02,869.75,8,,24.605,8.00E-02,935.82,8,,22.637,8.00E-02,857.56,8,,23.67,8.00E-02,898.54,8,,25.099,8.00E-02,955.59,8,,24.49,8.00E-02,931.77,8,,22.537,8.00E-02,853.95,8,,23.563,8.00E-02,894.7,8,,,,,,,,,,,,,,,,,,,,,,,,,,,,,,,,,,,,,,,,,,,,,,,,,,,,,,,,,,,,,,,,,,,,,,,,,,,,,,,,,,,,,,,,,,,,,,,,,,,,,,,,,,,,,,,,,,,
25.873,8.20E-02,949.5,8.2,,25.73,8.20E-02,948.65,8.2,,25.706,8.20E-02,948.52,8.2,,25.682,8.20E-02,947.9,8.2,,23.662,8.20E-02,870.16,8.2,,24.723,8.20E-02,910.91,8.2,,26.187,8.20E-02,967.51,8.2,,25.216,8.20E-02,932.78,8.2,,23.258,8.20E-02,856.49,8.2,,24.29,8.20E-02,896.5,8.2,,25.708,8.20E-02,952.11,8.2,,25.455,8.20E-02,940.4,8.2,,2.35E+01,8.20E-02,863.41,8.2,,24.513,8.20E-02,903.79,8.2,,25.954,8.20E-02,959.88,8.2,,25.806,8.20E-02,952.09,8.2,,23.77,8.20E-02,873.92,8.2,,24.839,8.20E-02,914.89,8.2,,26.315,8.20E-02,971.78,8.2,,24.558,8.20E-02,889.66,8.2,,22.713,8.20E-02,821.29,,,23.684,8.20E-02,857.28,8.2,,25.017,8.20E-02,906.78,8.2,,24.05,8.20E-02,873.5,8.2,,22.269,8.20E-02,806.58,8.2,,23.206,8.20E-02,841.68,8.2,,24.494,8.20E-02,890.31,8.2,,24.31,8.20E-02,881.67,8.2,,22.497,8.20E-02,814.01,8.2,,23.45,8.20E-02,849.57,,,24.762,8.20E-02,898.59,8.2,,26.089,8.20E-02,967.21,8.2,,24.009,8.20E-02,886.52,8.2,,25.104,8.20E-02,928.84,8.2,,26.613,8.20E-02,987.65,8.2,,25.968,8.20E-02,963.09,8.2,,23.904,8.20E-02,882.83,8.2,,24.991,8.20E-02,924.92,8.2,,,,,,,,,,,,,,,,,,,,,,,,,,,,,,,,,,,,,,,,,,,,,,,,,,,,,,,,,,,,,,,,,,,,,,,,,,,,,,,,,,,,,,,,,,,,,,,,,,,,,,,,,,,,,,,,,,,
27.377,8.40E-02,978.86,8.4,,27.232,8.40E-02,979.18,8.4,,27.215,8.40E-02,979.3,8.4,,27.189,8.40E-02,978.81,8.4,,25.058,8.40E-02,898.81,8.4,,26.181,8.40E-02,940.79,8.4,,27.723,8.40E-02,998.97,8.4,,26.701,8.40E-02,963.58,8.4,,24.634,8.40E-02,884.95,8.4,,25.721,8.40E-02,926.17,8.4,,27.217,8.40E-02,983.46,8.4,,26.951,8.40E-02,971.25,8.4,,2.49E+01,8.40E-02,891.97,8.4,,25.957,8.40E-02,933.56,8.4,,27.477,8.40E-02,991.28,8.4,,27.321,8.40E-02,983.07,8.4,,25.171,8.40E-02,902.63,8.4,,26.304,8.40E-02,944.84,8.4,,27.858,8.40E-02,1003.3,8.4,,25.991,8.40E-02,918.25,8.4,,24.046,8.40E-02,847.87,,,25.071,8.40E-02,884.89,8.4,,26.478,8.40E-02,935.95,8.4,,25.457,8.40E-02,901.84,8.4,,23.578,8.40E-02,832.94,8.4,,24.569,8.40E-02,869.1,8.4,,25.925,8.40E-02,919.19,8.4,,25.73,8.40E-02,910.14,8.4,,23.817,8.40E-02,840.44,8.4,,24.827,8.40E-02,877.1,,,26.209,8.40E-02,927.64,8.4,,27.624,8.40E-02,998.86,8.4,,25.428,8.40E-02,915.77,8.4,,26.581,8.40E-02,959.32,8.4,,28.174,8.40E-02,1019.8,8.4,,27.496,8.40E-02,994.69,8.4,,25.317,8.40E-02,912.02,8.4,,26.461,8.40E-02,955.34,8.4,,,,,,,,,,,,,,,,,,,,,,,,,,,,,,,,,,,,,,,,,,,,,,,,,,,,,,,,,,,,,,,,,,,,,,,,,,,,,,,,,,,,,,,,,,,,,,,,,,,,,,,,,,,,,,,,,,,
28.927,8.60E-02,1010.8,8.6,,28.79,8.60E-02,1010.3,8.6,,28.766,8.60E-02,1010.5,8.6,,28.745,8.60E-02,1009.9,8.6,,26.501,8.60E-02,927.55,8.6,,27.681,8.60E-02,970.73,8.6,,29.306,8.60E-02,1030.7,8.6,,28.232,8.60E-02,994.46,8.6,,26.053,8.60E-02,913.45,8.6,,27.199,8.60E-02,955.92,8.6,,28.777,8.60E-02,1014.9,8.6,,28.494,8.60E-02,1002.2,8.6,,2.63E+01,8.60E-02,920.59,8.6,,27.447,8.60E-02,963.41,8.6,,29.048,8.60E-02,1022.8,8.6,,28.883,8.60E-02,1014.2,8.6,,26.62,8.60E-02,931.44,8.6,,27.81,8.60E-02,974.85,8.6,,29.449,8.60E-02,1035.1,8.6,,27.473,8.60E-02,947.09,8.6,,25.421,8.60E-02,874.62,,,26.501,8.60E-02,912.71,8.6,,27.987,8.60E-02,965.25,8.6,,26.91,8.60E-02,930.45,8.6,,24.93,8.60E-02,859.44,8.6,,25.972,8.60E-02,896.72,8.6,,27.403,8.60E-02,948.33,8.6,,27.197,8.60E-02,938.82,8.6,,25.181,8.60E-02,867.08,8.6,,26.243,8.60E-02,904.79,,,27.702,8.60E-02,956.85,8.6,,29.206,8.60E-02,1030.6,8.6,,26.891,8.60E-02,945.05,8.6,,28.109,8.60E-02,989.93,8.6,,29.786,8.60E-02,1052.2,8.6,,29.072,8.60E-02,1026.3,8.6,,26.774,8.60E-02,941.23,8.6,,27.982,8.60E-02,985.87,8.6,,,,,,,,,,,,,,,,,,,,,,,,,,,,,,,,,,,,,,,,,,,,,,,,,,,,,,,,,,,,,,,,,,,,,,,,,,,,,,,,,,,,,,,,,,,,,,,,,,,,,,,,,,,,,,,,,,,
30.529,8.80E-02,1044.8,8.8,,30.402,8.80E-02,1041.2,8.8,,30.372,8.80E-02,1041.4,8.8,,30.349,8.80E-02,1041.1,8.8,,27.985,8.80E-02,956.34,8.8,,29.229,8.80E-02,1000.8,8.8,,30.941,8.80E-02,1062.5,8.8,,29.809,8.80E-02,1025.5,8.8,,27.516,8.80E-02,942.15,8.8,,28.722,8.80E-02,985.81,8.8,,30.383,8.80E-02,1046.6,8.8,,30.086,8.80E-02,1033.3,8.8,,2.78E+01,8.80E-02,949.32,8.8,,28.982,8.80E-02,993.38,8.8,,30.669,8.80E-02,1054.6,8.8,,30.494,8.80E-02,1045.5,8.8,,28.111,8.80E-02,960.3,8.8,,29.364,8.80E-02,1005,8.8,,31.092,8.80E-02,1067,8.8,,29.004,8.80E-02,976.05,8.8,,26.84,8.80E-02,901.41,,,27.978,8.80E-02,940.62,8.8,,29.544,8.80E-02,994.75,8.8,,28.411,8.80E-02,959.17,8.8,,26.323,8.80E-02,886.02,8.8,,27.421,8.80E-02,924.38,8.8,,28.932,8.80E-02,977.61,8.8,,28.715,8.80E-02,967.65,8.8,,26.587,8.80E-02,893.75,8.8,,27.707,8.80E-02,932.59,,,29.246,8.80E-02,986.25,8.8,,30.837,8.80E-02,1062.5,8.8,,28.4,8.80E-02,974.5,8.8,,29.681,8.80E-02,1020.6,8.8,,31.447,8.80E-02,1084.7,8.8,,30.696,8.80E-02,1058.2,8.8,,28.277,8.80E-02,970.64,8.8,,29.549,8.80E-02,1016.5,8.8,,,,,,,,,,,,,,,,,,,,,,,,,,,,,,,,,,,,,,,,,,,,,,,,,,,,,,,,,,,,,,,,,,,,,,,,,,,,,,,,,,,,,,,,,,,,,,,,,,,,,,,,,,,,,,,,,,,
32.185,9.00E-02,1077.9,9,,32.06,9.00E-02,1073.5,9,,32.026,9.00E-02,1072.8,9,,32.001,9.00E-02,1072.4,9,,29.516,9.00E-02,985.32,9,,30.822,9.00E-02,1031,9,,32.625,9.00E-02,1094.5,9,,31.437,9.00E-02,1056.7,9,,29.023,9.00E-02,970.89,9,,30.294,9.00E-02,1015.9,9,,32.039,9.00E-02,1078.5,9,,31.728,9.00E-02,1064.6,9,,2.93E+01,9.00E-02,978.18,9,,30.565,9.00E-02,1023.5,9,,32.339,9.00E-02,1086.5,9,,32.153,9.00E-02,1076.9,9,,29.648,9.00E-02,989.33,9,,30.964,9.00E-02,1035.2,9,,32.783,9.00E-02,1099.1,9,,30.574,9.00E-02,1004.9,9,,28.3,9.00E-02,928.38,,,29.503,9.00E-02,968.71,9,,31.141,9.00E-02,1024.2,9,,29.957,9.00E-02,988.03,9,,27.759,9.00E-02,912.77,9,,28.918,9.00E-02,952.34,9,,30.5,9.00E-02,1006.9,9,,30.273,9.00E-02,996.48,9,,28.035,9.00E-02,920.64,9,,29.218,9.00E-02,960.61,,,30.827,9.00E-02,1015.5,9,,32.519,9.00E-02,1094.5,9,,29.954,9.00E-02,1004,9,,31.302,9.00E-02,1051.5,9,,33.16,9.00E-02,1117.4,9,,32.369,9.00E-02,1090.1,9,,29.826,9.00E-02,1000.1,9,,31.163,9.00E-02,1047.3,9,,,,,,,,,,,,,,,,,,,,,,,,,,,,,,,,,,,,,,,,,,,,,,,,,,,,,,,,,,,,,,,,,,,,,,,,,,,,,,,,,,,,,,,,,,,,,,,,,,,,,,,,,,,,,,,,,,,
33.887,9.20E-02,1110.2,9.2,,33.758,9.20E-02,1105.1,9.2,,33.73,9.20E-02,1104.4,9.2,,33.709,9.20E-02,1104,9.2,,31.09,9.20E-02,1014.4,9.2,,32.465,9.20E-02,1061.3,9.2,,34.365,9.20E-02,1126.6,9.2,,33.112,9.20E-02,1088.2,9.2,,30.576,9.20E-02,999.86,9.2,,31.912,9.20E-02,1046.1,9.2,,33.749,9.20E-02,1110.6,9.2,,33.419,9.20E-02,1096.1,9.2,,3.08E+01,9.20E-02,1007.2,9.2,,32.194,9.20E-02,1053.7,9.2,,34.064,9.20E-02,1118.5,9.2,,33.869,9.20E-02,1108.5,9.2,,31.229,9.20E-02,1018.5,9.2,,32.615,9.20E-02,1065.6,9.2,,34.529,9.20E-02,1131.2,9.2,,32.191,9.20E-02,1034,9.2,,29.81,9.20E-02,955.47,,,31.063,9.20E-02,996.72,9.2,,32.787,9.20E-02,1053.7,9.2,,31.543,9.20E-02,1016.9,9.2,,29.242,9.20E-02,939.68,9.2,,30.455,9.20E-02,980.22,9.2,,32.115,9.20E-02,1036.3,9.2,,31.875,9.20E-02,1025.5,9.2,,29.534,9.20E-02,947.65,9.2,,30.766,9.20E-02,988.52,,,32.458,9.20E-02,1045,9.2,,34.25,9.20E-02,1126.7,9.2,,31.554,9.20E-02,1033.8,9.2,,32.973,9.20E-02,1082.5,9.2,,34.927,9.20E-02,1150.2,9.2,,34.094,9.20E-02,1122.3,9.2,,31.42,9.20E-02,1029.8,9.2,,32.827,9.20E-02,1078.2,9.2,,,,,,,,,,,,,,,,,,,,,,,,,,,,,,,,,,,,,,,,,,,,,,,,,,,,,,,,,,,,,,,,,,,,,,,,,,,,,,,,,,,,,,,,,,,,,,,,,,,,,,,,,,,,,,,,,,,
35.639,9.40E-02,1142.1,9.4,,35.504,9.40E-02,1136.7,9.4,,35.479,9.40E-02,1136,9.4,,35.458,9.40E-02,1135.5,9.4,,32.713,9.40E-02,1043.6,9.4,,34.161,9.40E-02,1091.9,9.4,,36.142,9.40E-02,1158.7,9.4,,34.839,9.40E-02,1119.7,9.4,,32.174,9.40E-02,1028.9,9.4,,33.578,9.40E-02,1076.5,9.4,,35.502,9.40E-02,1142.7,9.4,,35.157,9.40E-02,1127.6,9.4,,3.24E+01,9.40E-02,1036.3,9.4,,33.877,9.40E-02,1084.2,9.4,,35.83,9.40E-02,1150.6,9.4,,35.624,9.40E-02,1140,9.4,,32.86,9.40E-02,1047.8,9.4,,34.318,9.40E-02,1096.2,9.4,,36.315,9.40E-02,1163.3,9.4,,33.855,9.40E-02,1062.7,9.4,,31.354,9.40E-02,982.28,,,32.672,9.40E-02,1024.6,9.4,,34.477,9.40E-02,1082.8,9.4,,33.175,9.40E-02,1045.7,9.4,,30.76,9.40E-02,966.57,9.4,,32.033,9.40E-02,1008.1,9.4,,33.776,9.40E-02,1065.6,9.4,,33.523,9.40E-02,1054.2,9.4,,31.064,9.40E-02,974.47,9.4,,32.359,9.40E-02,1016.4,,,34.135,9.40E-02,1074.2,9.4,,36.034,9.40E-02,1159,9.4,,33.202,9.40E-02,1063.5,9.4,,34.692,9.40E-02,1113.6,9.4,,36.74,9.40E-02,1183.1,9.4,,35.872,9.40E-02,1154.6,9.4,,33.063,9.40E-02,1059.5,9.4,,34.539,9.40E-02,1109.3,9.4,,,,,,,,,,,,,,,,,,,,,,,,,,,,,,,,,,,,,,,,,,,,,,,,,,,,,,,,,,,,,,,,,,,,,,,,,,,,,,,,,,,,,,,,,,,,,,,,,,,,,,,,,,,,,,,,,,,
37.44,9.60E-02,1173.8,9.6,,37.305,9.60E-02,1168,9.6,,37.275,9.60E-02,1167.2,9.6,,37.255,9.60E-02,1166.7,9.6,,34.385,9.60E-02,1072.7,9.6,,35.895,9.60E-02,1121.9,9.6,,37.974,9.60E-02,1190.4,9.6,,36.606,9.60E-02,1150.9,9.6,,33.82,9.60E-02,1058.1,9.6,,35.288,9.60E-02,1106.8,9.6,,37.302,9.60E-02,1174.5,9.6,,36.939,9.60E-02,1158.8,9.6,,3.41E+01,9.60E-02,1065.4,9.6,,35.598,9.60E-02,1114.3,9.6,,37.645,9.60E-02,1182.4,9.6,,37.428,9.60E-02,1171.1,9.6,,34.538,9.60E-02,1076.9,9.6,,36.057,9.60E-02,1126.2,9.6,,38.154,9.60E-02,1195,9.6,,35.558,9.60E-02,1090.9,9.6,,32.944,9.60E-02,1008.9,,,34.325,9.60E-02,1052.1,9.6,,36.206,9.60E-02,1111.5,9.6,,34.852,9.60E-02,1074.1,9.6,,32.321,9.60E-02,993.08,9.6,,33.657,9.60E-02,1035.7,9.6,,35.478,9.60E-02,1094.5,9.6,,35.214,9.60E-02,1082.5,9.6,,32.639,9.60E-02,1001,9.6,,33.999,9.60E-02,1043.9,,,35.852,9.60E-02,1103,9.6,,37.859,9.60E-02,1190.8,9.6,,34.898,9.60E-02,1093.3,9.6,,36.458,9.60E-02,1144.4,9.6,,38.6,9.60E-02,1215.5,9.6,,37.689,9.60E-02,1186.4,9.6,,34.75,9.60E-02,1089.2,9.6,,36.3,9.60E-02,1140.2,9.6,,,,,,,,,,,,,,,,,,,,,,,,,,,,,,,,,,,,,,,,,,,,,,,,,,,,,,,,,,,,,,,,,,,,,,,,,,,,,,,,,,,,,,,,,,,,,,,,,,,,,,,,,,,,,,,,,,,
39.287,9.80E-02,1205.1,9.8,,39.153,9.80E-02,1198.9,9.8,,39.12,9.80E-02,1198,9.8,,39.102,9.80E-02,1197.5,9.8,,36.094,9.80E-02,1101.3,9.8,,37.678,9.80E-02,1151.8,9.8,,39.856,9.80E-02,1221.9,9.8,,38.424,9.80E-02,1181.9,9.8,,35.506,9.80E-02,1086.7,9.8,,37.043,9.80E-02,1136.6,9.8,,39.154,9.80E-02,1206.1,9.8,,38.773,9.80E-02,1189.7,9.8,,3.58E+01,9.80E-02,1093.9,9.8,,37.367,9.80E-02,1144.2,9.8,,39.513,9.80E-02,1213.9,9.8,,39.285,9.80E-02,1202,9.8,,36.251,9.80E-02,1105.4,9.8,,37.848,9.80E-02,1156.1,9.8,,40.044,9.80E-02,1226.4,9.8,,37.302,9.80E-02,1118.9,9.8,,34.575,9.80E-02,1035.2,,,36.014,9.80E-02,1079.2,9.8,,37.981,9.80E-02,1139.7,9.8,,36.565,9.80E-02,1102.2,9.8,,33.926,9.80E-02,1019.4,9.8,,35.321,9.80E-02,1062.9,9.8,,37.219,9.80E-02,1123,9.8,,36.941,9.80E-02,1110.5,9.8,,34.259,9.80E-02,1027.3,9.8,,35.675,9.80E-02,1071.1,,,37.61,9.80E-02,1131.4,9.8,,39.738,9.80E-02,1222.4,9.8,,36.64,9.80E-02,1122.5,9.8,,38.269,9.80E-02,1174.9,9.8,,40.514,9.80E-02,1247.7,9.8,,39.56,9.80E-02,1218,9.8,,36.485,9.80E-02,1118.5,9.8,,38.102,9.80E-02,1170.7,9.8,,,,,,,,,,,,,,,,,,,,,,,,,,,,,,,,,,,,,,,,,,,,,,,,,,,,,,,,,,,,,,,,,,,,,,,,,,,,,,,,,,,,,,,,,,,,,,,,,,,,,,,,,,,,,,,,,,,
41.177,0.1,1236.1,10,,41.037,0.1,1229.2,10,,41.008,0.1,1228.5,10,,40.995,0.1,1228.1,10,,37.851,0.1,1129.7,10,,39.507,0.1,1181.4,10,,41.777,0.1,1252.9,10,,40.291,0.1,1212.7,10,,37.236,0.1,1115.2,10,,38.845,0.1,1166.3,10,,41.051,0.1,1237.4,10,,40.652,0.1,1220.4,10,,37.551,0.1,1122.5,10,,39.185,0.1,1173.8,10,,41.423,0.1,1245.1,10,,41.183,0.1,1232.6,10,,38.016,0.1,1133.9,10,,39.686,0.1,1185.7,10,,41.972,0.1,1257.4,10,,39.09,0.1,1146.4,10,,36.24,0.1,1061.1,,,37.741,0.1,1106,10,,39.802,0.1,1168,10,,38.322,0.1,1129.9,10,,35.569,0.1,1045.5,10,,37.018,0.1,1089.8,10,,39.007,0.1,1151,10,,38.714,0.1,1137.8,10,,35.912,0.1,1053.3,10,,37.389,0.1,1098,,,39.413,0.1,1159.5,10,,41.666,0.1,1253.8,10,,38.422,0.1,1151.6,10,,40.129,0.1,1205.2,10,,42.475,0.1,1279.6,10,,41.482,0.1,1249.4,10,,38.262,0.1,1147.6,10,,39.955,0.1,1200.9,10,,,,,,,,,,,,,,,,,,,,,,,,,,,,,,,,,,,,,,,,,,,,,,,,,,,,,,,,,,,,,,,,,,,,,,,,,,,,,,,,,,,,,,,,,,,,,,,,,,,,,,,,,,,,,,,,,,,
41.176,0.1,1236.1,11,,41.037,0.1,1229.2,11,,41.008,0.1,1228.5,11,,40.995,0.1,1228.1,11,,37.851,0.1,1129.7,11,,39.508,0.1,1181.4,11,,41.777,0.1,1252.9,11,,40.291,0.1,1212.7,11,,37.237,0.1,1115.2,11,,38.845,0.1,1166.3,11,,41.051,0.1,1237.4,11,,40.652,0.1,1220.4,11,,37.551,0.1,1122.5,11,,39.185,0.1,1173.8,11,,41.423,0.1,1245.1,11,,41.183,0.1,1232.6,11,,38.016,0.1,1133.9,11,,39.686,0.1,1185.7,11,,41.972,0.1,1257.4,11,,39.09,0.1,1146.4,11,,36.24,0.1,1061.1,,,37.741,0.1,1106,11,,39.801,0.1,1168,11,,38.323,0.1,1129.9,11,,35.569,0.1,1045.5,11,,37.019,0.1,1089.9,11,,39.007,0.1,1151,11,,38.714,0.1,1137.8,11,,35.912,0.1,1053.3,11,,37.389,0.1,1098,,,39.415,0.1,1159.5,11,,41.667,0.1,1253.8,11,,38.423,0.1,1151.6,11,,40.129,0.1,1205.2,11,,42.475,0.1,1279.6,11,,41.482,0.1,1249.4,11,,38.262,0.1,1147.6,11,,39.955,0.1,1200.9,11,,,,,,,,,,,,,,,,,,,,,,,,,,,,,,,,,,,,,,,,,,,,,,,,,,,,,,,,,,,,,,,,,,,,,,,,,,,,,,,,,,,,,,,,,,,,,,,,,,,,,,,,,,,,,,,,,,,
41.177,0.1,1236.1,12,,41.037,0.1,1229.2,12,,41.008,0.1,1228.5,12,,40.995,0.1,1228.1,12,,37.854,0.1,1129.8,12,,39.508,0.1,1181.4,12,,41.777,0.1,1252.9,12,,40.291,0.1,1212.7,12,,37.237,0.1,1115.2,12,,38.846,0.1,1166.3,12,,41.051,0.1,1237.4,12,,40.653,0.1,1220.4,12,,37.554,0.1,1122.5,12,,39.185,0.1,1173.8,12,,41.423,0.1,1245.1,12,,41.183,0.1,1232.6,12,,38.016,0.1,1133.9,12,,39.686,0.1,1185.7,12,,41.972,0.1,1257.4,12,,39.09,0.1,1146.4,12,,36.24,0.1,1061.1,,,37.741,0.1,1106,12,,39.801,0.1,1168,12,,38.323,0.1,1129.9,12,,35.569,0.1,1045.5,12,,37.019,0.1,1089.9,12,,39.007,0.1,1151,12,,38.714,0.1,1137.8,12,,35.913,0.1,1053.3,12,,37.389,0.1,1098,,,39.414,0.1,1159.5,12,,41.667,0.1,1253.8,12,,38.423,0.1,1151.6,12,,40.129,0.1,1205.2,12,,42.475,0.1,1279.6,12,,41.482,0.1,1249.4,12,,38.262,0.1,1147.6,12,,39.956,0.1,1200.9,12,,,,,,,,,,,,,,,,,,,,,,,,,,,,,,,,,,,,,,,,,,,,,,,,,,,,,,,,,,,,,,,,,,,,,,,,,,,,,,,,,,,,,,,,,,,,,,,,,,,,,,,,,,,,,,,,,,,
41.177,0.1,1236.1,13.5,,41.037,0.1,1229.2,13.5,,41.008,0.1,1228.5,13.5,,40.995,0.1,1228.1,13.5,,37.852,0.1,1129.8,13,,39.508,0.1,1181.4,13.5,,41.777,0.1,1252.9,13.5,,40.291,0.1,1212.7,13.5,,37.237,0.1,1115.2,13.5,,38.845,0.1,1166.3,13.5,,41.051,0.1,1237.4,13.5,,40.652,0.1,1220.4,13.5,,37.551,0.1,1122.5,13.5,,39.185,0.1,1173.8,13.5,,41.423,0.1,1245,13.5,,41.183,0.1,1232.6,13.5,,38.016,0.1,1133.9,13.5,,39.686,0.1,1185.7,13.5,,41.972,0.1,1257.4,13.5,,39.09,0.1,1146.4,13.5,,36.24,0.1,1061.1,,,37.741,0.1,1106,13.5,,39.801,0.1,1168,13.5,,38.323,0.1,1129.9,13.5,,35.569,0.1,1045.5,13.5,,37.019,0.1,1089.9,13.5,,39.007,0.1,1151,13.5,,38.714,0.1,1137.8,13.5,,35.912,0.1,1053.3,13.5,,37.389,0.1,1098,,,39.414,0.1,1159.5,13.5,,41.667,0.1,1253.8,13.5,,38.423,0.1,1151.6,13.5,,40.13,0.1,1205.2,13.5,,42.475,0.1,1279.6,13.5,,41.482,0.1,1249.4,13.5,,38.264,0.1,1147.6,13.5,,39.956,0.1,1200.9,13.5,,,,,,,,,,,,,,,,,,,,,,,,,,,,,,,,,,,,,,,,,,,,,,,,,,,,,,,,,,,,,,,,,,,,,,,,,,,,,,,,,,,,,,,,,,,,,,,,,,,,,,,,,,,,,,,,,,,
41.177,0.1,1236.1,15,,41.037,0.1,1229.2,15,,41.008,0.1,1228.5,15,,40.995,0.1,1228.1,15,,37.851,0.1,1129.7,14.5,,39.508,0.1,1181.4,15,,41.777,0.1,1252.9,15,,40.291,0.1,1212.7,15,,37.237,0.1,1115.2,15,,38.845,0.1,1166.3,15,,41.051,0.1,1237.4,15,,40.653,0.1,1220.4,15,,37.552,0.1,1122.4,15,,39.185,0.1,1173.8,15,,41.423,0.1,1245,15,,41.183,0.1,1232.6,15,,38.016,0.1,1133.9,15,,39.686,0.1,1185.7,15,,41.972,0.1,1257.4,15,,39.09,0.1,1146.4,15,,36.24,0.1,1061.1,,,37.741,0.1,1106,15,,39.801,0.1,1168,15,,38.323,0.1,1129.9,15,,35.569,0.1,1045.5,15,,37.019,0.1,1089.9,15,,39.007,0.1,1151,15,,38.714,0.1,1137.8,15,,35.912,0.1,1053.3,15,,37.389,0.1,1098,,,39.414,0.1,1159.5,15,,41.667,0.1,1253.8,15,,38.423,0.1,1151.6,15,,40.129,0.1,1205.1,15,,42.475,0.1,1279.6,15,,41.482,0.1,1249.4,15,,38.263,0.1,1147.6,15,,39.956,0.1,1200.9,15,,,,,,,,,,,,,,,,,,,,,,,,,,,,,,,,,,,,,,,,,,,,,,,,,,,,,,,,,,,,,,,,,,,,,,,,,,,,,,,,,,,,,,,,,,,,,,,,,,,,,,,,,,,,,,,,,,,
29.183,8.00E-02,646.35,17,,29.051,8.00E-02,641.86,17,,29.022,8.00E-02,641.25,17,,29.002,8.00E-02,640.38,17,,37.851,0.1,1129.7,15,,27.595,8.00E-02,631.89,17,,29.762,8.00E-02,644.01,17,,28.556,8.00E-02,625.74,17,,25.701,8.00E-02,606.4,17,,27.18,8.00E-02,617.48,17,,29.297,8.00E-02,629.37,17,,28.786,8.00E-02,632.95,17,,2.59E+01,8.00E-02,613.33,17,,27.393,8.00E-02,624.61,17,,29.536,8.00E-02,636.56,17,,29.121,8.00E-02,644.63,17,,26.182,8.00E-02,624.35,17,,27.706,8.00E-02,636.03,17,,29.886,8.00E-02,648.31,17,,28.183,8.00E-02,558.37,17,,25.421,8.00E-02,551.05,,,26.853,8.00E-02,556.04,17,,28.9,8.00E-02,558.63,17,,27.685,8.00E-02,542.53,17,,24.999,8.00E-02,536.05,17,,26.39,8.00E-02,540.5,17,,28.383,8.00E-02,542.75,17,,27.941,8.00E-02,550.34,17,,25.215,8.00E-02,543.56,17,,26.627,8.00E-02,548.25,,,28.648,8.00E-02,550.59,17,,29.322,8.00E-02,665.99,17,,26.341,8.00E-02,642.17,17,,27.884,8.00E-02,655.69,17,,30.097,8.00E-02,670.63,17,,29.206,8.00E-02,661.8,17,,26.243,8.00E-02,638.24,17,,27.777,8.00E-02,651.66,17,,,,,,,,,,,,,,,,,,,,,,,,,,,,,,,,,,,,,,,,,,,,,,,,,,,,,,,,,,,,,,,,,,,,,,,,,,,,,,,,,,,,,,,,,,,,,,,,,,,,,,,,,,,,,,,,,,,
24.703,6.00E-02,124.65,19,,24.621,6.00E-02,122.49,19,,24.597,6.00E-02,121.64,19,,24.591,6.00E-02,122.1,19,,26.082,8.00E-02,620.35,17,,22.911,6.00E-02,144.43,19,,25.512,6.00E-02,109.19,19,,24.374,6.00E-02,112.95,19,,20.98,6.00E-02,155.57,19,,22.72,6.00E-02,134.38,19,,25.279,6.00E-02,101.18,19,,24.487,6.00E-02,117.17,19,,2.11E+01,6.00E-02,160.65,19,,22.819,6.00E-02,139.16,19,,25.399,6.00E-02,104.7,19,,24.647,6.00E-02,125.1,19,,21.186,6.00E-02,169.13,19,,22.961,6.00E-02,147.52,19,,25.572,6.00E-02,112.03,19,,24.874,6.00E-02,50.704,19,,21.475,6.00E-02,100.78,,,23.222,6.00E-02,75.398,19,,25.775,6.00E-02,37.018,19,,24.608,6.00E-02,43.447,19,,21.277,6.00E-02,90.261,19,,22.99,6.00E-02,66.151,19,,25.489,6.00E-02,32.058,19,,24.746,6.00E-02,46.449,19,,21.379,6.00E-02,95.352,19,,23.11,6.00E-02,70.476,,,25.637,6.00E-02,33.568,19,,24.556,6.00E-02,144.93,19,,21.088,6.00E-02,186.48,19,,22.863,6.00E-02,166.17,19,,25.484,6.00E-02,132.58,19,,24.502,6.00E-02,141.94,19,,21.048,6.00E-02,183.33,19,,22.816,6.00E-02,163.09,19,,,,,,,,,,,,,,,,,,,,,,,,,,,,,,,,,,,,,,,,,,,,,,,,,,,,,,,,,,,,,,,,,,,,,,,,,,,,,,,,,,,,,,,,,,,,,,,,,,,,,,,,,,,,,,,,,,,
24.644,5.29E-02,3.2479,22,,24.568,5.30E-02,2.95E+00,20.05,,24.547,5.30E-02,2.8711,20.05,,24.539,5.30E-02,2.8285,20.05,,21.145,6.00E-02,166,19,,22.77,5.12E-02,7.44E-02,20.05,,25.496,5.39E-02,4.6889,20.05,,24.348,5.37E-02,14.135,20.05,,20.762,4.99E-02,5.1326,20.05,,22.618,5.19E-02,9.3243,20.05,,25.283,5.46E-02,17.136,20.05,,24.449,5.33E-02,7.8408,20.05,,2.08E+01,4.95E-02,0.85511,20.05,,22.698,5.16E-02,4.0877,20.05,,25.394,5.43E-02,10.21,20.05,,24.587,5.28E-02,0.41023,20.05,,20.893,4.95E-02,3.9587,20.05,,22.808,5.10E-02,2.0767,20.05,,25.55,5.37E-02,2.0246,20.05,,24.912,5.69E-02,0.82621,22,,21.439,5.32E-02,3.8658,,,23.241,5.52E-02,1.7392,20.05,,25.811,5.78E-02,2.4938,22,,24.643,5.76E-02,11.758,22,,21.264,5.39E-02,3.6269,20.05,,23.018,5.59E-02,7.4256,20.05,,25.516,5.85E-02,14.442,22,,24.783,5.73E-02,5.6679,22,,21.355,5.35E-02,0.54446,20.05,,23.134,5.55E-02,2.3327,,,25.67,5.82E-02,7.8151,22,,24.44,5.18E-02,0.87045,20.05,,20.689,4.95E-02,12.184,20.05,,22.637,5.00E-02,1.6884,20.05,,25.416,5.27E-02,2.533,20.05,,24.397,5.19E-02,3.3007,20.05,,20.669,4.95E-02,10.506,20.05,,22.603,5.01E-02,0.32079,20.05,,,,,,,,,,,,,,,,,,,,,,,,,,,,,,,,,,,,,,,,,,,,,,,,,,,,,,,,,,,,,,,,,,,,,,,,,,,,,,,,,,,,,,,,,,,,,,,,,,,,,,,,,,,,,,,,,,,
24.644,5.29E-02,3.2461,25,,24.568,5.30E-02,2.95E+00,21.1,,24.547,5.30E-02,2.8711,21.1,,24.539,5.30E-02,2.8286,21.1,,20.87,4.95E-02,2.3191,20.05,,22.77,5.12E-02,7.44E-02,21.1,,25.496,5.39E-02,4.6888,21.1,,24.348,5.37E-02,14.135,21.1,,20.762,4.99E-02,5.1364,21.1,,22.618,5.19E-02,9.3243,21.1,,25.283,5.46E-02,17.136,21.1,,24.449,5.33E-02,7.8408,21.1,,2.08E+01,4.95E-02,0.88994,21.1,,22.698,5.16E-02,4.0877,21.1,,25.394,5.43E-02,10.21,21.1,,24.587,5.28E-02,0.4103,21.1,,20.9,4.90E-02,4.0959,21.1,,22.808,5.10E-02,2.0766,21.1,,25.55,5.37E-02,2.0246,21.1,,24.912,5.69E-02,0.82599,25,,21.439,5.32E-02,3.8657,,,23.241,5.52E-02,1.7393,21.1,,25.811,5.78E-02,2.4936,25,,24.643,5.76E-02,11.758,25,,21.264,5.39E-02,3.6268,21.1,,23.018,5.59E-02,7.4254,21.1,,25.516,5.85E-02,14.442,25,,24.783,5.73E-02,5.6677,25,,21.355,5.35E-02,0.5445,21.1,,23.134,5.55E-02,2.3326,,,25.67,5.82E-02,7.815,25,,24.44,5.18E-02,0.87045,21.1,,20.71,4.79E-02,3.7627,21.1,,22.637,5.00E-02,1.6883,21.1,,25.416,5.27E-02,2.5331,21.1,,24.397,5.19E-02,3.3007,21.1,,20.687,4.81E-02,2.1418,21.1,,22.603,5.01E-02,0.3209,21.1,,,,,,,,,,,,,,,,,,,,,,,,,,,,,,,,,,,,,,,,,,,,,,,,,,,,,,,,,,,,,,,,,,,,,,,,,,,,,,,,,,,,,,,,,,,,,,,,,,,,,,,,,,,,,,,,,,,
68.473,0.10774,744.87,17.817,,24.568,5.30E-02,2.95E+00,22.675,,24.547,5.30E-02,2.8711,22.675,,24.539,5.30E-02,2.8285,22.675,,20.874,4.92E-02,2.4775,21.1,,22.77,5.12E-02,7.44E-02,22.675,,25.496,5.39E-02,4.6888,22.675,,24.348,5.37E-02,14.135,22.675,,20.762,4.99E-02,5.1364,22.675,,22.618,5.19E-02,9.3243,22.675,,25.283,5.46E-02,17.136,22.675,,24.449,5.33E-02,7.8408,22.675,,2.08E+01,4.95E-02,0.88996,22.675,,22.698,5.16E-02,4.0877,22.675,,25.394,5.43E-02,10.21,22.675,,24.587,5.28E-02,0.41025,22.675,,20.9,4.90E-02,4.096,22.675,,22.808,5.10E-02,2.0767,22.675,,25.55,5.37E-02,2.0246,22.675,,,,,,,21.439,5.32E-02,3.8657,,,23.241,5.52E-02,1.7392,22.675,,,,,,,,,,,,21.264,5.39E-02,3.6269,22.675,,23.018,5.59E-02,7.4255,22.675,,,,,,,,,,,,21.355,5.35E-02,0.54446,22.675,,23.134,5.55E-02,2.3327,,,,,,,,24.44,5.18E-02,0.87042,22.675,,20.71,4.79E-02,3.763,22.675,,22.637,5.00E-02,1.6884,22.675,,25.416,5.27E-02,2.533,22.675,,24.397,5.19E-02,3.3007,22.675,,20.687,4.81E-02,2.1421,22.675,,22.603,5.01E-02,0.32085,22.675,,,,,,,,,,,,,,,,,,,,,,,,,,,,,,,,,,,,,,,,,,,,,,,,,,,,,,,,,,,,,,,,,,,,,,,,,,,,,,,,,,,,,,,,,,,,,,,,,,,,,,,,,,,,,,,,,,,
66.575,0.10222,586.57,18.185,,24.568,5.30E-02,2.95E+00,25,,24.547,5.30E-02,2.871,25,,24.539,5.30E-02,2.8285,25,,20.874,4.92E-02,2.4795,22.675,,22.77,5.12E-02,7.44E-02,25,,25.496,5.39E-02,4.6888,25,,24.348,5.37E-02,14.135,25,,20.762,4.99E-02,5.1363,25,,22.618,5.19E-02,9.3243,25,,25.283,5.46E-02,17.136,25,,24.449,5.33E-02,7.8408,25,,2.08E+01,4.95E-02,0.88988,25,,22.698,5.16E-02,4.0877,25,,25.394,5.43E-02,10.21,25,,24.587,5.28E-02,0.41018,25,,20.9,4.90E-02,4.096,25,,22.808,5.10E-02,2.0767,25,,25.55,5.37E-02,2.0245,25,,,,,,,21.439,5.32E-02,3.8657,,,23.241,5.52E-02,1.7392,25,,,,,,,,,,,,21.264,5.39E-02,3.6268,25,,23.018,5.59E-02,7.4255,25,,,,,,,,,,,,21.355,5.35E-02,0.5445,25,,23.134,5.55E-02,2.3327,,,,,,,,24.44,5.18E-02,0.87042,25,,20.71,4.79E-02,3.7628,25,,22.637,5.00E-02,1.6884,25,,25.416,5.27E-02,2.5329,25,,24.397,5.19E-02,3.3007,25,,20.687,4.81E-02,2.1419,25,,22.603,5.01E-02,0.32084,25,,,,,,,,,,,,,,,,,,,,,,,,,,,,,,,,,,,,,,,,,,,,,,,,,,,,,,,,,,,,,,,,,,,,,,,,,,,,,,,,,,,,,,,,,,,,,,,,,,,,,,,,,,,,,,,,,,,
64.756,9.40E-02,345.73,18.736,,,,,,,,,,,,,,,,,20.874,4.92E-02,2.4776,25,,,,,,,,,,,,,,,,,,,,,,,,,,,,,,,,,,,,,,,,,,,,,,,,,,,,,,,,,,,,,,,,,,,,,,,,,,,,,21.439,5.32E-02,3.8657,,,,,,,,,,,,,,,,,,,,,,,,,,,,,,,,,,,,,,,,,,,,,,,,,,,,,,,,,,,,,,,,,,,,,,,,,,,,,,,,,,,,,,,,,,,,,,,,,,,,,,,,,,,,,,,,,,,,,,,,,,,,,,,,,,,,,,,,,,,,,,,,,,,,,,,,,,,,,,,,,,,,,,,,,,,,,,,,,,,,,,,,,,,,,,,,,,,,,,,,,
64.281,8.49E-02,77.276,19.563,,,,,,,,,,,,,,,,,,,,,,,,,,,,,,,,,,,,,,,,,,,,,,,,,,,,,,,,,,,,,,,,,,,,,,,,,,,,,,,,,,,,,,,,,,,,,,,,,,,,,,,,,,,,,,,,,,,,,,,,,,,,,,,,,,,,,,,,,,,,,,,,,,,,,,,,,,,,,,,,,,,,,,,,,,,,,,,,,,,,,,,,,,,,,,,,,,,,,,,,,,,,,,,,,,,,,,,,,,,,,,,,,,,,,,,,,,,,,,,,,,,,,,,,,,,,,,,,,,,,,,,,,,,,,,,,,,,,,,,,,,,,,,,,,,,,,,,,,,,,
64.281,8.49E-02,77.277,20.803,,,,,,,,,,,,,,,,,,,,,,,,,,,,,,,,,,,,,,,,,,,,,,,,,,,,,,,,,,,,,,,,,,,,,,,,,,,,,,,,,,,,,,,,,,,,,,,,,,,,,,,,,,,,,,,,,,,,,,,,,,,,,,,,,,,,,,,,,,,,,,,,,,,,,,,,,,,,,,,,,,,,,,,,,,,,,,,,,,,,,,,,,,,,,,,,,,,,,,,,,,,,,,,,,,,,,,,,,,,,,,,,,,,,,,,,,,,,,,,,,,,,,,,,,,,,,,,,,,,,,,,,,,,,,,,,,,,,,,,,,,,,,,,,,,,,,,,,,,,,
64.281,8.49E-02,77.276,22.664,,,,,,,,,,,,,,,,,,,,,,,,,,,,,,,,,,,,,,,,,,,,,,,,,,,,,,,,,,,,,,,,,,,,,,,,,,,,,,,,,,,,,,,,,,,,,,,,,,,,,,,,,,,,,,,,,,,,,,,,,,,,,,,,,,,,,,,,,,,,,,,,,,,,,,,,,,,,,,,,,,,,,,,,,,,,,,,,,,,,,,,,,,,,,,,,,,,,,,,,,,,,,,,,,,,,,,,,,,,,,,,,,,,,,,,,,,,,,,,,,,,,,,,,,,,,,,,,,,,,,,,,,,,,,,,,,,,,,,,,,,,,,,,,,,,,,,,,,,,,
64.281,8.49E-02,77.276,25,,,,,,,,,,,,,,,,,,,,,,,,,,,,,,,,,,,,,,,,,,,,,,,,,,,,,,,,,,,,,,,,,,,,,,,,,,,,,,,,,,,,,,,,,,,,,,,,,,,,,,,,,,,,,,,,,,,,,,,,,,,,,,,,,,,,,,,,,,,,,,,,,,,,,,,,,,,,,,,,,,,,,,,,,,,,,,,,,,,,,,,,,,,,,,,,,,,,,,,,,,,,,,,,,,,,,,,,,,,,,,,,,,,,,,,,,,,,,,,,,,,,,,,,,,,,,,,,,,,,,,,,,,,,,,,,,,,,,,,,,,,,,,,,,,,,,,,,,,,,
