Depth 0,,,,,Depth 1,,,,,Depth 2,,,,,Depth 3,,,,,Depth 4,,,,,Depth 5,,,,,Depth 4,,,,,Depth 5,,,,,Depth 6,,,,,Depth 7,,,,,Depth 8,,,,,Depth 9,,,,,Depth 10,,,,,Depth 11,,,,,Depth 12,,,,,Depth 13,,,,,Depth 14,,,
99.10650888,29277.30769,0.62000697,,,113.9669421,29605,0.605585938,,,115.723594,29632.87037,0.605102041,,,116.5691327,29602.80374,0.603708333,,,117.3994304,29556.13208,0.603646055,,,118.2857143,29521.90476,0.602679739,,,119.1752959,29466.01942,0.601870824,,,120.0772929,29440.68627,0.601207289,,,120.9919262,29443.13725,0.600745921,,,121.9194197,29403.46535,0.598928571,,,122.85,29360.5,0.598682927,,,123.7934905,29322.22222,0.597256858,,,124.7396918,29274.4898,0.59741688,,,125.698799,29206.18557,0.59617801,,,126.6493056,29141.66667,0.595147453,,,127.6232687,29072.63158,0.594368132,,,128.5762789,29003.7234,0.59371831,
0.13,74.604,1674.9,,,0.11,51.2,1379,,,0.108,49,1349.8,,,0.107,48,1334.6,,,0.106,46.9,1319.1,,,0.105,45.9,1304.1,,,0.104,44.9,1289,,,0.103,43.9,1273.9,,,0.102,42.9,1258.8,,,0.101,42,1243.7,,,0.1,41,1228.5,,,0.099,40.1,1213.3,,,0.098,39.1,1198,,,0.097,38.2,1182.7,,,0.096,37.3,1167.2,,,0.095,36.4,1151.8,,,0.094,35.5,1136.1,
hm (?m),W (pJ),F (?N),t (s),,hm (?m),W (pJ),F (?N),t (s),,hm (?m),W (pJ),F (?N),t (s),,hm (?m),W (pJ),F (?N),t (s),,hm (?m),W (pJ),F (?N),t (s),,hm (?m),W (pJ),F (?N),t (s),,hm (?m),W (pJ),F (?N),t (s),,hm (?m),W (pJ),F (?N),t (s),,hm (?m),W (pJ),F (?N),t (s),,hm (?m),W (pJ),F (?N),t (s),,hm (?m),W (pJ),F (?N),t (s),,hm (?m),W (pJ),F (?N),t (s),,hm (?m),W (pJ),F (?N),t (s),,hm (?m),W (pJ),F (?N),t (s),,hm (?m),W (pJ),F (?N),t (s),,hm (?m),W (pJ),F (?N),t (s),,hm (?m),W (pJ),F (?N),t (s)
2.60E-03,4.92E-03,6.6141,0.2,,2.20E-03,3.16E-03,5.22E+00,0.2,,2.16E-03,3.00E-03,5.0827,0.2,,2.14E-03,2.93E-03,5.0116,0.2,,2.12E-03,2.85E-03,4.941,0.2,,2.10E-03,2.78E-03,4.8706,0.2,,2.08E-03,2.71E-03,4.7999,0.2,,2.06E-03,2.64E-03,4.7291,0.2,,2.04E-03,2.57E-03,4.658,0.2,,2.02E-03,2.51E-03,4.5862,0.2,,2.00E-03,2.44E-03,4.514,0.2,,1.98E-03,2.37E-03,4.4415,0.2,,1.96E-03,2.31E-03,4.3688,0.2,,1.94E-03,2.25E-03,4.296,0.2,,1.92E-03,2.18E-03,4.2228,0.2,,1.90E-03,2.12E-03,4.1498,0.2,,1.88E-03,2.06E-03,4.0761,0.2
5.20E-03,2.97E-02,18.646,0.4,,4.40E-03,1.94E-02,1.46E+01,0.4,,4.32E-03,1.85E-02,14.152,0.4,,4.28E-03,1.80E-02,13.946,0.4,,4.24E-03,1.76E-02,13.749,0.4,,4.20E-03,1.72E-02,13.576,0.4,,4.16E-03,1.68E-02,13.401,0.4,,4.12E-03,1.64E-02,13.226,0.4,,4.08E-03,1.60E-02,13.049,0.4,,4.04E-03,1.56E-02,12.873,0.4,,4.00E-03,1.52E-02,12.696,0.4,,3.96E-03,1.48E-02,12.519,0.4,,3.92E-03,1.44E-02,12.341,0.4,,3.88E-03,1.40E-02,12.163,0.4,,3.84E-03,1.36E-02,11.984,0.4,,3.80E-03,1.33E-02,11.805,0.4,,3.76E-03,1.29E-02,11.626,0.4
7.80E-03,8.25E-02,33.902,0.6,,6.60E-03,5.43E-02,2.65E+01,0.6,,6.48E-03,5.19E-02,25.809,0.6,,6.42E-03,5.07E-02,25.445,0.6,,6.36E-03,4.95E-02,25.079,0.6,,6.30E-03,4.83E-02,24.734,0.6,,6.24E-03,4.71E-02,24.411,0.6,,6.18E-03,4.60E-02,24.086,0.6,,6.12E-03,4.49E-02,23.763,0.6,,6.06E-03,4.37E-02,23.439,0.6,,6.00E-03,4.27E-02,23.115,0.6,,5.94E-03,4.16E-02,22.79,0.6,,5.88E-03,4.05E-02,22.465,0.6,,5.82E-03,3.95E-02,22.139,0.6,,5.76E-03,3.85E-02,21.812,0.6,,5.70E-03,3.75E-02,21.484,0.6,,5.64E-03,3.65E-02,21.156,0.6
1.04E-02,1.68E-01,51.389,0.8,,8.80E-03,1.12E-01,4.04E+01,0.8,,8.64E-03,1.07E-01,39.361,0.8,,8.56E-03,1.04E-01,38.86,0.8,,8.48E-03,1.02E-01,38.359,0.8,,8.40E-03,9.95E-02,37.851,0.8,,8.32E-03,9.72E-02,37.339,0.8,,8.24E-03,9.48E-02,36.825,0.8,,8.16E-03,9.25E-02,36.312,0.8,,8.08E-03,9.02E-02,35.798,0.8,,8.00E-03,8.80E-02,35.285,0.8,,7.92E-03,8.58E-02,34.771,0.8,,7.84E-03,8.37E-02,34.256,0.8,,7.76E-03,8.15E-02,33.739,0.8,,7.68E-03,7.94E-02,33.222,0.8,,7.60E-03,7.74E-02,32.704,0.8,,7.52E-03,7.54E-02,32.184,0.8
1.30E-02,2.93E-01,70.929,1,,1.10E-02,1.94E-01,5.59E+01,1,,1.08E-02,1.85E-01,54.432,1,,1.07E-02,1.81E-01,53.708,1,,1.06E-02,1.77E-01,52.981,1,,1.05E-02,1.73E-01,52.25,1,,1.04E-02,1.68E-01,51.515,1,,1.03E-02,1.64E-01,50.778,1,,1.02E-02,1.60E-01,50.039,1,,1.01E-02,1.57E-01,49.297,1,,1.00E-02,1.53E-01,48.554,1,,9.90E-03,1.49E-01,47.866,1,,9.80E-03,1.45E-01,47.191,1,,9.70E-03,1.42E-01,46.585,1,,9.60E-03,1.39E-01,45.974,1,,9.50E-03,1.35E-01,45.292,1,,9.40E-03,1.32E-01,44.61,1
1.56E-02,4.58E-01,92.318,1.2,,1.32E-02,3.04E-01,7.27E+01,1.2,,1.30E-02,2.91E-01,70.761,1.2,,1.28E-02,2.84E-01,69.848,1.2,,1.27E-02,2.78E-01,68.933,1.2,,1.26E-02,2.72E-01,68.014,1.2,,1.25E-02,2.65E-01,67.09,1.2,,1.24E-02,2.59E-01,66.166,1.2,,1.22E-02,2.53E-01,65.24,1.2,,1.21E-02,2.47E-01,64.313,1.2,,1.20E-02,2.41E-01,63.384,1.2,,1.19E-02,2.35E-01,62.437,1.2,,1.18E-02,2.29E-01,61.484,1.2,,1.16E-02,2.23E-01,60.531,1.2,,1.15E-02,2.18E-01,59.662,1.2,,1.14E-02,2.12E-01,58.809,1.2,,1.13E-02,2.06E-01,57.954,1.2
1.82E-02,6.70E-01,115.03,1.4,,1.54E-02,4.45E-01,9.07E+01,1.4,,1.51E-02,4.25E-01,88.31,1.4,,1.50E-02,4.16E-01,87.08,1.4,,1.48E-02,4.06E-01,85.848,1.4,,1.47E-02,3.97E-01,84.7,1.4,,1.46E-02,3.87E-01,83.59,1.4,,1.44E-02,3.78E-01,82.475,1.4,,1.43E-02,3.69E-01,81.363,1.4,,1.41E-02,3.60E-01,80.252,1.4,,1.40E-02,3.51E-01,79.14,1.4,,1.39E-02,3.43E-01,78.018,1.4,,1.37E-02,3.34E-01,76.894,1.4,,1.36E-02,3.26E-01,75.769,1.4,,1.34E-02,3.19E-01,74.709,1.4,,1.33E-02,3.10E-01,73.559,1.4,,1.32E-02,3.02E-01,72.406,1.4
2.08E-02,9.30E-01,139.54,1.6,,1.76E-02,6.17E-01,1.10E+02,1.6,,1.73E-02,5.90E-01,107.07,1.6,,1.71E-02,5.77E-01,105.66,1.6,,1.70E-02,5.64E-01,104.24,1.6,,1.68E-02,5.51E-01,102.8,1.6,,1.66E-02,5.38E-01,101.36,1.6,,1.65E-02,5.25E-01,99.974,1.6,,1.63E-02,5.13E-01,98.624,1.6,,1.62E-02,5.01E-01,97.282,1.6,,1.60E-02,4.89E-01,95.931,1.6,,1.58E-02,4.77E-01,94.574,1.6,,1.57E-02,4.65E-01,93.209,1.6,,1.55E-02,4.54E-01,91.846,1.6,,1.54E-02,4.42E-01,90.476,1.6,,1.52E-02,4.31E-01,89.092,1.6,,1.50E-02,4.20E-01,87.698,1.6
2.34E-02,1.2428,165.21,1.8,,1.98E-02,8.25E-01,130.18,1.8,,1.94E-02,7.90E-01,126.92,1.8,,1.93E-02,7.72E-01,125.21,1.8,,1.91E-02,7.54E-01,123.51,1.8,,1.89E-02,7.37E-01,121.79,1.8,,1.87E-02,7.20E-01,120.06,1.8,,1.85E-02,7.03E-01,118.31,1.8,,1.84E-02,6.86E-01,116.66,1.8,,1.82E-02,6.69E-01,115.07,1.8,,1.80E-02,6.53E-01,113.48,1.8,,1.78E-02,6.37E-01,111.9,1.8,,1.76E-02,6.21E-01,110.32,1.8,,1.75E-02,6.06E-01,108.74,1.8,,1.73E-02,5.91E-01,107.15,1.8,,1.71E-02,5.76E-01,105.55,1.8,,1.69E-02,5.61E-01,103.96,1.8
2.60E-02,1.6089,191.97,2,,2.20E-02,1.07E+00,151.44,2,,2.16E-02,1.02E+00,147.59,2,,2.14E-02,1.00E+00,145.65,2,,2.12E-02,9.77E-01,143.71,2,,2.10E-02,9.54E-01,141.75,2,,2.08E-02,9.32E-01,139.78,2,,2.06E-02,9.10E-01,137.81,2,,2.04E-02,8.88E-01,135.87,2,,2.02E-02,8.67E-01,134.01,2,,2.00E-02,8.46E-01,132.13,2,,1.98E-02,8.25E-01,130.26,2,,1.96E-02,8.05E-01,128.38,2,,1.94E-02,7.86E-01,126.6,2,,1.92E-02,7.67E-01,124.71,2,,1.90E-02,7.47E-01,122.81,2,,1.88E-02,7.28E-01,120.9,2
2.86E-02,2.0296,219.8,2.2,,2.42E-02,1.35E+00,173.53,2.2,,2.38E-02,1.29E+00,169.09,2.2,,2.35E-02,1.26E+00,166.86,2.2,,2.33E-02,1.23E+00,164.62,2.2,,2.31E-02,1.21E+00,162.37,2.2,,2.29E-02,1.18E+00,160.11,2.2,,2.27E-02,1.15E+00,157.87,2.2,,2.24E-02,1.12E+00,155.77,2.2,,2.22E-02,1.10E+00,153.64,2.2,,2.20E-02,1.07E+00,151.52,2.2,,2.18E-02,1.04E+00,149.39,2.2,,2.16E-02,1.02E+00,147.26,2.2,,2.13E-02,9.93E-01,145.12,2.2,,2.11E-02,9.68E-01,142.98,2.2,,2.09E-02,9.43E-01,140.83,2.2,,2.07E-02,9.19E-01,138.67,2.2
3.12E-02,2.5066,248.34,2.4,,2.64E-02,1.67E+00,196.28,2.4,,2.59E-02,1.60E+00,191.31,2.4,,2.57E-02,1.56E+00,188.82,2.4,,2.54E-02,1.53E+00,186.33,2.4,,2.52E-02,1.49E+00,183.82,2.4,,2.50E-02,1.46E+00,181.3,2.4,,2.47E-02,1.42E+00,178.89,2.4,,2.45E-02,1.39E+00,176.46,2.4,,2.42E-02,1.36E+00,174.03,2.4,,2.40E-02,1.32E+00,171.59,2.4,,2.38E-02,1.29E+00,169.15,2.4,,2.35E-02,1.26E+00,166.71,2.4,,2.33E-02,1.23E+00,164.26,2.4,,2.30E-02,1.20E+00,161.8,2.4,,2.28E-02,1.17E+00,159.33,2.4,,2.26E-02,1.14E+00,156.98,2.4
3.38E-02,3.046,278.47,2.6,,2.86E-02,2.03E+00,219.99,2.6,,2.81E-02,1.94E+00,214.31,2.6,,2.78E-02,1.90E+00,211.46,2.6,,2.76E-02,1.86E+00,208.61,2.6,,2.73E-02,1.82E+00,205.75,2.6,,2.70E-02,1.77E+00,202.95,2.6,,2.68E-02,1.73E+00,200.31,2.6,,2.65E-02,1.69E+00,197.63,2.6,,2.63E-02,1.65E+00,194.92,2.6,,2.60E-02,1.61E+00,192.22,2.6,,2.57E-02,1.57E+00,189.5,2.6,,2.55E-02,1.53E+00,186.78,2.6,,2.52E-02,1.50E+00,184.06,2.6,,2.50E-02,1.46E+00,181.33,2.6,,2.47E-02,1.42E+00,178.72,2.6,,2.44E-02,1.39E+00,176.13,2.6
3.64E-02,3.6494,309.27,2.8,,3.08E-02,2.43E+00,244.1,2.8,,3.02E-02,2.33E+00,237.91,2.8,,3.00E-02,2.28E+00,234.84,2.8,,2.97E-02,2.22E+00,231.75,2.8,,2.94E-02,2.17E+00,228.75,2.8,,2.91E-02,2.12E+00,225.75,2.8,,2.88E-02,2.07E+00,222.72,2.8,,2.86E-02,2.03E+00,219.66,2.8,,2.83E-02,1.98E+00,216.59,2.8,,2.80E-02,1.93E+00,213.51,2.8,,2.77E-02,1.88E+00,210.42,2.8,,2.74E-02,1.84E+00,207.33,2.8,,2.72E-02,1.79E+00,204.23,2.8,,2.69E-02,1.75E+00,201.35,2.8,,2.66E-02,1.70E+00,198.51,2.8,,2.63E-02,1.66E+00,195.64,2.8
3.90E-02,4.3159,340.74,3,,3.30E-02,2.88E+00,269.37,3,,3.24E-02,2.75E+00,262.31,3,,3.21E-02,2.69E+00,258.76,3,,3.18E-02,2.63E+00,255.26,3,,3.15E-02,2.57E+00,251.98,3,,3.12E-02,2.51E+00,248.68,3,,3.09E-02,2.45E+00,245.35,3,,3.06E-02,2.40E+00,242.05,3,,3.03E-02,2.34E+00,238.67,3,,3.00E-02,2.28E+00,235.35,3,,2.97E-02,2.23E+00,232,3,,2.94E-02,2.17E+00,228.77,3,,2.91E-02,2.12E+00,225.56,3,,2.88E-02,2.07E+00,222.32,3,,2.85E-02,2.02E+00,219.07,3,,2.82E-02,1.97E+00,215.8,3
4.16E-02,5.0442,373.21,3.2,,3.52E-02,3.37E+00,295.2,3.2,,3.46E-02,3.22E+00,287.52,3.2,,3.42E-02,3.15E+00,283.83,3.2,,3.39E-02,3.08E+00,280.19,3.2,,3.36E-02,3.01E+00,276.5,3.2,,3.33E-02,2.94E+00,272.79,3.2,,3.30E-02,2.87E+00,269.03,3.2,,3.26E-02,2.80E+00,265.25,3.2,,3.23E-02,2.74E+00,261.44,3.2,,3.20E-02,2.67E+00,257.62,3.2,,3.17E-02,2.61E+00,253.97,3.2,,3.14E-02,2.54E+00,250.46,3.2,,3.10E-02,2.48E+00,246.94,3.2,,3.07E-02,2.42E+00,243.39,3.2,,3.04E-02,2.36E+00,239.88,3.2,,3.01E-02,2.30E+00,236.36,3.2
4.42E-02,5.8411,406.11,3.4,,3.74E-02,3.90E+00,321.2,3.4,,3.67E-02,3.73E+00,313.3,3.4,,3.64E-02,3.65E+00,309.33,3.4,,3.60E-02,3.57E+00,305.34,3.4,,3.57E-02,3.49E+00,301.31,3.4,,3.54E-02,3.41E+00,297.26,3.4,,3.50E-02,3.33E+00,293.17,3.4,,3.47E-02,3.25E+00,289.06,3.4,,3.43E-02,3.17E+00,285.03,3.4,,3.40E-02,3.09E+00,281.14,3.4,,3.37E-02,3.02E+00,277.22,3.4,,3.33E-02,2.95E+00,273.27,3.4,,3.30E-02,2.87E+00,269.31,3.4,,3.26E-02,2.80E+00,265.31,3.4,,3.23E-02,2.73E+00,261.29,3.4,,3.20E-02,2.66E+00,257.24,3.4
4.68E-02,6.707,439.94,3.6,,3.96E-02,4.48E+00,348.34,3.6,,3.89E-02,4.29E+00,339.55,3.6,,3.85E-02,4.19E+00,335.15,3.6,,3.82E-02,4.10E+00,330.72,3.6,,3.78E-02,4.01E+00,326.26,3.6,,3.74E-02,3.91E+00,321.8,3.6,,3.71E-02,3.82E+00,317.6,3.6,,3.67E-02,3.73E+00,313.38,3.6,,3.64E-02,3.64E+00,309.15,3.6,,3.60E-02,3.56E+00,304.91,3.6,,3.56E-02,3.47E+00,300.63,3.6,,3.53E-02,3.39E+00,296.32,3.6,,3.49E-02,3.30E+00,292,3.6,,3.46E-02,3.22E+00,287.67,3.6,,3.42E-02,3.14E+00,283.52,3.6,,3.38E-02,3.06E+00,279.4,3.6
4.94E-02,7.6419,474.19,3.8,,4.18E-02,5.11E+00,376,3.8,,4.10E-02,4.89E+00,366.57,3.8,,4.07E-02,4.78E+00,361.77,3.8,,4.03E-02,4.67E+00,356.94,3.8,,3.99E-02,4.57E+00,352.09,3.8,,3.95E-02,4.46E+00,347.49,3.8,,3.91E-02,4.36E+00,342.81,3.8,,3.88E-02,4.26E+00,338.16,3.8,,3.84E-02,4.16E+00,333.48,3.8,,3.80E-02,4.06E+00,328.78,3.8,,3.76E-02,3.96E+00,324.07,3.8,,3.72E-02,3.86E+00,319.49,3.8,,3.69E-02,3.77E+00,315.06,3.8,,3.65E-02,3.67E+00,310.63,3.8,,3.61E-02,3.58E+00,306.17,3.8,,3.57E-02,3.49E+00,301.68,3.8
5.20E-02,8.648,509.24,4,,4.40E-02,5.78E+00,403.79,4,,4.32E-02,5.53E+00,393.35,4,,4.28E-02,5.41E+00,388.46,4,,4.24E-02,5.29E+00,383.55,4,,4.20E-02,5.17E+00,378.59,4,,4.16E-02,5.05E+00,373.62,4,,4.12E-02,4.94E+00,368.69,4,,4.08E-02,4.82E+00,363.61,4,,4.04E-02,4.71E+00,358.51,4,,4.00E-02,4.60E+00,353.41,4,,3.96E-02,4.49E+00,348.49,4,,3.92E-02,4.38E+00,343.58,4,,3.88E-02,4.27E+00,338.7,4,,3.84E-02,4.16E+00,333.8,4,,3.80E-02,4.06E+00,328.86,4,,3.76E-02,3.96E+00,323.91,4
5.46E-02,9.7252,544.56,4.2,,4.62E-02,6.51E+00,432.34,4.2,,4.54E-02,6.22E+00,421.37,4.2,,4.49E-02,6.09E+00,416,4.2,,4.45E-02,5.95E+00,410.61,4.2,,4.41E-02,5.82E+00,405.19,4.2,,4.37E-02,5.68E+00,399.74,4.2,,4.33E-02,5.55E+00,394.23,4.2,,4.28E-02,5.42E+00,389.01,4.2,,4.24E-02,5.30E+00,383.83,4.2,,4.20E-02,5.17E+00,378.63,4.2,,4.16E-02,5.05E+00,373.39,4.2,,4.12E-02,4.93E+00,368.21,4.2,,4.07E-02,4.81E+00,362.89,4.2,,4.03E-02,4.69E+00,357.56,4.2,,3.99E-02,4.57E+00,352.19,4.2,,3.95E-02,4.45E+00,347.1,4.2
5.72E-02,10.874,581.16,4.4,,4.84E-02,7.28E+00,461.03,4.4,,4.75E-02,6.97E+00,449.65,4.4,,4.71E-02,6.81E+00,443.94,4.4,,4.66E-02,6.66E+00,438.22,4.4,,4.62E-02,6.51E+00,432.44,4.4,,4.58E-02,6.36E+00,426.6,4.4,,4.53E-02,6.21E+00,420.95,4.4,,4.49E-02,6.07E+00,415.3,4.4,,4.44E-02,5.93E+00,409.62,4.4,,4.40E-02,5.78E+00,403.93,4.4,,4.36E-02,5.65E+00,398.2,4.4,,4.31E-02,5.51E+00,392.49,4.4,,4.27E-02,5.38E+00,387.09,4.4,,4.22E-02,5.24E+00,381.66,4.4,,4.18E-02,5.11E+00,376.2,4.4,,4.14E-02,4.98E+00,370.71,4.4
5.98E-02,12.102,618,4.6,,5.06E-02,8.10E+00,490.83,4.6,,4.97E-02,7.75E+00,478.37,4.6,,4.92E-02,7.58E+00,472.07,4.6,,4.88E-02,7.41E+00,465.77,4.6,,4.83E-02,7.25E+00,459.83,4.6,,4.78E-02,7.08E+00,453.89,4.6,,4.74E-02,6.92E+00,447.91,4.6,,4.69E-02,6.76E+00,441.93,4.6,,4.65E-02,6.60E+00,435.9,4.6,,4.60E-02,6.44E+00,429.83,4.6,,4.55E-02,6.29E+00,423.79,4.6,,4.51E-02,6.13E+00,417.92,4.6,,4.46E-02,5.98E+00,412,4.6,,4.42E-02,5.84E+00,406.06,4.6,,4.37E-02,5.69E+00,400.1,4.6,,4.32E-02,5.55E+00,394.1,4.6
6.24E-02,13.405,654.81,4.8,,5.28E-02,8.98E+00,520.52,4.8,,5.18E-02,8.59E+00,507.46,4.8,,5.14E-02,8.40E+00,501.09,4.8,,5.09E-02,8.21E+00,494.68,4.8,,5.04E-02,8.03E+00,488.22,4.8,,4.99E-02,7.85E+00,481.72,4.8,,4.94E-02,7.67E+00,475.18,4.8,,4.90E-02,7.49E+00,468.57,4.8,,4.85E-02,7.31E+00,462.19,4.8,,4.80E-02,7.14E+00,455.99,4.8,,4.75E-02,6.97E+00,449.77,4.8,,4.70E-02,6.80E+00,443.54,4.8,,4.66E-02,6.63E+00,437.27,4.8,,4.61E-02,6.47E+00,430.95,4.8,,4.56E-02,6.31E+00,424.63,4.8,,4.51E-02,6.15E+00,418.52,4.8
6.50E-02,14.782,692.6,5,,5.50E-02,9.90E+00,550.2,5,,5.40E-02,9.48E+00,536.83,5,,5.35E-02,9.27E+00,530.11,5,,5.30E-02,9.06E+00,523.35,5,,5.25E-02,8.86E+00,516.49,5,,5.20E-02,8.66E+00,509.66,5,,5.15E-02,8.46E+00,503.04,5,,5.10E-02,8.26E+00,496.34,5,,5.05E-02,8.07E+00,489.61,5,,5.00E-02,7.88E+00,482.83,5,,4.95E-02,7.69E+00,476.04,5,,4.90E-02,7.50E+00,469.17,5,,4.85E-02,7.32E+00,462.5,5,,4.80E-02,7.14E+00,456.04,5,,4.75E-02,6.96E+00,449.58,5,,4.70E-02,6.79E+00,443.11,5
6.76E-02,16.231,730.64,5.2,,5.72E-02,1.09E+01,581.47,5.2,,5.62E-02,1.04E+01,566.81,5.2,,5.56E-02,1.02E+01,559.39,5.2,,5.51E-02,9.96E+00,551.98,5.2,,5.46E-02,9.74E+00,544.94,5.2,,5.41E-02,9.51E+00,537.99,5.2,,5.36E-02,9.30E+00,531,5.2,,5.30E-02,9.08E+00,523.94,5.2,,5.25E-02,8.87E+00,516.81,5.2,,5.20E-02,8.66E+00,509.68,5.2,,5.15E-02,8.45E+00,502.8,5.2,,5.10E-02,8.25E+00,495.85,5.2,,5.04E-02,8.05E+00,488.85,5.2,,4.99E-02,7.85E+00,481.8,5.2,,4.94E-02,7.65E+00,474.74,5.2,,4.89E-02,7.46E+00,467.61,5.2
7.02E-02,17.753,769.16,5.4,,5.94E-02,1.19E+01,612.61,5.4,,5.83E-02,1.14E+01,597.06,5.4,,5.78E-02,1.12E+01,589.6,5.4,,5.72E-02,1.09E+01,582.12,5.4,,5.67E-02,1.07E+01,574.53,5.4,,5.62E-02,1.04E+01,566.89,5.4,,5.56E-02,1.02E+01,559.18,5.4,,5.51E-02,9.94E+00,551.45,5.4,,5.45E-02,9.71E+00,544.18,5.4,,5.40E-02,9.48E+00,536.94,5.4,,5.35E-02,9.26E+00,529.68,5.4,,5.29E-02,9.03E+00,522.35,5.4,,5.24E-02,8.81E+00,514.94,5.4,,5.18E-02,8.60E+00,507.62,5.4,,5.13E-02,8.38E+00,500.48,5.4,,5.08E-02,8.17E+00,493.24,5.4
7.28E-02,19.36,807.69,5.6,,6.16E-02,1.30E+01,643.76,5.6,,6.05E-02,1.24E+01,628.02,5.6,,5.99E-02,1.22E+01,620.06,5.6,,5.94E-02,1.19E+01,612.1,5.6,,5.88E-02,1.16E+01,604.06,5.6,,5.82E-02,1.14E+01,596.04,5.6,,5.77E-02,1.11E+01,588.29,5.6,,5.71E-02,1.08E+01,580.48,5.6,,5.66E-02,1.06E+01,572.59,5.6,,5.60E-02,1.03E+01,564.64,5.6,,5.54E-02,1.01E+01,556.64,5.6,,5.49E-02,9.86E+00,548.77,5.6,,5.43E-02,9.62E+00,541.29,5.6,,5.38E-02,9.38E+00,533.77,5.6,,5.32E-02,9.15E+00,526.22,5.6,,5.26E-02,8.92E+00,518.6,5.6
7.54E-02,21.049,846.7,5.8,,6.38E-02,1.41E+01,675.62,5.8,,6.26E-02,1.35E+01,658.69,5.8,,6.21E-02,1.32E+01,650.25,5.8,,6.15E-02,1.29E+01,642.15,5.8,,6.09E-02,1.27E+01,633.99,5.8,,6.03E-02,1.24E+01,625.82,5.8,,5.97E-02,1.21E+01,617.58,5.8,,5.92E-02,1.18E+01,609.28,5.8,,5.86E-02,1.15E+01,600.91,5.8,,5.80E-02,1.13E+01,592.76,5.8,,5.74E-02,1.10E+01,584.72,5.8,,5.68E-02,1.07E+01,576.6,5.8,,5.63E-02,1.05E+01,568.38,5.8,,5.57E-02,1.02E+01,560.13,5.8,,5.51E-02,9.95E+00,551.84,5.8,,5.45E-02,9.71E+00,544.05,5.8
7.80E-02,22.814,886.58,6,,6.60E-02,1.53E+01,707.74,6,,6.48E-02,1.47E+01,690.1,6,,6.42E-02,1.44E+01,681.47,6,,6.36E-02,1.40E+01,672.78,6,,6.30E-02,1.37E+01,664.02,6,,6.24E-02,1.34E+01,655.26,6,,6.18E-02,1.31E+01,646.68,6,,6.12E-02,1.28E+01,638.26,6,,6.06E-02,1.25E+01,629.79,6,,6.00E-02,1.22E+01,621.31,6,,5.94E-02,1.19E+01,612.76,6,,5.88E-02,1.16E+01,604.16,6,,5.82E-02,1.14E+01,595.56,6,,5.76E-02,1.11E+01,587.27,6,,5.70E-02,1.08E+01,578.91,6,,5.64E-02,1.05E+01,570.45,6
8.06E-02,24.661,926.62,6.2,,6.82E-02,1.66E+01,739.51,6.2,,6.70E-02,1.59E+01,721.79,6.2,,6.63E-02,1.55E+01,712.78,6.2,,6.57E-02,1.52E+01,703.68,6.2,,6.51E-02,1.48E+01,694.46,6.2,,6.45E-02,1.45E+01,685.56,6.2,,6.39E-02,1.42E+01,676.62,6.2,,6.32E-02,1.39E+01,667.58,6.2,,6.26E-02,1.35E+01,658.5,6.2,,6.20E-02,1.32E+01,649.52,6.2,,6.14E-02,1.29E+01,640.83,6.2,,6.08E-02,1.26E+01,632.1,6.2,,6.01E-02,1.23E+01,623.34,6.2,,5.95E-02,1.20E+01,614.52,6.2,,5.89E-02,1.17E+01,605.65,6.2,,5.83E-02,1.14E+01,596.74,6.2
8.32E-02,26.586,966.37,6.4,,7.04E-02,1.79E+01,772.44,6.4,,6.91E-02,1.71E+01,753.28,6.4,,6.85E-02,1.68E+01,743.6,6.4,,6.78E-02,1.64E+01,734.42,6.4,,6.72E-02,1.60E+01,725.3,6.4,,6.66E-02,1.57E+01,716.07,6.4,,6.59E-02,1.53E+01,706.68,6.4,,6.53E-02,1.49E+01,697.18,6.4,,6.46E-02,1.46E+01,687.89,6.4,,6.40E-02,1.43E+01,678.67,6.4,,6.34E-02,1.39E+01,669.36,6.4,,6.27E-02,1.36E+01,660.01,6.4,,6.21E-02,1.33E+01,650.68,6.4,,6.14E-02,1.29E+01,641.72,6.4,,6.08E-02,1.26E+01,632.73,6.4,,6.02E-02,1.23E+01,623.7,6.4
8.58E-02,28.59,1007,6.6,,7.26E-02,1.92E+01,805.01,6.6,,7.13E-02,1.84E+01,785.53,6.6,,7.06E-02,1.80E+01,775.79,6.6,,7.00E-02,1.76E+01,765.96,6.6,,6.93E-02,1.72E+01,756.05,6.6,,6.86E-02,1.68E+01,746.07,6.6,,6.80E-02,1.65E+01,736.46,6.6,,6.73E-02,1.61E+01,727.05,6.6,,6.67E-02,1.57E+01,717.53,6.6,,6.60E-02,1.53E+01,707.89,6.6,,6.53E-02,1.50E+01,698.11,6.6,,6.47E-02,1.46E+01,688.52,6.6,,6.40E-02,1.43E+01,679.01,6.6,,6.34E-02,1.39E+01,669.41,6.6,,6.27E-02,1.36E+01,659.78,6.6,,6.20E-02,1.32E+01,650.2,6.6
8.84E-02,30.676,1047.3,6.8,,7.48E-02,2.07E+01,838.08,6.8,,7.34E-02,1.98E+01,817.75,6.8,,7.28E-02,1.93E+01,807.5,6.8,,7.21E-02,1.89E+01,797.42,6.8,,7.14E-02,1.85E+01,787.38,6.8,,7.07E-02,1.81E+01,777.34,6.8,,7.00E-02,1.77E+01,767.21,6.8,,6.94E-02,1.73E+01,756.98,6.8,,6.87E-02,1.69E+01,746.69,6.8,,6.80E-02,1.65E+01,736.77,6.8,,6.73E-02,1.61E+01,727.08,6.8,,6.66E-02,1.57E+01,717.28,6.8,,6.60E-02,1.53E+01,707.35,6.8,,6.53E-02,1.50E+01,697.26,6.8,,6.46E-02,1.46E+01,687.43,6.8,,6.39E-02,1.42E+01,677.64,6.8
9.10E-02,32.847,1087.8,7,,7.70E-02,2.21E+01,871.71,7,,7.56E-02,2.12E+01,850.06,7,,7.49E-02,2.07E+01,839.65,7,,7.42E-02,2.03E+01,829.18,7,,7.35E-02,1.98E+01,818.72,7,,7.28E-02,1.94E+01,808.19,7,,7.21E-02,1.89E+01,797.76,7,,7.14E-02,1.85E+01,787.42,7,,7.07E-02,1.81E+01,777.04,7,,7.00E-02,1.76E+01,766.64,7,,6.93E-02,1.72E+01,756.11,7,,6.86E-02,1.68E+01,745.52,7,,6.79E-02,1.64E+01,735.38,7,,6.72E-02,1.60E+01,725.4,7,,6.65E-02,1.56E+01,715.31,7,,6.58E-02,1.52E+01,705.06,7
9.36E-02,35.1,1129.2,7.2,,7.92E-02,2.37E+01,905.13,7.2,,7.78E-02,2.27E+01,883.3,7.2,,7.70E-02,2.22E+01,872.38,7.2,,7.63E-02,2.17E+01,861.28,7.2,,7.56E-02,2.12E+01,850.12,7.2,,7.49E-02,2.07E+01,839.42,7.2,,7.42E-02,2.03E+01,828.64,7.2,,7.34E-02,1.98E+01,817.85,7.2,,7.27E-02,1.93E+01,806.98,7.2,,7.20E-02,1.89E+01,796.32,7.2,,7.13E-02,1.84E+01,785.68,7.2,,7.06E-02,1.80E+01,775.01,7.2,,6.98E-02,1.76E+01,764.28,7.2,,6.91E-02,1.71E+01,753.44,7.2,,6.84E-02,1.67E+01,742.63,7.2,,6.77E-02,1.63E+01,732.33,7.2
9.62E-02,37.431,1169.8,7.4,,8.14E-02,2.53E+01,939.32,7.4,,7.99E-02,2.42E+01,916.36,7.4,,7.92E-02,2.37E+01,904.88,7.4,,7.84E-02,2.31E+01,893.66,7.4,,7.77E-02,2.26E+01,882.45,7.4,,7.70E-02,2.21E+01,871.23,7.4,,7.62E-02,2.16E+01,859.77,7.4,,7.55E-02,2.11E+01,848.36,7.4,,7.47E-02,2.06E+01,837.34,7.4,,7.40E-02,2.01E+01,826.28,7.4,,7.33E-02,1.97E+01,815.17,7.4,,7.25E-02,1.92E+01,804.01,7.4,,7.18E-02,1.87E+01,793.13,7.4,,7.10E-02,1.83E+01,782.18,7.4,,7.03E-02,1.78E+01,771.22,7.4,,6.96E-02,1.74E+01,760.14,7.4
9.88E-02,39.846,1209.8,7.6,,8.36E-02,2.69E+01,972.85,7.6,,8.21E-02,2.58E+01,949.78,7.6,,8.13E-02,2.52E+01,938.14,7.6,,8.06E-02,2.46E+01,926.39,7.6,,7.98E-02,2.41E+01,914.54,7.6,,7.90E-02,2.36E+01,902.83,7.6,,7.83E-02,2.30E+01,891.28,7.6,,7.75E-02,2.25E+01,879.75,7.6,,7.68E-02,2.20E+01,868.16,7.6,,7.60E-02,2.15E+01,856.36,7.6,,7.52E-02,2.10E+01,844.81,7.6,,7.45E-02,2.05E+01,833.51,7.6,,7.37E-02,2.00E+01,822.13,7.6,,7.30E-02,1.95E+01,810.69,7.6,,7.22E-02,1.90E+01,799.37,7.6,,7.14E-02,1.85E+01,788.16,7.6
1.01E-01,42.331,1249.3,7.8,,8.58E-02,2.86E+01,1007.3,7.8,,8.42E-02,2.74E+01,983.02,7.8,,8.35E-02,2.68E+01,970.68,7.8,,8.27E-02,2.62E+01,958.93,7.8,,8.19E-02,2.56E+01,947.09,7.8,,8.11E-02,2.51E+01,935.13,7.8,,8.03E-02,2.45E+01,923.01,7.8,,7.96E-02,2.39E+01,910.8,7.8,,7.88E-02,2.34E+01,898.9,7.8,,7.80E-02,2.28E+01,887.06,7.8,,7.72E-02,2.23E+01,875.23,7.8,,7.64E-02,2.18E+01,863.26,7.8,,7.57E-02,2.12E+01,851.12,7.8,,7.49E-02,2.07E+01,839.5,7.8,,7.41E-02,2.02E+01,827.89,7.8,,7.33E-02,1.97E+01,816.19,7.8
1.04E-01,44.891,1288.5,8,,8.80E-02,3.04E+01,1041.4,8,,8.64E-02,2.91E+01,1016.6,8,,8.56E-02,2.85E+01,1004.3,8,,8.48E-02,2.78E+01,991.85,8,,8.40E-02,2.72E+01,979.3,8,,8.32E-02,2.66E+01,966.82,8,,8.24E-02,2.60E+01,954.74,8,,8.16E-02,2.54E+01,942.53,8,,8.08E-02,2.48E+01,930.19,8,,8.00E-02,2.42E+01,917.72,8,,7.92E-02,2.37E+01,905.29,8,,7.84E-02,2.31E+01,893.18,8,,7.76E-02,2.26E+01,881.04,8,,7.68E-02,2.20E+01,868.85,8,,7.60E-02,2.15E+01,856.46,8,,7.52E-02,2.09E+01,844.33,8
1.07E-01,47.546,1328,8.2,,9.02E-02,3.22E+01,1075.6,8.2,,8.86E-02,3.08E+01,1050.2,8.2,,8.77E-02,3.02E+01,1037.4,8.2,,8.69E-02,2.95E+01,1024.6,8.2,,8.61E-02,2.88E+01,1012.1,8.2,,8.53E-02,2.82E+01,999.39,8.2,,8.45E-02,2.76E+01,986.56,8.2,,8.36E-02,2.69E+01,973.63,8.2,,8.28E-02,2.63E+01,961.11,8.2,,8.20E-02,2.57E+01,948.67,8.2,,8.12E-02,2.51E+01,936.1,8.2,,8.04E-02,2.45E+01,923.39,8.2,,7.95E-02,2.39E+01,910.56,8.2,,7.87E-02,2.33E+01,898.06,8.2,,7.79E-02,2.28E+01,885.65,8.2,,7.71E-02,2.22E+01,873.21,8.2
1.09E-01,50.286,1367.2,8.4,,9.24E-02,3.41E+01,1110.6,8.4,,9.07E-02,3.26E+01,1083.8,8.4,,8.99E-02,3.19E+01,1070.7,8.4,,8.90E-02,3.12E+01,1057.7,8.4,,8.82E-02,3.05E+01,1044.6,8.4,,8.74E-02,2.99E+01,1031.4,8.4,,8.65E-02,2.92E+01,1018.6,8.4,,8.57E-02,2.85E+01,1005.6,8.4,,8.48E-02,2.79E+01,992.54,8.4,,8.40E-02,2.72E+01,979.35,8.4,,8.32E-02,2.66E+01,966.26,8.4,,8.23E-02,2.59E+01,953.58,8.4,,8.15E-02,2.53E+01,940.76,8.4,,8.06E-02,2.47E+01,927.78,8.4,,7.98E-02,2.41E+01,914.69,8.4,,7.90E-02,2.35E+01,901.77,8.4
1.12E-01,53.013,1403.5,8.6,,9.46E-02,3.60E+01,1145.2,8.6,,9.29E-02,3.45E+01,1118.2,8.6,,9.20E-02,3.37E+01,1104.6,8.6,,9.12E-02,3.30E+01,1090.8,8.6,,9.03E-02,3.23E+01,1077.3,8.6,,8.94E-02,3.16E+01,1064,8.6,,8.86E-02,3.08E+01,1050.6,8.6,,8.77E-02,3.01E+01,1037.1,8.6,,8.69E-02,2.95E+01,1023.8,8.6,,8.60E-02,2.88E+01,1010.6,8.6,,8.51E-02,2.81E+01,997.26,8.6,,8.43E-02,2.74E+01,983.8,8.6,,8.34E-02,2.68E+01,970.2,8.6,,8.26E-02,2.61E+01,957.26,8.6,,8.17E-02,2.55E+01,944.18,8.6,,8.08E-02,2.49E+01,930.95,8.6
1.14E-01,55.912,1443,8.8,,9.68E-02,3.80E+01,1179.4,8.8,,9.50E-02,3.64E+01,1152.2,8.8,,9.42E-02,3.56E+01,1138.4,8.8,,9.33E-02,3.48E+01,1124.5,8.8,,9.24E-02,3.41E+01,1110.7,8.8,,9.15E-02,3.33E+01,1096.7,8.8,,9.06E-02,3.26E+01,1082.6,8.8,,8.98E-02,3.18E+01,1069,8.8,,8.89E-02,3.11E+01,1055.3,8.8,,8.80E-02,3.04E+01,1041.5,8.8,,8.71E-02,2.97E+01,1027.8,8.8,,8.62E-02,2.90E+01,1014.3,8.8,,8.54E-02,2.83E+01,1000.7,8.8,,8.45E-02,2.76E+01,986.97,8.8,,8.36E-02,2.69E+01,973.11,8.8,,8.27E-02,2.63E+01,959.74,8.8
1.17E-01,58.891,1482.8,9,,9.90E-02,4.01E+01,1213.2,9,,9.72E-02,3.84E+01,1185.6,9,,9.63E-02,3.75E+01,1171.7,9,,9.54E-02,3.67E+01,1157.8,9,,9.45E-02,3.59E+01,1143.8,9,,9.36E-02,3.51E+01,1129.6,9,,9.27E-02,3.43E+01,1115.4,9,,9.18E-02,3.36E+01,1101.2,9,,9.09E-02,3.28E+01,1086.7,9,,9.00E-02,3.20E+01,1072.7,9,,8.91E-02,3.13E+01,1058.7,9,,8.82E-02,3.05E+01,1044.7,9,,8.73E-02,2.98E+01,1030.6,9,,8.64E-02,2.91E+01,1016.8,9,,8.55E-02,2.84E+01,1002.9,9,,8.46E-02,2.77E+01,988.92,9
1.20E-01,61.894,1521,9.2,,1.01E-01,4.22E+01,1246.6,9.2,,9.94E-02,4.04E+01,1218.7,9.2,,9.84E-02,3.95E+01,1204.7,9.2,,9.75E-02,3.87E+01,1190.5,9.2,,9.66E-02,3.78E+01,1176.4,9.2,,9.57E-02,3.70E+01,1162.2,9.2,,9.48E-02,3.62E+01,1147.9,9.2,,9.38E-02,3.53E+01,1133.4,9.2,,9.29E-02,3.45E+01,1118.9,9.2,,9.20E-02,3.37E+01,1104.4,9.2,,9.11E-02,3.29E+01,1089.6,9.2,,9.02E-02,3.22E+01,1075.2,9.2,,8.92E-02,3.14E+01,1061,9.2,,8.83E-02,3.06E+01,1046.6,9.2,,8.74E-02,2.99E+01,1032.2,9.2,,8.65E-02,2.92E+01,1018.1,9.2
1.22E-01,64.94,1558.2,9.4,,1.03E-01,4.43E+01,1279.8,9.4,,1.02E-01,4.25E+01,1251.4,9.4,,1.01E-01,4.16E+01,1237.2,9.4,,9.96E-02,4.07E+01,1223,9.4,,9.87E-02,3.98E+01,1208.7,9.4,,9.78E-02,3.89E+01,1194.3,9.4,,9.68E-02,3.80E+01,1179.8,9.4,,9.59E-02,3.72E+01,1165.3,9.4,,9.49E-02,3.63E+01,1150.7,9.4,,9.40E-02,3.55E+01,1136,9.4,,9.31E-02,3.47E+01,1121.2,9.4,,9.21E-02,3.38E+01,1106.3,9.4,,9.12E-02,3.30E+01,1091.3,9.4,,9.02E-02,3.22E+01,1076.5,9.4,,8.93E-02,3.14E+01,1062,9.4,,8.84E-02,3.07E+01,1047.3,9.4
1.25E-01,68.057,1596.3,9.6,,1.06E-01,4.65E+01,1313,9.6,,1.04E-01,4.46E+01,1284.1,9.6,,1.03E-01,4.36E+01,1269.6,9.6,,1.02E-01,4.27E+01,1255.1,9.6,,1.01E-01,4.18E+01,1240.6,9.6,,9.98E-02,4.09E+01,1226.1,9.6,,9.89E-02,3.99E+01,1211.5,9.6,,9.79E-02,3.90E+01,1196.8,9.6,,9.70E-02,3.82E+01,1182,9.6,,9.60E-02,3.73E+01,1167.2,9.6,,9.50E-02,3.64E+01,1152.3,9.6,,9.41E-02,3.56E+01,1137.2,9.6,,9.31E-02,3.47E+01,1122.2,9.6,,9.22E-02,3.39E+01,1107,9.6,,9.12E-02,3.30E+01,1091.7,9.6,,9.02E-02,3.22E+01,1076.6,9.6
1.27E-01,71.292,1635.3,9.8,,1.08E-01,4.88E+01,1346.7,9.8,,1.06E-01,4.68E+01,1316.7,9.8,,1.05E-01,4.58E+01,1301.9,9.8,,1.04E-01,4.48E+01,1287.1,9.8,,1.03E-01,4.38E+01,1272.3,9.8,,1.02E-01,4.29E+01,1257.6,9.8,,1.01E-01,4.19E+01,1242.7,9.8,,1.00E-01,4.10E+01,1227.9,9.8,,9.90E-02,4.00E+01,1213,9.8,,9.80E-02,3.91E+01,1198,9.8,,9.70E-02,3.82E+01,1182.9,9.8,,9.60E-02,3.73E+01,1167.8,9.8,,9.51E-02,3.64E+01,1152.7,9.8,,9.41E-02,3.56E+01,1137.3,9.8,,9.31E-02,3.47E+01,1121.9,9.8,,9.21E-02,3.38E+01,1106.4,9.8
1.30E-01,74.603,1674.9,10,,1.10E-01,5.12E+01,1379,10,,1.08E-01,4.90E+01,1349.8,10,,1.07E-01,4.80E+01,1334.6,10,,1.06E-01,4.69E+01,1319.1,10,,1.05E-01,4.59E+01,1304.1,10,,1.04E-01,4.49E+01,1289,10,,1.03E-01,4.39E+01,1273.9,10,,1.02E-01,4.29E+01,1258.8,10,,1.01E-01,4.20E+01,1243.7,10,,1.00E-01,4.10E+01,1228.5,10,,9.90E-02,4.01E+01,1213.3,10,,9.80E-02,3.91E+01,1198,10,,9.70E-02,3.82E+01,1182.7,10,,9.60E-02,3.73E+01,1167.2,10,,9.50E-02,3.64E+01,1151.8,10,,9.40E-02,3.55E+01,1136.1,10
1.30E-01,74.603,1674.9,11,,1.10E-01,5.11E+01,1378.9,11,,1.08E-01,4.90E+01,1349.7,11,,1.07E-01,4.80E+01,1334.6,11,,1.06E-01,4.69E+01,1319.1,11,,1.05E-01,4.59E+01,1304,11,,1.04E-01,4.48E+01,1283,11,,1.03E-01,4.38E+01,1268,11,,1.02E-01,4.29E+01,1258.8,11,,1.01E-01,4.20E+01,1243.6,11,,1.00E-01,4.10E+01,1228.5,11,,9.90E-02,4.01E+01,1213.3,11,,9.80E-02,3.91E+01,1198,11,,9.70E-02,3.82E+01,1182.6,11,,9.60E-02,3.73E+01,1167.2,11,,9.50E-02,3.64E+01,1151.7,11,,9.40E-02,3.55E+01,1136.1,11
1.30E-01,74.603,1674.9,12,,1.10E-01,5.12E+01,1379,12,,1.08E-01,4.90E+01,1349.8,12,,1.07E-01,4.80E+01,1334.5,12,,1.06E-01,4.69E+01,1319.1,12,,1.05E-01,4.59E+01,1304,12,,1.04E-01,4.46E+01,1277.2,12,,1.03E-01,4.36E+01,1262.1,12,,1.02E-01,4.29E+01,1258.8,12,,1.01E-01,4.20E+01,1243.7,12,,1.00E-01,4.10E+01,1228.5,12,,9.90E-02,4.01E+01,1213.3,12,,9.80E-02,3.91E+01,1198,12,,9.70E-02,3.82E+01,1182.7,12,,9.60E-02,3.73E+01,1167.2,12,,9.50E-02,3.64E+01,1151.7,12,,9.40E-02,3.55E+01,1136.1,12
1.30E-01,74.603,1674.9,13.5,,1.10E-01,5.11E+01,1378.9,13.5,,1.08E-01,4.90E+01,1349.7,13.5,,1.07E-01,4.80E+01,1334.6,13.5,,1.06E-01,4.69E+01,1319.1,13.5,,1.05E-01,4.59E+01,1304,13.5,,1.03E-01,4.43E+01,1268.3,13.5,,1.02E-01,4.34E+01,1253.3,13.5,,1.02E-01,4.29E+01,1258.8,13.5,,1.01E-01,4.20E+01,1243.6,13.5,,1.00E-01,4.10E+01,1228.5,13.5,,9.90E-02,4.01E+01,1213.3,13.5,,9.80E-02,3.91E+01,1198,13.5,,9.70E-02,3.82E+01,1182.6,13.5,,9.60E-02,3.73E+01,1167.2,13.5,,9.50E-02,3.64E+01,1151.7,13.5,,9.40E-02,3.55E+01,1136.1,13.5
1.30E-01,74.604,1674.9,15,,1.10E-01,5.11E+01,1378.9,15,,1.08E-01,4.90E+01,1349.7,15,,1.07E-01,4.80E+01,1334.5,15,,1.06E-01,4.69E+01,1319.1,15,,1.05E-01,4.59E+01,1304,15,,1.03E-01,4.41E+01,1259.5,15,,1.02E-01,4.31E+01,1244.5,15,,1.02E-01,4.29E+01,1258.8,15,,1.01E-01,4.20E+01,1243.7,15,,1.00E-01,4.10E+01,1228.5,15,,9.90E-02,4.01E+01,1213.3,15,,9.80E-02,3.91E+01,1198,15,,9.70E-02,3.82E+01,1182.6,15,,9.60E-02,3.73E+01,1167.2,15,,9.50E-02,3.64E+01,1151.7,15,,9.40E-02,3.55E+01,1136.1,15
1.04E-01,53.929,913.69,17,,8.80E-02,3.64E+01,727.59,17,,8.64E-02,3.49E+01,709.63,17,,8.56E-02,3.41E+01,701,17,,8.48E-02,3.33E+01,692.51,17,,8.40E-02,3.26E+01,684.04,17,,8.24E-02,3.15E+01,652.5,17,,8.16E-02,3.08E+01,643.91,17,,8.16E-02,3.04E+01,658.16,17,,8.08E-02,2.97E+01,649.75,17,,8.00E-02,2.90E+01,641.29,17,,7.92E-02,2.83E+01,632.72,17,,7.84E-02,2.77E+01,624.22,17,,7.76E-02,2.70E+01,616,17,,7.68E-02,2.63E+01,607.68,17,,7.60E-02,2.57E+01,599.32,17,,7.52E-02,2.50E+01,590.83,17
9.49E-02,49.687,643,17.7,,6.60E-02,3.10E+01,134.21,19,,6.48E-02,2.97E+01,131.7,19,,6.42E-02,2.90E+01,130.64,19,,6.36E-02,2.83E+01,129.66,19,,6.30E-02,2.77E+01,128.46,19,,6.18E-02,2.70E+01,114.19,19,,6.12E-02,2.64E+01,113.05,19,,6.12E-02,2.58E+01,124.96,19,,6.06E-02,2.52E+01,123.84,19,,6.00E-02,2.46E+01,122.75,19,,5.94E-02,2.40E+01,121.54,19,,5.88E-02,2.34E+01,120.34,19,,5.82E-02,2.28E+01,119.12,19,,5.76E-02,2.23E+01,117.87,19,,5.70E-02,2.17E+01,116.68,19,,5.64E-02,2.11E+01,115.59,19
8.58E-02,47.113,375.43,18.4,,5.92E-02,3.10E+01,11.716,20.05,,5.79E-02,2.97E+01,9.7788,20.05,,5.73E-02,2.90E+01,8.8084,20.05,,5.67E-02,2.83E+01,7.8573,20.05,,5.60E-02,2.77E+01,6.9581,20.05,,5.54E-02,2.70E+01,6.0894,20.05,,5.48E-02,2.64E+01,5.2475,20.05,,5.42E-02,2.58E+01,4.4315,20.05,,5.36E-02,2.52E+01,3.6406,19.7,,5.30E-02,2.45E+01,2.8772,20.05,,5.24E-02,2.40E+01,2.1425,20.05,,5.18E-02,2.34E+01,1.4277,20.05,,5.12E-02,2.28E+01,0.73797,20.05,,5.06E-02,2.22E+01,6.62E-02,20.05,,5.00E-02,2.16E+01,0.57591,20.05,,4.94E-02,2.11E+01,1.2116,20.05
7.22E-02,46.228,44.952,19.45,,5.92E-02,3.10E+01,11.717,21.1,,5.79E-02,2.97E+01,9.779,21.1,,5.73E-02,28.978,8.8086,21.1,,5.67E-02,28.311,7.8574,21.1,,5.60E-02,2.77E+01,6.9582,21.1,,5.54E-02,27.024,6.0894,21.1,,5.48E-02,26.393,5.2475,21.1,,5.42E-02,25.772,4.4316,21.1,,5.36E-02,2.52E+01,3.641,20.4,,5.30E-02,2.45E+01,2.8772,21.1,,5.24E-02,23.95,2.1425,21.1,,5.18E-02,2.34E+01,1.4277,21.1,,5.12E-02,2.28E+01,0.73796,21.1,,5.06E-02,2.22E+01,6.62E-02,21.1,,5.00E-02,2.16E+01,0.57591,21.1,,4.94E-02,2.11E+01,1.2116,21.1
7.19E-02,46.255,38.468,21.025,,5.92E-02,31.006,11.716,22.675,,5.79E-02,2.97E+01,9.7788,22.675,,5.73E-02,28.978,8.8084,22.675,,5.67E-02,28.311,7.8573,22.675,,5.60E-02,27.663,6.9581,22.675,,5.54E-02,27.024,6.0894,22.675,,5.48E-02,26.393,5.2475,22.675,,5.42E-02,25.772,4.4315,22.675,,5.36E-02,25.155,3.6409,21.45,,5.30E-02,24.546,2.8772,22.675,,5.24E-02,23.95,2.1425,22.675,,5.18E-02,23.359,1.4277,22.675,,5.12E-02,22.774,0.73795,22.675,,5.06E-02,22.199,6.62E-02,22.675,,5.00E-02,21.635,0.57592,22.675,,4.94E-02,21.077,1.2116,22.675
7.19E-02,46.255,38.466,23.387,,5.92E-02,31.006,11.716,25,,5.79E-02,29.65,9.7788,25,,5.73E-02,28.978,8.8083,25,,5.67E-02,28.311,7.8572,25,,5.60E-02,27.663,6.958,25,,5.54E-02,27.024,6.0893,25,,5.48E-02,26.393,5.2474,25,,5.42E-02,25.772,4.4314,25,,5.36E-02,25.155,3.6408,23.025,,5.30E-02,24.546,2.8772,25,,5.24E-02,23.95,2.1425,25,,5.18E-02,23.359,1.4277,25,,5.12E-02,22.774,0.73795,25,,5.06E-02,22.199,6.62E-02,25,,5.00E-02,21.635,0.57592,25,,4.94E-02,21.077,1.2116,25
7.19E-02,46.255,38.466,25,,,,,,,,,,,,,,,,,,,,,,,,,,,,,,,,,,,,,,,,,,5.36E-02,25.155,3.6408,25,,,,,,,,,,,,,,,,,,,,,,,,,,,,,,,,,,,