d1,x1,y1,z1,d2,x2,y2,z2,d3,x3,y3,z3
-0.008243932,0,-0.9,0,0,0,-2,0,0,0,-2,0
3.49E-05,0,-1.85,0,1.98E-05,0,-1.9,0,8.59E-06,0,-1.8,0
-0.006161468,0,-0.95,0,-0.160284138,0,0,0,7.61E-06,0,-1.6,0
2.38E-05,0,-1.9,0,-0.143854237,0,-0.1,0,-5.58E-05,0,-1.4,0
-0.010769534,0,-0.85,0,3.73E-05,0,-1.8,0,-0.000585333,0,-1.2,0
-0.013795426,0,-0.8,0,-0.112905939,0,-0.2,0,-0.003744525,0,-1,0
1.20E-05,0,-1.95,0,4.95E-05,0,-1.7,0,-0.012336407,0,-0.8,0
0,0,-2,0,-0.086852192,0,-0.3,0,-0.031202253,0,-0.6,0
4.51E-05,0,-1.8,0,5.09E-05,0,-1.6,0,-0.156333961,0,0,0
-0.155235633,0,-0.05,0,-0.064641566,0,-0.4,0,-0.121616974,0,-0.2,0
5.38E-05,0,-1.75,0,3.14E-05,0,-1.5,0,-0.066891679,0,-0.4,0
-0.017383526,0,-0.75,0,-0.046447083,0,-0.5,0,-0.002841569,0.2,-1,0
6.05E-05,0,-1.7,0,-2.98E-05,0,-1.4,0,-1.14E-05,0.2,-1.8,0
-0.161326747,0,0,0,-0.032170767,0,-0.6,0,0,0.2,-2,0
6.42E-05,0,-1.65,0,-0.021408768,0,-0.7,0,-4.58E-05,0.2,-1.6,0
-0.021599412,0,-0.7,0,-0.013568997,0,-0.8,0,-0.000548271,0.2,-1.2,0
6.38E-05,0,-1.6,0,-0.008051665,0,-0.9,0,-0.00940121,0.2,-0.8,0
-0.026511322,0,-0.65,0,-0.004325297,0,-1,0,-0.04489285,0.2,-0.4,0
5.78E-05,0,-1.55,0,-0.001985396,0,-1.1,0,-0.101371569,0.2,0,0
-0.032187595,0,-0.6,0,-0.00070824,0,-1.2,0,-0.022961165,0.2,-0.6,0
4.36E-05,0,-1.5,0,-0.000200547,0,-1.3,0,-0.074646289,0.2,-0.2,0
-0.038694581,0,-0.55,0,-0.077810443,0.1,-0.3,0,-0.000153781,0.2,-1.4,0
1.79E-05,0,-1.45,0,3.13E-05,0.1,-1.8,0,-0.018341198,0.4,-0.4,0
-0.04609399,0,-0.5,0,-0.00183605,0.1,-1.1,0,-0.010803602,0.4,-0.6,0
-2.43E-05,0,-1.4,0,-0.019837819,0.1,-0.7,0,-0.02456733,0.4,-0.2,0
-0.054438708,0,-0.45,0,-0.012607689,0.1,-0.8,0,-4.78E-05,0.4,-1.8,0
-9.07E-05,0,-1.35,0,1.29E-05,0.1,-1.5,0,-0.00486267,0.4,-0.8,0
-0.063774335,0,-0.4,0,-0.000654395,0.1,-1.2,0,-0.001512663,0.4,-1,0
-0.000195318,0,-1.3,0,-0.007482963,0.1,-0.9,0,-0.000655631,0.4,-1.2,0
-0.074126914,0,-0.35,0,-0.029662647,0.1,-0.6,0,-0.000301365,0.4,-1.4,0
-0.000381298,0,-1.25,0,-0.042513045,0.1,-0.5,0,0,0.4,-2,0
-0.085512474,0,-0.3,0,3.73E-05,0.1,-1.6,0,-0.039373497,0.4,0,0
-0.000735486,0,-1.2,0,-0.058624669,0.1,-0.4,0,-0.00012872,0.4,-1.6,0
-0.097900891,0,-0.25,0,-0.000216168,0.1,-1.3,0,-0.000396743,0.6,-1.4,0
-0.001288722,0,-1.15,0,-0.098869729,0.1,-0.2,0,-0.000703048,0.6,-1.2,0
-0.14044256,0,-0.1,0,0,0.1,-2,0,-0.001054186,0.6,-1,0
-0.002073648,0,-1.1,0,1.69E-05,0.1,-1.9,0,-0.001556233,0.6,-0.8,0
-0.111295499,0,-0.2,0,-5.48E-05,0.1,-1.4,0,-0.003002608,0.6,-0.4,0
-0.003121886,0,-1.05,0,4.00E-05,0.1,-1.7,0,-0.002556714,0.6,-0.6,0
-0.125478412,0,-0.15,0,-0.136049764,0.1,0,0,-8.15E-05,0.6,-1.8,0
-0.004470031,0,-1,0,-0.119562789,0.1,-0.1,0,0,0.6,-2,0
-0.003059717,0.05,-1.05,0,-0.004016368,0.1,-1,0,-0.000198436,0.6,-1.6,0
-0.001262641,0.05,-1.15,0,-0.003370375,0.2,-1,0,-0.000911542,0.6,-0.2,0
5.81E-05,0.05,-1.7,0,1.96E-05,0.2,-1.7,0,0.003216233,0.6,0,0
4.36E-05,0.05,-1.8,0,1.84E-05,0.2,-1.8,0,-0.000394482,0.8,-1.4,0
-0.144907658,0.05,-0.05,0,0,0.2,-2,0,-0.000221711,0.8,-1.6,0
-0.120318811,0.05,-0.15,0,-2.54E-05,0.2,-1.5,0,0,0.8,-2,0
-0.004383318,0.05,-1,0,1.06E-05,0.2,-1.9,0,-9.67E-05,0.8,-1.8,0
3.38E-05,0.05,-1.85,0,8.38E-06,0.2,-1.6,0,-0.00092681,0.8,-0.8,0
-0.002031874,0.05,-1.1,0,-0.046869044,0.2,-0.4,0,-0.000864114,0.8,-1,0
-0.006044538,0.05,-0.95,0,-0.00056964,0.2,-1.2,0,-0.000618436,0.8,-1.2,0
-0.000720535,0.05,-1.2,0,-0.010608298,0.2,-0.8,0,0.000307682,0.8,-0.4,0
2.30E-05,0.05,-1.9,0,-0.10112114,0.2,0,0,-0.000562057,0.8,-0.6,0
0,0.05,-2,0,-0.088586198,0.2,-0.1,0,0.00143106,0.8,-0.2,0
-0.000198263,0.05,-1.3,0,-0.075421717,0.2,-0.2,0,0.001227053,0.8,0,0
-0.013537661,0.05,-0.8,0,-0.024541385,0.2,-0.6,0,-0.000559449,1,-1,0
-9.56E-05,0.05,-1.35,0,-0.016593426,0.2,-0.7,0,-0.000509481,1,-0.8,0
-2.93E-05,0.05,-1.4,0,-0.00629643,0.2,-0.9,0,-0.00032535,1,-1.4,0
-0.045100986,0.05,-0.5,0,-0.001541126,0.2,-1.1,0,-0.000467672,1,-1.2,0
5.19E-05,0.05,-1.75,0,-0.034644475,0.2,-0.5,0,-0.000195717,1,-1.6,0
3.93E-05,0.05,-1.5,0,-0.060771281,0.2,-0.3,0,0,1,-2,0
6.05E-05,0.05,-1.6,0,-0.000100893,0.2,-1.4,0,-9.00E-05,1,-1.8,0
-0.13303328,0.05,-0.1,0,-0.000254409,0.2,-1.3,0,-0.000223165,1,-0.6,0
-0.000376161,0.05,-1.25,0,-9.81E-08,0.3,-1.8,0,0.000322331,1,-0.4,0
-0.053213563,0.05,-0.45,0,-0.007941901,0.3,-0.8,0,0.000807365,1,-0.2,0
1.32E-05,0.05,-1.45,0,-0.000159394,0.3,-1.4,0,0.001190627,1,0,0
5.39E-05,0.05,-1.55,0,-0.00117952,0.3,-1.1,0,-6.71E-05,1.2,-1.8,0
-0.153601231,0.05,0,0,-0.002519107,0.3,-1,0,-0.000220037,1.2,-1.4,0
-0.008089481,0.05,-0.9,0,-7.71E-05,0.3,-1.5,0,-0.000140715,1.2,-1.6,0
-0.031540787,0.05,-0.6,0,-0.000525874,0.3,-1.2,0,0,1.2,-2,0
6.13E-05,0.05,-1.65,0,-0.000296732,0.3,-1.3,0,0.00030538,1.2,-0.4,0
-0.062258617,0.05,-0.4,0,-9.35E-06,0.3,-1.7,0,0.000631531,1.2,-0.2,0
1.17E-05,0.05,-1.95,0,-0.024698236,0.3,-0.5,0,0.000730806,1.2,0,0
-0.09491716,0.05,-0.25,0,0,0.3,-2,0,-2.03E-06,1.2,-0.6,0
-0.107373233,0.05,-0.2,0,-0.012320715,0.3,-0.7,0,-0.000221066,1.2,-0.8,0
-0.021185736,0.05,-0.7,0,1.64E-06,0.3,-1.9,0,-0.000303434,1.2,-1,0
-0.010568782,0.05,-0.85,0,-0.058344165,0.3,-0.1,0,-0.000286433,1.2,-1.2,0
-0.07224684,0.05,-0.35,0,-0.004725167,0.3,-0.9,0,-1.28E-05,1.4,-0.8,0
-0.037891875,0.05,-0.55,0,-0.068359301,0.3,0,0,-0.000126249,1.4,-1.2,0
-0.017055718,0.05,-0.75,0,-3.20E-05,0.3,-1.6,0,-0.000111574,1.4,-1.4,0
-0.025992595,0.05,-0.65,0,-0.032447564,0.3,-0.4,0,-7.82E-05,1.4,-1.6,0
-0.083154165,0.05,-0.3,0,-0.040823842,0.3,-0.3,0,0,1.4,-2,0
4.01E-05,0.1,-1.8,0,-0.017917569,0.3,-0.6,0,-3.92E-05,1.4,-1.8,0
-0.016313132,0.1,-0.75,0,-0.049595184,0.3,-0.2,0,-0.000100766,1.4,-1,0
-0.078005456,0.1,-0.3,0,-0.000353824,0.4,-1.3,0,0.000140013,1.4,-0.6,0
-0.088499697,0.1,-0.25,0,-0.019060108,0.4,-0.4,0,0.000337214,1.4,-0.4,0
-0.001937105,0.1,-1.1,0,-0.011378386,0.4,-0.6,0,0.000497116,1.4,-0.2,0
-0.012953448,0.1,-0.8,0,-0.015160038,0.4,-0.5,0,0.000571131,1.4,0,0
-0.02024938,0.1,-0.7,0,-0.022802813,0.4,-0.3,0,-3.02E-05,1.6,-1.6,0
2.56E-06,0.1,-1.45,0,-0.026442605,0.4,-0.2,0,-2.96E-05,1.6,-1.4,0
-0.000365466,0.1,-1.25,0,-0.030863593,0.4,-0.1,0,0.000539954,1.6,0,0
-0.005779656,0.1,-0.95,0,-0.005230239,0.4,-0.8,0,0.00014146,1.6,-0.8,0
-0.000689184,0.1,-1.2,0,-0.008000298,0.4,-0.7,0,4.88E-05,1.6,-1,0
5.28E-05,0.1,-1.6,0,-0.003133459,0.4,-0.9,0,-6.56E-06,1.6,-1.2,0
4.74E-05,0.1,-1.75,0,-0.001704518,0.4,-1,0,0.000502615,1.6,-0.2,0
3.12E-05,0.1,-1.85,0,-0.000859264,0.4,-1.1,0,0.000397555,1.6,-0.4,0
2.14E-05,0.1,-1.9,0,-0.000545807,0.4,-1.2,0,0,1.6,-2,0
0,0.1,-2,0,-0.000221168,0.4,-1.4,0,-1.79E-05,1.6,-1.8,0
1.08E-05,0.1,-1.95,0,-0.00013338,0.4,-1.5,0,0.00026655,1.6,-0.6,0
2.95E-05,0.1,-1.5,0,-4.23E-05,0.4,-1.7,0,0.000664045,1.8,0,0
-0.024819674,0.1,-0.65,0,-2.14E-05,0.4,-1.8,0,0.000260433,1.8,-0.8,0
-0.030080154,0.1,-0.6,0,0,0.4,-2,0,-7.86E-07,1.8,-1.4,0
-0.036082085,0.1,-0.55,0,-8.80E-06,0.4,-1.9,0,0,1.8,-2,0
-0.042867955,0.1,-0.5,0,-0.038398608,0.4,0,0,0.000628381,1.8,-0.2,0
-0.058879945,0.1,-0.4,0,-7.70E-05,0.4,-1.6,0,0.000532763,1.8,-0.4,0
-0.068083498,0.1,-0.35,0,-0.000278908,0.5,-1.4,0,0.000399653,1.8,-0.6,0
-0.099325543,0.1,-0.2,0,-7.44E-05,0.5,-1.7,0,0.000139051,1.8,-1,0
-0.000106419,0.1,-1.35,0,-1.93E-05,0.5,-1.9,0,5.08E-05,1.8,-1.2,0
-0.000205983,0.1,-1.3,0,-0.001861413,0.5,-0.9,0,-2.00E-05,1.8,-1.6,0
-0.001204391,0.1,-1.15,0,0,0.5,-2,0,-1.60E-05,1.8,-1.8,0
-0.007739337,0.1,-0.9,0,-4.26E-05,0.5,-1.8,0,0.000334128,2,-0.8,0
4.52E-05,0.1,-1.55,0,-0.000575576,0.5,-1.2,0,0.000142555,2,-1,0
5.26E-05,0.1,-1.7,0,-0.000185723,0.5,-1.5,0,-4.83E-05,2,-1.8,0
-0.01011364,0.1,-0.85,0,-0.001098579,0.5,-1,0,0,2,-2,0
-0.050464766,0.1,-0.45,0,-0.00040878,0.5,-1.3,0,-7.56E-05,2,-1.6,0
-0.110048161,0.1,-0.15,0,-0.00299832,0.5,-0.8,0,-6.21E-05,2,-1.4,0
-4.04E-05,0.1,-1.4,0,-0.004459419,0.5,-0.7,0,8.07E-06,2,-1.2,0
-0.13600099,0.1,0,0,-0.006112799,0.5,-0.6,0,0.000557773,2,-0.6,0
-0.002919398,0.1,-1.05,0,-0.007744544,0.5,-0.5,0,0.000770831,2,-0.4,0
5.48E-05,0.1,-1.65,0,-0.009066998,0.5,-0.4,0,0.000925576,2,-0.2,0
-0.120237813,0.1,-0.1,0,-0.009825596,0.5,-0.3,0,0.000981405,2,0,0
-0.004187296,0.1,-1,0,-0.009965127,0.5,-0.2,0,,,,
-0.128755801,0.1,-0.05,0,-0.009749717,0.5,-0.1,0,,,,
-0.111727645,0.15,-0.05,0,-0.012428953,0.5,0,0,,,,
-0.003885318,0.15,-1,0,-0.000761664,0.5,-1.1,0,,,,
-0.001116075,0.15,-1.15,0,-0.000120027,0.5,-1.6,0,,,,
-0.000217114,0.15,-1.3,0,-2.85E-05,0.6,-1.9,0,,,,
-1.39E-05,0.15,-1.45,0,0,0.6,-2,0,,,,
-0.023010742,0.15,-0.65,0,-6.10E-05,0.6,-1.8,0,,,,
-0.027831839,0.15,-0.6,0,-0.000322514,0.6,-1.4,0,,,,
-0.088280137,0.15,-0.2,0,-0.000443132,0.6,-1.3,0,,,,
-0.061864892,0.15,-0.35,0,-0.00058864,0.6,-1.2,0,,,,
-0.070445044,0.15,-0.3,0,-0.000755826,0.6,-1.1,0,,,,
1.42E-05,0.15,-1.5,0,-0.002673144,0.6,-0.6,0,,,,
9.51E-06,0.15,-1.95,0,-0.002107084,0.6,-0.7,0,,,,
-0.007197607,0.15,-0.9,0,-0.001535184,0.6,-0.8,0,,,,
-0.005370232,0.15,-0.95,0,-0.00109471,0.6,-0.9,0,,,,
4.04E-05,0.15,-1.75,0,-0.000891854,0.6,-1,0,,,,
-0.096940184,0.15,-0.15,0,-0.000155678,0.6,-1.6,0,,,,
-0.10491559,0.15,-0.1,0,-0.000227477,0.6,-1.5,0,,,,
-0.002704198,0.15,-1.05,0,-0.001762314,0.6,-0.2,0,,,,
-0.015164881,0.15,-0.75,0,-0.000101853,0.6,-1.7,0,,,,
-0.001791791,0.15,-1.1,0,-0.002699203,0.6,-0.3,0,,,,
0,0.15,-2,0,-0.003125377,0.6,-0.4,0,,,,
3.46E-05,0.15,-1.8,0,-0.003071531,0.6,-0.5,0,,,,
2.72E-05,0.15,-1.85,0,-0.00040897,0.6,-0.1,0,,,,
-0.000355995,0.15,-1.25,0,0.000722605,0.6,0,0,,,,
1.87E-05,0.15,-1.9,0,-0.000934628,0.7,-0.7,0,,,,
4.40E-05,0.15,-1.7,0,-0.000906606,0.7,-0.8,0,,,,
4.45E-05,0.15,-1.65,0,-0.000346214,0.7,-1.4,0,,,,
4.08E-05,0.15,-1.6,0,-0.000950125,0.7,-0.6,0,,,,
-5.72E-05,0.15,-1.4,0,-0.000841768,0.7,-1,0,,,,
-0.079338333,0.15,-0.25,0,-0.000715128,0.7,-1.1,0,,,,
-0.118200459,0.15,0,0,-0.000584607,0.7,-1.2,0,,,,
-0.009409225,0.15,-0.85,0,-0.000457098,0.7,-1.3,0,,,,
-0.018803062,0.15,-0.7,0,-0.000906774,0.7,-0.9,0,,,,
-0.039449753,0.15,-0.5,0,-0.000520402,0.7,-0.4,0,,,,
-0.046279134,0.15,-0.45,0,-0.000254304,0.7,-1.5,0,,,,
-0.012049469,0.15,-0.8,0,0.00081663,0.7,-0.1,0,,,,
-0.000121904,0.15,-1.35,0,-0.000121866,0.7,-1.7,0,,,,
-0.000646034,0.15,-1.2,0,-7.49E-05,0.7,-1.8,0,,,,
-0.033302828,0.15,-0.55,0,0,0.7,-2,0,,,,
-0.053769168,0.15,-0.4,0,-3.55E-05,0.7,-1.9,0,,,,
3.14E-05,0.15,-1.55,0,-0.000836184,0.7,-0.5,0,,,,
-0.082721416,0.2,-0.15,0,0.000788252,0.7,0,0,,,,
-0.029758814,0.2,-0.55,0,-2.70E-05,0.7,-0.3,0,,,,
-0.013686623,0.2,-0.75,0,0.000493812,0.7,-0.2,0,,,,
-0.003498701,0.2,-1,0,-0.000180425,0.7,-1.6,0,,,,
-0.040994529,0.2,-0.45,0,0,0.8,-2,0,,,,
-0.00850155,0.2,-0.85,0,-8.32E-05,0.8,-1.8,0,,,,
-0.054179627,0.2,-0.35,0,-0.000133114,0.8,-1.7,0,,,,
-0.004844217,0.2,-0.95,0,-0.000192793,0.8,-1.6,0,,,,
1.34E-05,0.2,-1.55,0,-0.000264723,0.8,-1.5,0,,,,
-0.010884768,0.2,-0.8,0,-0.000350297,0.8,-1.4,0,,,,
-0.002430839,0.2,-1.05,0,-3.99E-05,0.8,-1.9,0,,,,
-0.020690157,0.2,-0.65,0,-0.000753045,0.8,-1,0,,,,
-0.000597497,0.2,-1.2,0,-0.000448924,0.8,-1.3,0,,,,
-0.000354771,0.2,-1.25,0,-0.00066377,0.8,-1.1,0,,,,
-0.000141677,0.2,-1.35,0,-0.000555808,0.8,-1.2,0,,,,
-0.04737645,0.2,-0.4,0,-0.000810549,0.8,-0.9,0,,,,
-5.88E-06,0.2,-1.5,0,-0.000811673,0.8,-0.8,0,,,,
-0.068547871,0.2,-0.25,0,-0.000711681,0.8,-0.7,0,,,,
2.50E-05,0.2,-1.6,0,-0.000522528,0.8,-0.6,0,,,,
3.09E-05,0.2,-1.65,0,0.000922273,0.8,-0.1,0,,,,
-0.09506939,0.2,-0.05,0,0.001082821,0.8,0,0,,,,
3.26E-05,0.2,-1.7,0,3.01E-05,0.8,-0.4,0,,,,
3.11E-05,0.2,-1.75,0,-0.000270795,0.8,-0.5,0,,,,
2.73E-05,0.2,-1.8,0,0.000342293,0.8,-0.3,0,,,,
2.18E-05,0.2,-1.85,0,0.000642128,0.8,-0.2,0,,,,
1.51E-05,0.2,-1.9,0,-0.000672815,0.9,-0.8,0,,,,
0,0.2,-2,0,-0.000590949,0.9,-0.7,0,,,,
7.74E-06,0.2,-1.95,0,-0.000437757,0.9,-0.6,0,,,,
-0.100935923,0.2,0,0,-0.000691774,0.9,-0.9,0,,,,
-0.016943904,0.2,-0.7,0,-0.000215267,0.9,-0.5,0,,,,
-0.024954933,0.2,-0.6,0,5.79E-05,0.9,-0.4,0,,,,
-0.075758379,0.2,-0.2,0,0.000366336,0.9,-0.3,0,,,,
-0.089230575,0.2,-0.1,0,-0.000657852,0.9,-1,0,,,,
-0.006500198,0.2,-0.9,0,-0.000591176,0.9,-1.1,0,,,,
-0.001609221,0.2,-1.1,0,-0.00050852,0.9,-1.2,0,,,,
-0.001006629,0.2,-1.15,0,-0.000420568,0.9,-1.3,0,,,,
-0.035108439,0.2,-0.5,0,-0.000336286,0.9,-1.4,0,,,,
-7.91E-05,0.2,-1.4,0,-0.000259852,0.9,-1.5,0,,,,
-0.061294132,0.2,-0.3,0,-0.000193048,0.9,-1.6,0,,,,
-0.000229653,0.2,-1.3,0,-0.000135541,0.9,-1.7,0,,,,
-3.55E-05,0.2,-1.45,0,-8.58E-05,0.9,-1.8,0,,,,
-0.035025712,0.25,-0.45,0,0,0.9,-2,0,,,,
-0.045682679,0.25,-0.35,0,-4.15E-05,0.9,-1.9,0,,,,
-0.062767076,0.25,-0.2,0,0.000983036,0.9,0,0,,,,
-0.07377688,0.25,-0.1,0,0.000671024,0.9,-0.2,0,,,,
-0.021655155,0.25,-0.6,0,0.0009007,0.9,-0.1,0,,,,
-0.014799201,0.25,-0.7,0,0.000858005,1,0,0,,,,
-0.007451803,0.25,-0.85,0,0.000790871,1,-0.1,0,,,,
-0.009537605,0.25,-0.8,0,0.000616055,1,-0.2,0,,,,
-0.011978497,0.25,-0.75,0,0.000372933,1,-0.3,0,,,,
-0.018020403,0.25,-0.65,0,0.000111894,1,-0.4,0,,,,
-0.005694776,0.25,-0.9,0,-0.000127336,1,-0.5,0,,,,
-0.004238734,0.25,-0.95,0,-0.000320402,1,-0.6,0,,,,
-0.00305624,0.25,-1,0,-0.000457903,1,-0.7,0,,,,
-0.002120837,0.25,-1.05,0,-0.000537812,1,-0.8,0,,,,
-0.084239357,0.25,0,0,-0.000565388,1,-0.9,0,,,,
-0.001406941,0.25,-1.1,0,-4.05E-05,1,-1.9,0,,,,
-0.078846839,0.25,-0.05,0,0,1,-2,0,,,,
-0.000889391,0.25,-1.15,0,-8.32E-05,1,-1.8,0,,,,
-0.057060252,0.25,-0.25,0,-0.00013007,1,-1.7,0,,,,
-0.051328636,0.25,-0.3,0,-0.000182773,1,-1.6,0,,,,
-0.00054875,0.25,-1.2,0,-0.000242058,1,-1.5,0,,,,
-0.030175399,0.25,-0.5,0,-0.000307479,1,-1.4,0,,,,
-0.00036064,0.25,-1.25,0,-0.000376939,1,-1.3,0,,,,
-0.000248748,0.25,-1.3,0,-0.000445854,1,-1.2,0,,,,
-0.025709932,0.25,-0.55,0,-0.000507371,1,-1.1,0,,,,
5.60E-06,0.25,-1.95,0,-0.000551321,1,-1,0,,,,
0,0.25,-2,0,-0.000214529,1.1,-1.5,0,,,,
1.08E-05,0.25,-1.9,0,-0.000164297,1.1,-1.6,0,,,,
1.53E-05,0.25,-1.85,0,-0.000118285,1.1,-1.7,0,,,,
1.85E-05,0.25,-1.8,0,-7.63E-05,1.1,-1.8,0,,,,
1.99E-05,0.25,-1.75,0,0,1.1,-2,0,,,,
1.89E-05,0.25,-1.7,0,-3.73E-05,1.1,-1.9,0,,,,
1.46E-05,0.25,-1.65,0,-0.000268124,1.1,-1.4,0,,,,
6.04E-06,0.25,-1.6,0,-0.000322735,1.1,-1.3,0,,,,
-8.16E-06,0.25,-1.55,0,-0.000374319,1.1,-1.2,0,,,,
-2.98E-05,0.25,-1.5,0,-0.000416763,1.1,-1.1,0,,,,
-6.11E-05,0.25,-1.45,0,-0.000442186,1.1,-1,0,,,,
-0.0001053,0.25,-1.4,0,0.000362222,1.1,-0.3,0,,,,
-0.000166165,0.25,-1.35,0,0.000726754,1.1,0,0,,,,
-0.040218518,0.25,-0.4,0,0.000678591,1.1,-0.1,0,,,,
-0.068359164,0.25,-0.15,0,0.00054781,1.1,-0.2,0,,,,
-0.00809514,0.3,-0.8,0,0.000155521,1.1,-0.4,0,,,,
8.46E-06,0.3,-1.8,0,-4.11E-05,1.1,-0.5,0,,,,
-8.97E-05,0.3,-1.45,0,-0.000206322,1.1,-0.6,0,,,,
-0.000134726,0.3,-1.4,0,-0.000328842,1.1,-0.7,0,,,,
-0.001202411,0.3,-1.1,0,-0.000406189,1.1,-0.8,0,,,,
-0.02499741,0.3,-0.5,0,-0.000441652,1.1,-0.9,0,,,,
-0.015178191,0.3,-0.65,0,-3.27E-05,1.2,-1.9,0,,,,
-0.006328461,0.3,-0.85,0,0,1.2,-2,0,,,,
-0.010151511,0.3,-0.75,0,-6.64E-05,1.2,-1.8,0,,,,
3.18E-06,0.3,-1.95,0,-0.000102142,1.2,-1.7,0,,,,
0,0.3,-2,0,-0.000180812,1.2,-1.5,0,,,,
7.86E-06,0.3,-1.85,0,-0.000222464,1.2,-1.4,0,,,,
7.18E-06,0.3,-1.75,0,-0.000263054,1.2,-1.3,0,,,,
3.38E-06,0.3,-1.7,0,-0.000140338,1.2,-1.6,0,,,,
-3.75E-06,0.3,-1.65,0,-0.000336016,1.2,-1,0,,,,
-3.22E-05,0.3,-1.55,0,-0.000211565,1.2,-0.7,0,,,,
-5.64E-05,0.3,-1.5,0,0.000618937,1.2,0,0,,,,
-0.000194549,0.3,-1.35,0,0.000583822,1.2,-0.1,0,,,,
-0.000273536,0.3,-1.3,0,0.000487901,1.2,-0.2,0,,,,
-0.000511269,0.3,-1.2,0,0.00034864,1.2,-0.3,0,,,,
-0.0007805,0.3,-1.15,0,-0.000298989,1.2,-1.2,0,,,,
-0.001799082,0.3,-1.05,0,-0.00032533,1.2,-1.1,0,,,,
-0.002590324,0.3,-1,0,0.00018935,1.2,-0.4,0,,,,
-0.058802387,0.3,-0.1,0,3.24E-05,1.2,-0.5,0,,,,
-0.012509628,0.3,-0.7,0,-0.000104642,1.2,-0.6,0,,,,
5.94E-06,0.3,-1.9,0,-0.000284437,1.2,-0.8,0,,,,
-0.000376364,0.3,-1.25,0,-0.000324434,1.2,-0.9,0,,,,
-0.003595158,0.3,-0.95,0,-0.000113758,1.3,-1.6,0,,,,
-0.028805072,0.3,-0.45,0,-0.000144438,1.3,-1.5,0,,,,
-0.004834847,0.3,-0.9,0,-8.38E-05,1.3,-1.7,0,,,,
-0.021436355,0.3,-0.55,0,-5.49E-05,1.3,-1.8,0,,,,
-0.054338942,0.3,-0.15,0,-0.00017465,1.3,-1.4,0,,,,
-0.032812455,0.3,-0.4,0,0,1.3,-2,0,,,,
-0.041227449,0.3,-0.3,0,-0.00021688,1.3,-0.9,0,,,,
-0.045549497,0.3,-0.25,0,-0.000236417,1.3,-1,0,,,,
-1.52E-05,0.3,-1.6,0,-0.000237434,1.3,-1.1,0,,,,
-0.068150491,0.3,0,0,-0.000224576,1.3,-1.2,0,,,,
-0.018157199,0.3,-0.6,0,0.000341064,1.3,-0.3,0,,,,
-0.036970385,0.3,-0.35,0,-0.000107729,1.3,-0.7,0,,,,
-0.049923298,0.3,-0.2,0,-0.000202356,1.3,-1.3,0,,,,
-0.063209354,0.3,-0.05,0,-2.72E-05,1.3,-1.9,0,,,,
5.47E-07,0.35,-1.95,0,9.59E-05,1.3,-0.5,0,,,,
-3.78E-05,0.35,-1.6,0,0.000540729,1.3,0,0,,,,
-6.46E-06,0.35,-1.75,0,0.000515339,1.3,-0.1,0,,,,
-0.034558945,0.35,-0.25,0,0.000444911,1.3,-0.2,0,,,,
0,0.35,-2,0,-0.000174788,1.3,-0.8,0,,,,
-1.32E-07,0.35,-1.85,0,0.000219398,1.3,-0.4,0,,,,
-2.32E-06,0.35,-1.8,0,-1.61E-05,1.3,-0.6,0,,,,
-0.040983828,0.35,-0.15,0,-0.000156406,1.4,-1.1,0,,,,
-2.34E-05,0.35,-1.65,0,6.27E-05,1.4,-0.6,0,,,,
-5.78E-05,0.35,-1.55,0,-0.000145884,1.4,-1,0,,,,
-8.46E-05,0.35,-1.5,0,-0.000154938,1.4,-1.2,0,,,,
-0.000119933,0.35,-1.45,0,-0.000144675,1.4,-1.3,0,,,,
-0.000165888,0.35,-1.4,0,0.000423122,1.4,-0.2,0,,,,
-0.000224911,0.35,-1.35,0,-0.000128522,1.4,-1.4,0,,,,
-0.000299785,0.35,-1.3,0,-0.000108856,1.4,-1.5,0,,,,
-0.001014608,0.35,-1.1,0,-8.74E-05,1.4,-1.6,0,,,,
-0.010214681,0.35,-0.7,0,-6.54E-05,1.4,-1.7,0,,,,
-0.037671772,0.35,-0.2,0,-4.34E-05,1.4,-1.8,0,,,,
-0.000504184,0.35,-1.2,0,0,1.4,-2,0,,,,
-0.001491258,0.35,-1.05,0,-2.16E-05,1.4,-1.9,0,,,,
-0.052736611,0.35,0,0,-7.73E-05,1.4,-0.8,0,,,,
-0.003974088,0.35,-0.9,0,-1.58E-05,1.4,-0.7,0,,,,
-0.002956011,0.35,-0.95,0,-0.000120294,1.4,-0.9,0,,,,
-0.002132796,0.35,-1,0,0.000154329,1.4,-0.5,0,,,,
-0.000391695,0.35,-1.25,0,0.000251743,1.4,-0.4,0,,,,
-0.048273835,0.35,-0.05,0,0.000345088,1.4,-0.3,0,,,,
-0.044533807,0.35,-0.1,0,0.000475243,1.4,-0.1,0,,,,
-0.03155023,0.35,-0.3,0,0.000493844,1.4,0,0,,,,
-1.32E-05,0.35,-1.7,0,0,1.5,-2,0,,,,
-0.01720913,0.35,-0.55,0,-3.32E-05,1.5,-1.8,0,,,,
6.56E-07,0.35,-1.9,0,-4.92E-05,1.5,-1.7,0,,,,
-0.012338189,0.35,-0.65,0,0.000424964,1.5,-0.2,0,,,,
-0.00831547,0.35,-0.75,0,0.000364838,1.5,-0.3,0,,,,
-0.006644922,0.35,-0.8,0,0.000291406,1.5,-0.4,0,,,,
-0.005200512,0.35,-0.85,0,0.000212626,1.5,-0.5,0,,,,
-0.000691049,0.35,-1.15,0,0.000135827,1.5,-0.6,0,,,,
-0.028579671,0.35,-0.35,0,6.68E-05,1.5,-0.7,0,,,,
-0.022727351,0.35,-0.45,0,-6.42E-05,1.5,-1.6,0,,,,
-0.019904819,0.35,-0.5,0,-7.74E-05,1.5,-1.5,0,,,,
-0.014676557,0.35,-0.6,0,-8.77E-05,1.5,-1.4,0,,,,
-0.0256328,0.35,-0.4,0,-9.37E-05,1.5,-1.3,0,,,,
-0.000326332,0.4,-1.3,0,0.000464556,1.5,-0.1,0,,,,
-0.022794602,0.4,-0.3,0,-9.35E-05,1.5,-1.2,0,,,,
-0.019068578,0.4,-0.4,0,0.000478512,1.5,0,0,,,,
-0.015181534,0.4,-0.5,0,-8.50E-05,1.5,-1.1,0,,,,
-0.011404566,0.4,-0.6,0,-6.61E-05,1.5,-1,0,,,,
-0.000150395,0.4,-1.45,0,-3.51E-05,1.5,-0.9,0,,,,
-0.000864202,0.4,-1.1,0,-1.67E-05,1.5,-1.9,0,,,,
-0.000634247,0.4,-1.15,0,9.21E-06,1.5,-0.8,0,,,,
-0.000514367,0.4,-1.2,0,0.000452956,1.6,-0.2,0,,,,
-0.001218414,0.4,-1.05,0,0.000484761,1.6,-0.1,0,,,,
-0.031195689,0.4,-0.1,0,3.83E-05,1.6,-0.9,0,,,,
-0.020960034,0.4,-0.35,0,1.15E-06,1.6,-1,0,,,,
-0.000412103,0.4,-1.25,0,-2.58E-05,1.6,-1.1,0,,,,
-0.02648157,0.4,-0.2,0,-4.35E-05,1.6,-1.2,0,,,,
-0.000255408,0.4,-1.35,0,-5.31E-05,1.6,-1.3,0,,,,
-0.000197242,0.4,-1.4,0,-5.60E-05,1.6,-1.4,0,,,,
-0.000113107,0.4,-1.5,0,-5.36E-05,1.6,-1.5,0,,,,
-0.001714786,0.4,-1,0,-4.71E-05,1.6,-1.6,0,,,,
-8.38E-05,0.4,-1.55,0,-3.76E-05,1.6,-1.7,0,,,,
0,0.4,-2,0,-2.62E-05,1.6,-1.8,0,,,,
-4.35E-05,0.4,-1.65,0,0,1.6,-2,0,,,,
-3.03E-05,0.4,-1.7,0,0.000142614,1.6,-0.7,0,,,,
-0.002359603,0.4,-0.95,0,0.000275215,1.6,-0.5,0,,,,
-0.003162662,0.4,-0.9,0,0.000403918,1.6,-0.3,0,,,,
-0.017131844,0.4,-0.45,0,0.000495824,1.6,0,0,,,,
-2.06E-05,0.4,-1.75,0,8.57E-05,1.6,-0.8,0,,,,
-1.35E-05,0.4,-1.8,0,-1.34E-05,1.6,-1.9,0,,,,
-4.84E-06,0.4,-1.9,0,0.000206933,1.6,-0.6,0,,,,
-0.004130462,0.4,-0.85,0,0.000342742,1.6,-0.4,0,,,,
-0.005266899,0.4,-0.8,0,-3.30E-05,1.7,-1.7,0,,,,
-0.006570762,0.4,-0.75,0,-2.68E-05,1.7,-1.3,0,,,,
-0.008037765,0.4,-0.7,0,0,1.7,-2,0,,,,
-0.009655804,0.4,-0.65,0,-1.24E-05,1.7,-1.9,0,,,,
-8.43E-06,0.4,-1.85,0,-4.09E-05,1.7,-1.5,0,,,,
-0.013258284,0.4,-0.55,0,-3.71E-05,1.7,-1.4,0,,,,
-0.038121889,0.4,0,0,-2.38E-05,1.7,-1.8,0,,,,
-0.034172515,0.4,-0.05,0,-3.91E-05,1.7,-1.6,0,,,,
-0.028598318,0.4,-0.15,0,1.80E-05,1.7,-1.1,0,,,,
-0.024604882,0.4,-0.25,0,5.39E-05,1.7,-1,0,,,,
-6.10E-05,0.4,-1.6,0,9.90E-05,1.7,-0.9,0,,,,
-2.19E-06,0.4,-1.95,0,0.000152668,1.7,-0.8,0,,,,
-0.019095176,0.45,-0.1,0,0.000548638,1.7,0,0,,,,
-0.016935041,0.45,-0.2,0,0.000538934,1.7,-0.1,0,,,,
-0.00075773,0.45,-1.1,0,0.000510618,1.7,-0.2,0,,,,
-0.000625359,0.45,-1.15,0,0.000466308,1.7,-0.3,0,,,,
-0.001360037,0.45,-1,0,0.000409889,1.7,-0.4,0,,,,
-0.000109211,0.45,-1.55,0,0.000345933,1.7,-0.5,0,,,,
-0.001003628,0.45,-1.05,0,0.000279077,1.7,-0.6,0,,,,
-0.004999146,0.45,-0.75,0,0.000213521,1.7,-0.7,0,,,,
-6.34E-05,0.45,-1.65,0,-8.67E-06,1.7,-1.2,0,,,,
-0.004025634,0.45,-0.8,0,0.000428241,1.8,-0.5,0,,,,
-0.003171233,0.45,-0.85,0,0.000557028,1.8,-0.3,0,,,,
-0.002441856,0.45,-0.9,0,0.000632503,1.8,-0.1,0,,,,
-0.000524136,0.45,-1.2,0,0.000280212,1.8,-0.7,0,,,,
-0.000433262,0.45,-1.25,0,-4.34E-05,1.8,-1.5,0,,,,
-0.000353043,0.45,-1.3,0,4.24E-05,1.8,-1.1,0,,,,
-0.000284772,0.45,-1.35,0,0.000144752,1.8,-0.9,0,,,,
-0.000227447,0.45,-1.4,0,0.000642396,1.8,0,0,,,,
-0.000179877,0.45,-1.45,0,-1.47E-05,1.8,-1.9,0,,,,
-0.0060798,0.45,-0.7,0,0,1.8,-2,0,,,,
-0.000140875,0.45,-1.5,0,-3.81E-05,1.8,-1.7,0,,,,
-4.94E-06,0.45,-1.95,0,-3.57E-05,1.8,-1.4,0,,,,
0,0.45,-2,0,-1.94E-05,1.8,-1.3,0,,,,
-1.04E-05,0.45,-1.9,0,0.000603275,1.8,-0.2,0,,,,
-1.68E-05,0.45,-1.85,0,0.000354448,1.8,-0.6,0,,,,
-2.47E-05,0.45,-1.8,0,-2.79E-05,1.8,-1.8,0,,,,
-0.007251513,0.45,-0.65,0,0.000497271,1.8,-0.4,0,,,,
-0.008490358,0.45,-0.6,0,-4.38E-05,1.8,-1.6,0,,,,
-0.009764202,0.45,-0.55,0,6.38E-06,1.8,-1.2,0,,,,
-0.021231573,0.45,-0.05,0,8.87E-05,1.8,-1,0,,,,
-4.73E-05,0.45,-1.7,0,0.00020931,1.8,-0.8,0,,,,
-0.017812927,0.45,-0.15,0,0.000100459,1.9,-1,0,,,,
-3.46E-05,0.45,-1.75,0,-6.48E-05,1.9,-1.6,0,,,,
-0.016167395,0.45,-0.25,0,0,1.9,-2,0,,,,
-0.015363322,0.45,-0.3,0,-2.13E-05,1.9,-1.9,0,,,,
-0.014452922,0.45,-0.35,0,-6.59E-05,1.9,-1.5,0,,,,
-0.011036851,0.45,-0.5,0,-5.71E-05,1.9,-1.4,0,,,,
-0.012268009,0.45,-0.45,0,-3.69E-05,1.9,-1.3,0,,,,
-0.024431117,0.45,0,0,-4.27E-06,1.9,-1.2,0,,,,
-0.001838874,0.45,-0.95,0,0.00017158,1.9,-0.9,0,,,,
-8.37E-05,0.45,-1.6,0,0.00077415,1.9,-0.1,0,,,,
-0.013417299,0.45,-0.4,0,0.000525374,1.9,-0.5,0,,,,
-0.00184218,0.5,-0.9,0,0.000434244,1.9,-0.6,0,,,,
-0.000628601,0.5,-1.15,0,0.000738857,1.9,-0.2,0,,,,
-0.000255364,0.5,-1.4,0,4.15E-05,1.9,-1.1,0,,,,
-8.25E-05,0.5,-1.65,0,0.000786043,1.9,0,0,,,,
-6.36E-05,0.5,-1.7,0,0.000341883,1.9,-0.7,0,,,,
-1.57E-05,0.5,-1.9,0,-4.06E-05,1.9,-1.8,0,,,,
-7.62E-06,0.5,-1.95,0,-5.58E-05,1.9,-1.7,0,,,,
-0.008847452,0.5,-0.4,0,0.000253026,1.9,-0.8,0,,,,
-0.009263126,0.5,-0.35,0,0.000682823,1.9,-0.3,0,,,,
-0.009514225,0.5,-0.3,0,0.000610017,1.9,-0.4,0,,,,
-0.009603669,0.5,-0.25,0,0.000278616,2,-0.8,0,,,,
-0.009560809,0.5,-0.2,0,0.000172639,2,-0.9,0,,,,
-0.00945284,0.5,-0.15,0,8.15E-05,2,-1,0,,,,
-0.00828451,0.5,-0.45,0,7.43E-06,2,-1.1,0,,,,
-0.009436899,0.5,-0.1,0,-4.85E-05,2,-1.2,0,,,,
-0.007603142,0.5,-0.5,0,-8.65E-05,2,-1.3,0,,,,
-0.002361128,0.5,-0.85,0,-0.000107599,2,-1.4,0,,,,
-0.006838792,0.5,-0.55,0,-0.000113604,2,-1.5,0,,,,
-0.000855156,0.5,-1.05,0,-0.000106672,2,-1.6,0,,,,
-3.55E-05,0.5,-1.8,0,-8.92E-05,2,-1.7,0,,,,
-4.82E-05,0.5,-1.75,0,-6.39E-05,2,-1.8,0,,,,
-0.006028855,0.5,-0.6,0,0,2,-2,0,,,,
-0.005209327,0.5,-0.65,0,-3.33E-05,2,-1.9,0,,,,
-0.001090057,0.5,-1,0,0.000395588,2,-0.7,0,,,,
-0.000133242,0.5,-1.55,0,0.000518311,2,-0.6,0,,,,
-0.00016691,0.5,-1.5,0,0.000640318,2,-0.5,0,,,,
-0.000207311,0.5,-1.45,0,0.000754338,2,-0.4,0,,,,
-0.004410407,0.5,-0.7,0,0.000852893,2,-0.3,0,,,,
-0.001417171,0.5,-0.95,0,0.000929028,2,-0.2,0,,,,
-0.000377676,0.5,-1.3,0,0.00097705,2,-0.1,0,,,,
-0.000452546,0.5,-1.25,0,0.000993235,2,0,0,,,,
-0.000536757,0.5,-1.2,0,,,,,,,,
-0.003656811,0.5,-0.75,0,,,,,,,,
-0.002968993,0.5,-0.8,0,,,,,,,,
-0.009825224,0.5,-0.05,0,,,,,,,,
-0.01214733,0.5,0,0,,,,,,,,
0,0.5,-2,0,,,,,,,,
-0.000311922,0.5,-1.35,0,,,,,,,,
-0.000105382,0.5,-1.6,0,,,,,,,,
-2.48E-05,0.5,-1.85,0,,,,,,,,
-0.000720536,0.5,-1.1,0,,,,,,,,
-1.02E-05,0.55,-1.95,0,,,,,,,,
0,0.55,-2,0,,,,,,,,
-2.08E-05,0.55,-1.9,0,,,,,,,,
-3.25E-05,0.55,-1.85,0,,,,,,,,
-0.00012526,0.55,-1.6,0,,,,,,,,
-0.000190401,0.55,-1.5,0,,,,,,,,
-0.000231816,0.55,-1.45,0,,,,,,,,
-0.000280049,0.55,-1.4,0,,,,,,,,
-0.000335659,0.55,-1.35,0,,,,,,,,
-0.000398884,0.55,-1.3,0,,,,,,,,
-0.00138187,0.55,-0.9,0,,,,,,,,
-4.56E-05,0.55,-1.8,0,,,,,,,,
-0.000100068,0.55,-1.65,0,,,,,,,,
-0.004065563,0.55,-0.6,0,,,,,,,,
-0.000629484,0.55,-1.15,0,,,,,,,,
-0.000911266,0.55,-1,0,,,,,,,,
-6.09E-05,0.55,-1.75,0,,,,,,,,
-7.88E-05,0.55,-1.7,0,,,,,,,,
-0.000715651,0.55,-1.1,0,,,,,,,,
-0.001722339,0.55,-0.85,0,,,,,,,,
-0.000155126,0.55,-1.55,0,,,,,,,,
-0.004574824,0.55,-0.2,0,,,,,,,,
-0.00501185,0.55,-0.25,0,,,,,,,,
-0.005300816,0.55,-0.3,0,,,,,,,,
-0.005429317,0.55,-0.35,0,,,,,,,,
-0.005399165,0.55,-0.4,0,,,,,,,,
-0.005222805,0.55,-0.45,0,,,,,,,,
-0.004922547,0.55,-0.5,0,,,,,,,,
-0.004526574,0.55,-0.55,0,,,,,,,,
-0.003357589,0.55,-0.1,0,,,,,,,,
-0.003569032,0.55,-0.65,0,,,,,,,,
-0.003064661,0.55,-0.7,0,,,,,,,,
-0.002576704,0.55,-0.75,0,,,,,,,,
-0.00212439,0.55,-0.8,0,,,,,,,,
-0.002541318,0.55,-0.05,0,,,,,,,,
-0.002065351,0.55,0,0,,,,,,,,
-0.000469736,0.55,-1.25,0,,,,,,,,
-0.000547286,0.55,-1.2,0,,,,,,,,
-0.000793872,0.55,-1.05,0,,,,,,,,
-0.00111172,0.55,-0.95,0,,,,,,,,
-0.004012235,0.55,-0.15,0,,,,,,,,
-0.000300743,0.6,-1.4,0,,,,,,,,
-0.000252709,0.6,-1.45,0,,,,,,,,
-0.001069251,0.6,-0.9,0,,,,,,,,
-0.000922754,0.6,-0.95,0,,,,,,,,
-0.000841011,0.6,-1,0,,,,,,,,
-0.00298644,0.6,-0.4,0,,,,,,,,
-0.000705921,0.6,-1.1,0,,,,,,,,
-7.24E-05,0.6,-1.75,0,,,,,,,,
-5.49E-05,0.6,-1.8,0,,,,,,,,
-3.94E-05,0.6,-1.85,0,,,,,,,,
-0.000355127,0.6,-1.35,0,,,,,,,,
0,0.6,-2,0,,,,,,,,
-1.25E-05,0.6,-1.95,0,,,,,,,,
-0.001263384,0.6,-0.85,0,,,,,,,,
-0.001499089,0.6,-0.8,0,,,,,,,,
-0.000415935,0.6,-1.3,0,,,,,,,,
-0.002812096,0.6,-0.55,0,,,,,,,,
-0.000482786,0.6,-1.25,0,,,,,,,,
-0.002593731,0.6,-0.6,0,,,,,,,,
-0.002332217,0.6,-0.65,0,,,,,,,,
-0.000554711,0.6,-1.2,0,,,,,,,,
-2.54E-05,0.6,-1.9,0,,,,,,,,
-0.002049717,0.6,-0.7,0,,,,,,,,
-0.001766231,0.6,-0.75,0,,,,,,,,
-0.000115784,0.6,-1.65,0,,,,,,,,
-0.00014284,0.6,-1.6,0,,,,,,,,
-0.000174282,0.6,-1.55,0,,,,,,,,
-0.000210716,0.6,-1.5,0,,,,,,,,
-0.002964052,0.6,-0.5,0,,,,,,,,
-0.003028121,0.6,-0.45,0,,,,,,,,
-9.25E-05,0.6,-1.7,0,,,,,,,,
-0.00078078,0.6,-1.05,0,,,,,,,,
-0.002828472,0.6,-0.35,0,,,,,,,,
-0.002552329,0.6,-0.3,0,,,,,,,,
-0.002169447,0.6,-0.25,0,,,,,,,,
-0.001704463,0.6,-0.2,0,,,,,,,,
-0.001203013,0.6,-0.15,0,,,,,,,,
-0.000715578,0.6,-0.1,0,,,,,,,,
-0.000426048,0.6,-0.05,0,,,,,,,,
-0.000429378,0.6,0,0,,,,,,,,
-0.000630382,0.6,-1.15,0,,,,,,,,
-6.30E-05,0.65,-1.8,0,,,,,,,,
-0.000862296,0.65,-0.95,0,,,,,,,,
-0.000129249,0.65,-1.65,0,,,,,,,,
-0.0008214,0.65,-1,0,,,,,,,,
-0.000761384,0.65,-1.05,0,,,,,,,,
-0.000696428,0.65,-1.1,0,,,,,,,,
-0.000627063,0.65,-1.15,0,,,,,,,,
-0.000558012,0.65,-1.2,0,,,,,,,,
-8.24E-05,0.65,-1.75,0,,,,,,,,
-0.000899686,0.65,-0.9,0,,,,,,,,
-0.000428004,0.65,-1.3,0,,,,,,,,
-0.000369799,0.65,-1.35,0,,,,,,,,
-0.000316926,0.65,-1.4,0,,,,,,,,
-0.000190286,0.65,-1.55,0,,,,,,,,
-0.001577004,0.65,-0.45,0,,,,,,,,
-1.45E-05,0.65,-1.95,0,,,,,,,,
0,0.65,-2,0,,,,,,,,
-2.95E-05,0.65,-1.9,0,,,,,,,,
-4.55E-05,0.65,-1.85,0,,,,,,,,
-0.00026951,0.65,-1.45,0,,,,,,,,
-0.000227402,0.65,-1.5,0,,,,,,,,
-0.000104315,0.65,-1.7,0,,,,,,,,
-0.001633176,0.65,-0.55,0,,,,,,,,
-0.00157205,0.65,-0.6,0,,,,,,,,
-0.001213093,0.65,-0.75,0,,,,,,,,
-0.001345883,0.65,-0.7,0,,,,,,,,
-0.001470774,0.65,-0.65,0,,,,,,,,
-0.001087018,0.65,-0.8,0,,,,,,,,
-0.00097756,0.65,-0.85,0,,,,,,,,
-0.001639028,0.65,-0.5,0,,,,,,,,
0.000290603,0.65,0,0,,,,,,,,
-2.19E-05,0.65,-0.15,0,,,,,,,,
-0.000157732,0.65,-1.6,0,,,,,,,,
-0.001226254,0.65,-0.35,0,,,,,,,,
-0.000491047,0.65,-1.25,0,,,,,,,,
-0.000628564,0.65,-0.25,0,,,,,,,,
-0.000300476,0.65,-0.2,0,,,,,,,,
0.000123303,0.65,-0.1,0,,,,,,,,
0.000213771,0.65,-0.05,0,,,,,,,,
-0.000948674,0.65,-0.3,0,,,,,,,,
-0.001439622,0.65,-0.4,0,,,,,,,,
-0.000890341,0.7,-0.75,0,,,,,,,,
-0.00091835,0.7,-0.7,0,,,,,,,,
-0.000936881,0.7,-0.65,0,,,,,,,,
-0.000934699,0.7,-0.6,0,,,,,,,,
-0.000902543,0.7,-0.55,0,,,,,,,,
-0.000831221,0.7,-0.5,0,,,,,,,,
-0.000715318,0.7,-0.45,0,,,,,,,,
-0.000555058,0.7,-0.4,0,,,,,,,,
-0.000357361,0.7,-0.35,0,,,,,,,,
-0.000134723,0.7,-0.3,0,,,,,,,,
-9.07E-05,0.7,-1.75,0,,,,,,,,
0.000258539,0.7,-0.2,0,,,,,,,,
0.00036774,0.7,-0.15,0,,,,,,,,
0.000484713,0.7,-0.1,0,,,,,,,,
-6.98E-05,0.7,-1.8,0,,,,,,,,
-5.07E-05,0.7,-1.85,0,,,,,,,,
-0.000866137,0.7,-0.8,0,,,,,,,,
-0.000859989,0.7,-0.9,0,,,,,,,,
-0.000835079,0.7,-0.95,0,,,,,,,,
-0.000792754,0.7,-1,0,,,,,,,,
-0.000741449,0.7,-1.05,0,,,,,,,,
-0.000682058,0.7,-1.1,0,,,,,,,,
-0.000619557,0.7,-1.15,0,,,,,,,,
-0.000556073,0.7,-1.2,0,,,,,,,,
-3.30E-05,0.7,-1.9,0,,,,,,,,
-0.000434746,0.7,-1.3,0,,,,,,,,
-0.000379331,0.7,-1.35,0,,,,,,,,
-0.000328314,0.7,-1.4,0,,,,,,,,
-0.000281935,0.7,-1.45,0,,,,,,,,
-0.000240183,0.7,-1.5,0,,,,,,,,
-0.000202866,0.7,-1.55,0,,,,,,,,
0,0.7,-2,0,,,,,,,,
-0.000140219,0.7,-1.65,0,,,,,,,,
-0.00011406,0.7,-1.7,0,,,,,,,,
-0.000860739,0.7,-0.85,0,,,,,,,,
-1.63E-05,0.7,-1.95,0,,,,,,,,
-0.000169675,0.7,-1.6,0,,,,,,,,
-0.000494005,0.7,-1.25,0,,,,,,,,
0.000639258,0.7,0,0,,,,,,,,
0.00060307,0.7,-0.05,0,,,,,,,,
8.36E-05,0.7,-0.25,0,,,,,,,,
0.000785943,0.75,-0.05,0,,,,,,,,
0.000692232,0.75,-0.1,0,,,,,,,,
0.000558614,0.75,-0.15,0,,,,,,,,
0.000421804,0.75,-0.2,0,,,,,,,,
0.000304649,0.75,-0.25,0,,,,,,,,
0.000174021,0.75,-0.3,0,,,,,,,,
2.21E-05,0.75,-0.35,0,,,,,,,,
-0.00013902,0.75,-0.4,0,,,,,,,,
-0.000290215,0.75,-0.45,0,,,,,,,,
-0.000420661,0.75,-0.5,0,,,,,,,,
-0.000526185,0.75,-0.55,0,,,,,,,,
-0.000607742,0.75,-0.6,0,,,,,,,,
-0.000670374,0.75,-0.65,0,,,,,,,,
-0.000724402,0.75,-0.7,0,,,,,,,,
-0.000773662,0.75,-0.75,0,,,,,,,,
-0.000813722,0.75,-0.8,0,,,,,,,,
-0.000830243,0.75,-0.85,0,,,,,,,,
-1.77E-05,0.75,-1.95,0,,,,,,,,
0,0.75,-2,0,,,,,,,,
-3.58E-05,0.75,-1.9,0,,,,,,,,
-5.48E-05,0.75,-1.85,0,,,,,,,,
-7.52E-05,0.75,-1.8,0,,,,,,,,
-9.73E-05,0.75,-1.75,0,,,,,,,,
-0.000121607,0.75,-1.7,0,,,,,,,,
-0.000148556,0.75,-1.65,0,,,,,,,,
-0.00017853,0.75,-1.6,0,,,,,,,,
-0.00021189,0.75,-1.55,0,,,,,,,,
-0.000248938,0.75,-1.5,0,,,,,,,,
-0.000289884,0.75,-1.45,0,,,,,,,,
-0.000334815,0.75,-1.4,0,,,,,,,,
-0.000383641,0.75,-1.35,0,,,,,,,,
-0.000436045,0.75,-1.3,0,,,,,,,,
-0.000491405,0.75,-1.25,0,,,,,,,,
-0.000548768,0.75,-1.2,0,,,,,,,,
-0.000606671,0.75,-1.15,0,,,,,,,,
-0.000663358,0.75,-1.1,0,,,,,,,,
-0.000716147,0.75,-1.05,0,,,,,,,,
-0.000762743,0.75,-1,0,,,,,,,,
-0.000799029,0.75,-0.95,0,,,,,,,,
-0.000821906,0.75,-0.9,0,,,,,,,,
0.000825804,0.75,0,0,,,,,,,,
-3.79E-05,0.8,-1.9,0,,,,,,,,
-5.79E-05,0.8,-1.85,0,,,,,,,,
-7.91E-05,0.8,-1.8,0,,,,,,,,
-0.000101996,0.8,-1.75,0,,,,,,,,
-0.000126905,0.8,-1.7,0,,,,,,,,
-0.000154218,0.8,-1.65,0,,,,,,,,
-0.000184271,0.8,-1.6,0,,,,,,,,
-0.000217355,0.8,-1.55,0,,,,,,,,
-0.000253693,0.8,-1.5,0,,,,,,,,
-0.000293413,0.8,-1.45,0,,,,,,,,
-0.000336516,0.8,-1.4,0,,,,,,,,
-0.00038284,0.8,-1.35,0,,,,,,,,
-1.87E-05,0.8,-1.95,0,,,,,,,,
-0.000588595,0.8,-1.15,0,,,,,,,,
0,0.8,-2,0,,,,,,,,
-0.000639422,0.8,-1.1,0,,,,,,,,
-0.000686515,0.8,-1.05,0,,,,,,,,
-0.00072727,0.8,-1,0,,,,,,,,
-0.000759122,0.8,-0.95,0,,,,,,,,
-0.000536,0.8,-1.2,0,,,,,,,,
-0.000779423,0.8,-0.9,0,,,,,,,,
-0.000483377,0.8,-1.25,0,,,,,,,,
-0.000772222,0.8,-0.8,0,,,,,,,,
-0.000301755,0.8,-0.5,0,,,,,,,,
-0.000175485,0.8,-0.45,0,,,,,,,,
-4.43E-05,0.8,-0.4,0,,,,,,,,
8.74E-05,0.8,-0.35,0,,,,,,,,
-0.000432004,0.8,-1.3,0,,,,,,,,
-0.000784149,0.8,-0.85,0,,,,,,,,
-0.000742515,0.8,-0.75,0,,,,,,,,
-0.00069131,0.8,-0.7,0,,,,,,,,
-0.000618172,0.8,-0.65,0,,,,,,,,
-0.000525566,0.8,-0.6,0,,,,,,,,
-0.000419352,0.8,-0.55,0,,,,,,,,
0.000221828,0.8,-0.3,0,,,,,,,,
0.000364538,0.8,-0.25,0,,,,,,,,
0.000514784,0.8,-0.2,0,,,,,,,,
0.000657419,0.8,-0.15,0,,,,,,,,
0.00078031,0.8,-0.1,0,,,,,,,,
0.000866959,0.8,-0.05,0,,,,,,,,
0.000898481,0.8,0,0,,,,,,,,
-0.000104877,0.85,-1.75,0,,,,,,,,
-8.16E-05,0.85,-1.8,0,,,,,,,,
-0.000157248,0.85,-1.65,0,,,,,,,,
-0.000186967,0.85,-1.6,0,,,,,,,,
-0.000219363,0.85,-1.55,0,,,,,,,,
-0.000254591,0.85,-1.5,0,,,,,,,,
-0.000292709,0.85,-1.45,0,,,,,,,,
-0.000333652,0.85,-1.4,0,,,,,,,,
-0.000422933,0.85,-1.3,0,,,,,,,,
-1.94E-05,0.85,-1.95,0,,,,,,,,
0,0.85,-2,0,,,,,,,,
-3.93E-05,0.85,-1.9,0,,,,,,,,
-5.99E-05,0.85,-1.85,0,,,,,,,,
-0.000129978,0.85,-1.7,0,,,,,,,,
-0.000722286,0.85,-0.8,0,,,,,,,,
-0.000730736,0.85,-0.9,0,,,,,,,,
-0.000714508,0.85,-0.95,0,,,,,,,,
-0.000398543,0.85,-0.55,0,,,,,,,,
-2.87E-05,0.85,-0.4,0,,,,,,,,
-0.000687421,0.85,-1,0,,,,,,,,
-0.000652064,0.85,-1.05,0,,,,,,,,
-0.000610725,0.85,-1.1,0,,,,,,,,
-0.000565461,0.85,-1.15,0,,,,,,,,
-0.000518125,0.85,-1.2,0,,,,,,,,
-0.000470211,0.85,-1.25,0,,,,,,,,
-0.000377198,0.85,-1.35,0,,,,,,,,
-0.00058041,0.85,-0.65,0,,,,,,,,
-0.000646138,0.85,-0.7,0,,,,,,,,
-0.000693382,0.85,-0.75,0,,,,,,,,
-0.00073404,0.85,-0.85,0,,,,,,,,
-0.000497556,0.85,-0.6,0,,,,,,,,
-0.000285704,0.85,-0.5,0,,,,,,,,
-0.000161634,0.85,-0.45,0,,,,,,,,
0.000112525,0.85,-0.35,0,,,,,,,,
0.000259588,0.85,-0.3,0,,,,,,,,
0.000409133,0.85,-0.25,0,,,,,,,,
0.000556694,0.85,-0.2,0,,,,,,,,
0.000693602,0.85,-0.15,0,,,,,,,,
0.00080623,0.85,-0.1,0,,,,,,,,
0.000881346,0.85,-0.05,0,,,,,,,,
0.000909825,0.85,0,0,,,,,,,,
-0.000665727,0.9,-0.95,0,,,,,,,,
-1.98E-05,0.9,-1.95,0,,,,,,,,
0,0.9,-2,0,,,,,,,,
-4.00E-05,0.9,-1.9,0,,,,,,,,
-6.08E-05,0.9,-1.85,0,,,,,,,,
-8.27E-05,0.9,-1.8,0,,,,,,,,
-0.000105989,0.9,-1.75,0,,,,,,,,
-0.000130909,0.9,-1.7,0,,,,,,,,
-0.00015776,0.9,-1.65,0,,,,,,,,
-0.00018677,0.9,-1.6,0,,,,,,,,
6.80E-07,0.9,-0.4,0,,,,,,,,
-0.000251874,0.9,-1.5,0,,,,,,,,
-0.000251135,0.9,-0.5,0,,,,,,,,
-0.000326568,0.9,-1.4,0,,,,,,,,
-0.000452663,0.9,-0.6,0,,,,,,,,
-0.000409271,0.9,-1.3,0,,,,,,,,
-0.000452394,0.9,-1.25,0,,,,,,,,
-0.000495616,0.9,-1.2,0,,,,,,,,
-0.000537826,0.9,-1.15,0,,,,,,,,
-0.000577652,0.9,-1.1,0,,,,,,,,
-0.00061349,0.9,-1.05,0,,,,,,,,
-0.000643517,0.9,-1,0,,,,,,,,
-0.000678118,0.9,-0.9,0,,,,,,,,
-0.000592119,0.9,-0.7,0,,,,,,,,
-0.000665479,0.9,-0.8,0,,,,,,,,
-0.000636985,0.9,-0.75,0,,,,,,,,
-0.000678662,0.9,-0.85,0,,,,,,,,
-0.000530629,0.9,-0.65,0,,,,,,,,
-0.000367115,0.9,-1.35,0,,,,,,,,
-0.000359084,0.9,-0.55,0,,,,,,,,
-0.000288066,0.9,-1.45,0,,,,,,,,
-0.000130643,0.9,-0.45,0,,,,,,,,
-0.000218109,0.9,-1.55,0,,,,,,,,
0.000285134,0.9,-0.3,0,,,,,,,,
0.000569421,0.9,-0.2,0,,,,,,,,
0.000694025,0.9,-0.15,0,,,,,,,,
0.00079406,0.9,-0.1,0,,,,,,,,
0.000884022,0.9,0,0,,,,,,,,
0.000140356,0.9,-0.35,0,,,,,,,,
0.000430286,0.9,-0.25,0,,,,,,,,
0.000859784,0.9,-0.05,0,,,,,,,,
-0.000469108,0.95,-1.2,0,,,,,,,,
-1.98E-05,0.95,-1.95,0,,,,,,,,
0,0.95,-2,0,,,,,,,,
-4.00E-05,0.95,-1.9,0,,,,,,,,
-6.08E-05,0.95,-1.85,0,,,,,,,,
-8.25E-05,0.95,-1.8,0,,,,,,,,
-0.000105437,0.95,-1.75,0,,,,,,,,
-0.000129835,0.95,-1.7,0,,,,,,,,
-0.000155928,0.95,-1.65,0,,,,,,,,
-0.000183894,0.95,-1.6,0,,,,,,,,
0.000673924,0.95,-0.15,0,,,,,,,,
-0.000245858,0.95,-1.5,0,,,,,,,,
0.000562804,0.95,-0.2,0,,,,,,,,
-0.000279858,0.95,-1.45,0,,,,,,,,
-0.000315696,0.95,-1.4,0,,,,,,,,
-0.000353079,0.95,-1.35,0,,,,,,,,
-0.00039156,0.95,-1.3,0,,,,,,,,
-0.00043051,0.95,-1.25,0,,,,,,,,
-0.000571471,0.95,-1.05,0,,,,,,,,
-0.000506323,0.95,-1.15,0,,,,,,,,
-0.000596367,0.95,-1,0,,,,,,,,
-0.000613898,0.95,-0.95,0,,,,,,,,
-0.00062229,0.95,-0.9,0,,,,,,,,
0.000165267,0.95,-0.35,0,,,,,,,,
-0.000604833,0.95,-0.8,0,,,,,,,,
3.26E-05,0.95,-0.4,0,,,,,,,,
-0.000532425,0.95,-0.7,0,,,,,,,,
-0.000473552,0.95,-0.65,0,,,,,,,,
-0.000399421,0.95,-0.6,0,,,,,,,,
-9.27E-05,0.95,-0.45,0,,,,,,,,
-0.000207775,0.95,-0.5,0,,,,,,,,
-0.000310489,0.95,-0.55,0,,,,,,,,
-0.000576017,0.95,-0.75,0,,,,,,,,
-0.000619807,0.95,-0.85,0,,,,,,,,
0.000301497,0.95,-0.3,0,,,,,,,,
0.000436151,0.95,-0.25,0,,,,,,,,
-0.000540922,0.95,-1.1,0,,,,,,,,
-0.000213855,0.95,-1.55,0,,,,,,,,
0.000839132,0.95,0,0,,,,,,,,
0.000761506,0.95,-0.1,0,,,,,,,,
0.000818259,0.95,-0.05,0,,,,,,,,
-0.000546898,1,-1,0,,,,,,,,
-0.000559976,1,-0.95,0,,,,,,,,
-0.000564543,1,-0.9,0,,,,,,,,
-0.000559095,1,-0.85,0,,,,,,,,
-0.000542257,1,-0.8,0,,,,,,,,
-0.000512868,1,-0.75,0,,,,,,,,
-0.000470072,1,-0.7,0,,,,,,,,
-0.000413394,1,-0.65,0,,,,,,,,
-0.000342768,1,-0.6,0,,,,,,,,
-0.000258607,1,-0.55,0,,,,,,,,
-0.000161816,1,-0.5,0,,,,,,,,
-5.39E-05,1,-0.45,0,,,,,,,,
0.000785399,1,0,0,,,,,,,,
0.000185725,1,-0.35,0,,,,,,,,
0.00031047,1,-0.3,0,,,,,,,,
0.000432225,1,-0.25,0,,,,,,,,
0.000545148,1,-0.2,0,,,,,,,,
0.000642815,1,-0.15,0,,,,,,,,
0.000718817,1,-0.1,0,,,,,,,,
0.000767615,1,-0.05,0,,,,,,,,
-1.96E-05,1,-1.95,0,,,,,,,,
6.30E-05,1,-0.4,0,,,,,,,,
0,1,-2,0,,,,,,,,
-3.94E-05,1,-1.9,0,,,,,,,,
-0.00052684,1,-1.05,0,,,,,,,,
-5.98E-05,1,-1.85,0,,,,,,,,
-8.11E-05,1,-1.8,0,,,,,,,,
-0.000103362,1,-1.75,0,,,,,,,,
-0.000126935,1,-1.7,0,,,,,,,,
-0.000151971,1,-1.65,0,,,,,,,,
-0.000178607,1,-1.6,0,,,,,,,,
-0.000206921,1,-1.55,0,,,,,,,,
-0.000236917,1,-1.5,0,,,,,,,,
-0.000268514,1,-1.45,0,,,,,,,,
-0.000301523,1,-1.4,0,,,,,,,,
-0.000335635,1,-1.35,0,,,,,,,,
-0.000370399,1,-1.3,0,,,,,,,,
-0.000405208,1,-1.25,0,,,,,,,,
-0.000439288,1,-1.2,0,,,,,,,,
-0.000471692,1,-1.15,0,,,,,,,,
-0.000501302,1,-1.1,0,,,,,,,,
-0.000116673,1.05,-0.5,0,,,,,,,,
-1.90E-05,1.05,-1.95,0,,,,,,,,
0,1.05,-2,0,,,,,,,,
-3.83E-05,1.05,-1.9,0,,,,,,,,
-5.81E-05,1.05,-1.85,0,,,,,,,,
-7.85E-05,1.05,-1.8,0,,,,,,,,
-9.99E-05,1.05,-1.75,0,,,,,,,,
-0.00012242,1.05,-1.7,0,,,,,,,,
-0.000146147,1.05,-1.65,0,,,,,,,,
-0.000171214,1.05,-1.6,0,,,,,,,,
-0.000197661,1.05,-1.55,0,,,,,,,,
-0.00022546,1.05,-1.5,0,,,,,,,,
-0.0002545,1.05,-1.45,0,,,,,,,,
-0.000284572,1.05,-1.4,0,,,,,,,,
-0.000315359,1.05,-1.35,0,,,,,,,,
-0.000449414,1.05,-0.75,0,,,,,,,,
-0.000346414,1.05,-1.3,0,,,,,,,,
-0.000497855,1.05,-0.85,0,,,,,,,,
-0.00037716,1.05,-1.25,0,,,,,,,,
-0.000504968,1.05,-0.95,0,,,,,,,,
-0.000496,1.05,-1,0,,,,,,,,
-0.000434685,1.05,-1.15,0,,,,,,,,
-0.000352935,1.05,-0.65,0,,,,,,,,
-0.000459586,1.05,-1.1,0,,,,,,,,
-0.000480437,1.05,-1.05,0,,,,,,,,
-0.000406874,1.05,-1.2,0,,,,,,,,
-0.000506014,1.05,-0.9,0,,,,,,,,
-0.000479318,1.05,-0.8,0,,,,,,,,
-0.000407421,1.05,-0.7,0,,,,,,,,
-0.000285943,1.05,-0.6,0,,,,,,,,
-0.000206874,1.05,-0.55,0,,,,,,,,
-1.69E-05,1.05,-0.45,0,,,,,,,,
9.03E-05,1.05,-0.4,0,,,,,,,,
0.000201906,1.05,-0.35,0,,,,,,,,
0.000314146,1.05,-0.3,0,,,,,,,,
0.000422512,1.05,-0.25,0,,,,,,,,
0.000521898,1.05,-0.2,0,,,,,,,,
0.000606944,1.05,-0.15,0,,,,,,,,
0.000672518,1.05,-0.1,0,,,,,,,,
0.000714313,1.05,-0.05,0,,,,,,,,
0.000729444,1.05,0,0,,,,,,,,
-0.000157155,1.1,-0.55,0,,,,,,,,
-0.000230828,1.1,-0.6,0,,,,,,,,
-0.000293959,1.1,-0.65,0,,,,,,,,
-7.39E-05,1.1,-0.5,0,,,,,,,,
1.73E-05,1.1,-0.45,0,,,,,,,,
0.000114461,1.1,-0.4,0,,,,,,,,
0.000214655,1.1,-0.35,0,,,,,,,,
0.000314479,1.1,-0.3,0,,,,,,,,
0.000409946,1.1,-0.25,0,,,,,,,,
0.000496701,1.1,-0.2,0,,,,,,,,
0.000570316,1.1,-0.15,0,,,,,,,,
0.000626671,1.1,-0.1,0,,,,,,,,
0.000662391,1.1,-0.05,0,,,,,,,,
0.000675237,1.1,0,0,,,,,,,,
-0.000396039,1.1,-1.15,0,,,,,,,,
-0.000372571,1.1,-1.2,0,,,,,,,,
-0.00034704,1.1,-1.25,0,,,,,,,,
-0.000320238,1.1,-1.3,0,,,,,,,,
-0.000346056,1.1,-0.7,0,,,,,,,,
-0.000387046,1.1,-0.75,0,,,,,,,,
-0.000417217,1.1,-0.8,0,,,,,,,,
-0.000437154,1.1,-0.85,0,,,,,,,,
-0.000447673,1.1,-0.9,0,,,,,,,,
-0.000449761,1.1,-0.95,0,,,,,,,,
-0.000444509,1.1,-1,0,,,,,,,,
-0.000433057,1.1,-1.05,0,,,,,,,,
-0.000416538,1.1,-1.1,0,,,,,,,,
-0.00026538,1.1,-1.4,0,,,,,,,,
-0.000238302,1.1,-1.45,0,,,,,,,,
-0.000211921,1.1,-1.5,0,,,,,,,,
-0.000186458,1.1,-1.55,0,,,,,,,,
-0.000292835,1.1,-1.35,0,,,,,,,,
-1.83E-05,1.1,-1.95,0,,,,,,,,
0,1.1,-2,0,,,,,,,,
-3.67E-05,1.1,-1.9,0,,,,,,,,
-5.56E-05,1.1,-1.85,0,,,,,,,,
-7.51E-05,1.1,-1.8,0,,,,,,,,
-9.53E-05,1.1,-1.75,0,,,,,,,,
-0.000116524,1.1,-1.7,0,,,,,,,,
-0.000138737,1.1,-1.65,0,,,,,,,,
-0.000162045,1.1,-1.6,0,,,,,,,,
-0.000110266,1.15,-0.55,0,,,,,,,,
-0.000356819,1.15,-0.8,0,,,,,,,,
-0.000377802,1.15,-0.85,0,,,,,,,,
0.000135852,1.15,-0.4,0,,,,,,,,
-0.000372865,1.15,-1.1,0,,,,,,,,
-0.000385418,1.15,-1.05,0,,,,,,,,
-0.000393157,1.15,-1,0,,,,,,,,
-0.000395106,1.15,-0.95,0,,,,,,,,
-1.73E-05,1.15,-1.95,0,,,,,,,,
0,1.15,-2,0,,,,,,,,
-3.47E-05,1.15,-1.9,0,,,,,,,,
-0.000337053,1.15,-1.2,0,,,,,,,,
-0.000315494,1.15,-1.25,0,,,,,,,,
-5.25E-05,1.15,-1.85,0,,,,,,,,
-0.000268645,1.15,-1.35,0,,,,,,,,
-0.000244483,1.15,-1.4,0,,,,,,,,
-7.08E-05,1.15,-1.8,0,,,,,,,,
-0.000196743,1.15,-1.5,0,,,,,,,,
-8.98E-05,1.15,-1.75,0,,,,,,,,
-0.000151446,1.15,-1.6,0,,,,,,,,
-0.000130039,1.15,-1.65,0,,,,,,,,
-0.000109501,1.15,-1.7,0,,,,,,,,
-0.000173706,1.15,-1.55,0,,,,,,,,
-0.000220411,1.15,-1.45,0,,,,,,,,
-0.000292486,1.15,-1.3,0,,,,,,,,
-0.000356447,1.15,-1.15,0,,,,,,,,
0.000625194,1.15,0,0,,,,,,,,
0.000614294,1.15,-0.05,0,,,,,,,,
0.00058381,1.15,-0.1,0,,,,,,,,
-3.41E-05,1.15,-0.5,0,,,,,,,,
0.000396676,1.15,-0.25,0,,,,,,,,
-0.000178392,1.15,-0.6,0,,,,,,,,
0.000472009,1.15,-0.2,0,,,,,,,,
-0.000237475,1.15,-0.65,0,,,,,,,,
-0.00028696,1.15,-0.7,0,,,,,,,,
-0.000326685,1.15,-0.75,0,,,,,,,,
0.000313133,1.15,-0.3,0,,,,,,,,
0.000225042,1.15,-0.35,0,,,,,,,,
-0.000390293,1.15,-0.9,0,,,,,,,,
4.86E-05,1.15,-0.45,0,,,,,,,,
0.000535491,1.15,-0.15,0,,,,,,,,
-0.000263752,1.2,-1.3,0,,,,,,,,
-1.62E-05,1.2,-1.95,0,,,,,,,,
0,1.2,-2,0,,,,,,,,
-3.24E-05,1.2,-1.9,0,,,,,,,,
-4.90E-05,1.2,-1.85,0,,,,,,,,
-6.60E-05,1.2,-1.8,0,,,,,,,,
-8.35E-05,1.2,-1.75,0,,,,,,,,
-0.000101614,1.2,-1.7,0,,,,,,,,
-0.000139774,1.2,-1.6,0,,,,,,,,
-0.000159808,1.2,-1.55,0,,,,,,,,
-0.000180375,1.2,-1.5,0,,,,,,,,
-0.000201318,1.2,-1.45,0,,,,,,,,
-0.000222412,1.2,-1.4,0,,,,,,,,
-0.000243352,1.2,-1.35,0,,,,,,,,
-0.00029869,1.2,-0.8,0,,,,,,,,
7.74E-05,1.2,-0.45,0,,,,,,,,
0.000580737,1.2,0,0,,,,,,,,
0.00057149,1.2,-0.05,0,,,,,,,,
0.000545487,1.2,-0.1,0,,,,,,,,
0.000504108,1.2,-0.15,0,,,,,,,,
0.00044948,1.2,-0.2,0,,,,,,,,
0.000384276,1.2,-0.25,0,,,,,,,,
0.000311474,1.2,-0.3,0,,,,,,,,
0.000234138,1.2,-0.35,0,,,,,,,,
0.000155208,1.2,-0.4,0,,,,,,,,
2.87E-06,1.2,-0.5,0,,,,,,,,
-6.64E-05,1.2,-0.55,0,,,,,,,,
-0.000120364,1.2,-1.65,0,,,,,,,,
-0.000128988,1.2,-0.6,0,,,,,,,,
-0.000183942,1.2,-0.65,0,,,,,,,,
-0.000230656,1.2,-0.7,0,,,,,,,,
-0.000268885,1.2,-0.75,0,,,,,,,,
-0.000316545,1.2,-1.15,0,,,,,,,,
-0.00030095,1.2,-1.2,0,,,,,,,,
-0.000283138,1.2,-1.25,0,,,,,,,,
-0.000329205,1.2,-1.1,0,,,,,,,,
-0.000338151,1.2,-1.05,0,,,,,,,,
-0.000342564,1.2,-1,0,,,,,,,,
-0.000341608,1.2,-0.95,0,,,,,,,,
-0.000334466,1.2,-0.9,0,,,,,,,,
-0.00032038,1.2,-0.85,0,,,,,,,,
-0.00016326,1.25,-1.5,0,,,,,,,,
-1.49E-05,1.25,-1.95,0,,,,,,,,
0,1.25,-2,0,,,,,,,,
-2.99E-05,1.25,-1.9,0,,,,,,,,
-4.52E-05,1.25,-1.85,0,,,,,,,,
-6.08E-05,1.25,-1.8,0,,,,,,,,
-7.67E-05,1.25,-1.75,0,,,,,,,,
-0.000181504,1.25,-1.45,0,,,,,,,,
-9.31E-05,1.25,-1.7,0,,,,,,,,
-0.000110028,1.25,-1.65,0,,,,,,,,
-0.000127391,1.25,-1.6,0,,,,,,,,
-0.000145169,1.25,-1.55,0,,,,,,,,
-0.000264842,1.25,-1.2,0,,,,,,,,
-0.000250548,1.25,-1.25,0,,,,,,,,
-0.000234599,1.25,-1.3,0,,,,,,,,
-0.000217499,1.25,-1.35,0,,,,,,,,
-0.00019968,1.25,-1.4,0,,,,,,,,
-0.000276909,1.25,-1.15,0,,,,,,,,
-0.000286118,1.25,-1.1,0,,,,,,,,
-0.000291795,1.25,-1.05,0,,,,,,,,
-0.000293238,1.25,-1,0,,,,,,,,
-0.00028974,1.25,-0.95,0,,,,,,,,
-0.000280624,1.25,-0.9,0,,,,,,,,
-0.000265271,1.25,-0.85,0,,,,,,,,
-0.000243161,1.25,-0.8,0,,,,,,,,
-0.000213914,1.25,-0.75,0,,,,,,,,
-0.000177334,1.25,-0.7,0,,,,,,,,
-0.000133455,1.25,-0.65,0,,,,,,,,
-8.26E-05,1.25,-0.6,0,,,,,,,,
-2.53E-05,1.25,-0.55,0,,,,,,,,
3.74E-05,1.25,-0.5,0,,,,,,,,
0.000104134,1.25,-0.45,0,,,,,,,,
0.000173331,1.25,-0.4,0,,,,,,,,
0.000242924,1.25,-0.35,0,,,,,,,,
0.000310611,1.25,-0.3,0,,,,,,,,
0.000373901,1.25,-0.25,0,,,,,,,,
0.00043025,1.25,-0.2,0,,,,,,,,
0.000477218,1.25,-0.15,0,,,,,,,,
0.000512647,1.25,-0.1,0,,,,,,,,
0.000534835,1.25,-0.05,0,,,,,,,,
0.000542684,1.25,0,0,,,,,,,,
-0.000239865,1.3,-0.95,0,,,,,,,,
-0.000238058,1.3,-1.15,0,,,,,,,,
-1.36E-05,1.3,-1.95,0,,,,,,,,
0,1.3,-2,0,,,,,,,,
-0.000229263,1.3,-1.2,0,,,,,,,,
-4.12E-05,1.3,-1.85,0,,,,,,,,
-5.53E-05,1.3,-1.8,0,,,,,,,,
-6.96E-05,1.3,-1.75,0,,,,,,,,
-0.0002441,1.3,-1.1,0,,,,,,,,
-0.00024681,1.3,-1.05,0,,,,,,,,
-0.000245594,1.3,-1,0,,,,,,,,
-0.000229067,1.3,-0.9,0,,,,,,,,
-0.00020556,1.3,-1.3,0,,,,,,,,
-0.000190386,1.3,-0.8,0,,,,,,,,
-0.000161838,1.3,-0.75,0,,,,,,,,
-0.000191605,1.3,-1.35,0,,,,,,,,
-0.000176788,1.3,-1.4,0,,,,,,,,
-0.000161443,1.3,-1.45,0,,,,,,,,
-0.000145839,1.3,-1.5,0,,,,,,,,
-8.43E-05,1.3,-1.7,0,,,,,,,,
-0.000130191,1.3,-1.55,0,,,,,,,,
0.000366419,1.3,-0.25,0,,,,,,,,
-9.94E-05,1.3,-1.65,0,,,,,,,,
-0.000114658,1.3,-1.6,0,,,,,,,,
0.000252269,1.3,-0.35,0,,,,,,,,
0.000311436,1.3,-0.3,0,,,,,,,,
0.000191013,1.3,-0.4,0,,,,,,,,
6.99E-05,1.3,-0.5,0,,,,,,,,
1.33E-05,1.3,-0.55,0,,,,,,,,
-3.89E-05,1.3,-0.6,0,,,,,,,,
-8.59E-05,1.3,-0.65,0,,,,,,,,
-0.000126964,1.3,-0.7,0,,,,,,,,
-0.000212706,1.3,-0.85,0,,,,,,,,
-0.000218263,1.3,-1.25,0,,,,,,,,
-2.73E-05,1.3,-1.9,0,,,,,,,,
0.000511494,1.3,0,0,,,,,,,,
0.000504822,1.3,-0.05,0,,,,,,,,
0.000485868,1.3,-0.1,0,,,,,,,,
0.000455508,1.3,-0.15,0,,,,,,,,
0.00012964,1.3,-0.45,0,,,,,,,,
0.000415109,1.3,-0.2,0,,,,,,,,
-2.47E-05,1.35,-1.9,0,,,,,,,,
-8.87E-05,1.35,-1.65,0,,,,,,,,
-0.000101938,1.35,-1.6,0,,,,,,,,
-0.000115272,1.35,-1.55,0,,,,,,,,
-0.000128543,1.35,-1.5,0,,,,,,,,
-0.000141593,1.35,-1.45,0,,,,,,,,
-0.000154219,1.35,-1.4,0,,,,,,,,
-0.000166169,1.35,-1.35,0,,,,,,,,
-0.000177141,1.35,-1.3,0,,,,,,,,
-0.000186785,1.35,-1.25,0,,,,,,,,
-7.55E-05,1.35,-1.7,0,,,,,,,,
-6.25E-05,1.35,-1.75,0,,,,,,,,
-4.97E-05,1.35,-1.8,0,,,,,,,,
-3.71E-05,1.35,-1.85,0,,,,,,,,
0,1.35,-2,0,,,,,,,,
-1.23E-05,1.35,-1.95,0,,,,,,,,
-0.00020046,1.35,-1.15,0,,,,,,,,
-0.000203585,1.35,-1.1,0,,,,,,,,
-0.000203587,1.35,-1.05,0,,,,,,,,
-0.00019997,1.35,-1,0,,,,,,,,
-0.000192254,1.35,-0.95,0,,,,,,,,
-0.000179992,1.35,-0.9,0,,,,,,,,
-0.000162802,1.35,-0.85,0,,,,,,,,
-0.000140391,1.35,-0.8,0,,,,,,,,
-0.000112588,1.35,-0.75,0,,,,,,,,
-7.94E-05,1.35,-0.7,0,,,,,,,,
-4.09E-05,1.35,-0.65,0,,,,,,,,
2.44E-06,1.35,-0.6,0,,,,,,,,
5.01E-05,1.35,-0.55,0,,,,,,,,
0.000101143,1.35,-0.5,0,,,,,,,,
0.000154557,1.35,-0.45,0,,,,,,,,
0.000208995,1.35,-0.4,0,,,,,,,,
0.000262929,1.35,-0.35,0,,,,,,,,
0.000314684,1.35,-0.3,0,,,,,,,,
0.000362501,1.35,-0.25,0,,,,,,,,
0.000404632,1.35,-0.2,0,,,,,,,,
0.000439443,1.35,-0.15,0,,,,,,,,
0.000465514,1.35,-0.1,0,,,,,,,,
0.000481744,1.35,-0.05,0,,,,,,,,
0.000487427,1.35,0,0,,,,,,,,
-0.000194704,1.35,-1.2,0,,,,,,,,
-1.10E-05,1.4,-1.95,0,,,,,,,,
-0.000164967,1.4,-1.1,0,,,,,,,,
0,1.4,-2,0,,,,,,,,
-2.21E-05,1.4,-1.9,0,,,,,,,,
-3.32E-05,1.4,-1.85,0,,,,,,,,
-4.43E-05,1.4,-1.8,0,,,,,,,,
-5.56E-05,1.4,-1.75,0,,,,,,,,
-6.69E-05,1.4,-1.7,0,,,,,,,,
-7.83E-05,1.4,-1.65,0,,,,,,,,
-8.96E-05,1.4,-1.6,0,,,,,,,,
-0.000100811,1.4,-1.55,0,,,,,,,,
-0.000111801,1.4,-1.5,0,,,,,,,,
-0.00012241,1.4,-1.45,0,,,,,,,,
-0.000132444,1.4,-1.4,0,,,,,,,,
-9.31E-05,1.4,-0.8,0,,,,,,,,
-0.000149827,1.4,-1.3,0,,,,,,,,
-0.000156592,1.4,-1.25,0,,,,,,,,
-0.000161625,1.4,-1.2,0,,,,,,,,
-0.000133532,1.4,-0.9,0,,,,,,,,
-0.000156648,1.4,-1,0,,,,,,,,
-0.000162468,1.4,-1.05,0,,,,,,,,
-0.000164549,1.4,-1.15,0,,,,,,,,
-0.000147119,1.4,-0.95,0,,,,,,,,
-0.000115602,1.4,-0.85,0,,,,,,,,
-0.000141674,1.4,-1.35,0,,,,,,,,
-6.60E-05,1.4,-0.75,0,,,,,,,,
-3.43E-05,1.4,-0.7,0,,,,,,,,
1.79E-06,1.4,-0.65,0,,,,,,,,
4.19E-05,1.4,-0.6,0,,,,,,,,
8.55E-05,1.4,-0.55,0,,,,,,,,
0.000131657,1.4,-0.5,0,,,,,,,,
0.000179545,1.4,-0.45,0,,,,,,,,
0.000227955,1.4,-0.4,0,,,,,,,,
0.000275573,1.4,-0.35,0,,,,,,,,
0.000362689,1.4,-0.25,0,,,,,,,,
0.000399269,1.4,-0.2,0,,,,,,,,
0.000465794,1.4,-0.05,0,,,,,,,,
0.000470654,1.4,0,0,,,,,,,,
0.000320975,1.4,-0.3,0,,,,,,,,
0.000429373,1.4,-0.15,0,,,,,,,,
0.000451845,1.4,-0.1,0,,,,,,,,
-0.000111928,1.45,-1.4,0,,,,,,,,
-0.000118592,1.45,-1.35,0,,,,,,,,
-9.82E-06,1.45,-1.95,0,,,,,,,,
-4.85E-05,1.45,-0.8,0,,,,,,,,
-0.000104632,1.45,-0.95,0,,,,,,,,
0,1.45,-2,0,,,,,,,,
-0.000130467,1.45,-1.2,0,,,,,,,,
-0.000128146,1.45,-1.25,0,,,,,,,,
-9.60E-05,1.45,-1.5,0,,,,,,,,
-8.72E-05,1.45,-1.55,0,,,,,,,,
-7.80E-05,1.45,-1.6,0,,,,,,,,
-5.89E-05,1.45,-1.7,0,,,,,,,,
-4.91E-05,1.45,-1.75,0,,,,,,,,
-3.93E-05,1.45,-1.8,0,,,,,,,,
-2.95E-05,1.45,-1.85,0,,,,,,,,
-1.96E-05,1.45,-1.9,0,,,,,,,,
-0.000115874,1.45,-1,0,,,,,,,,
-8.98E-05,1.45,-0.9,0,,,,,,,,
0.000457146,1.45,-0.05,0,,,,,,,,
-7.11E-05,1.45,-0.85,0,,,,,,,,
-2.19E-05,1.45,-0.75,0,,,,,,,,
0.000445084,1.45,-0.1,0,,,,,,,,
8.52E-06,1.45,-0.7,0,,,,,,,,
-0.000123766,1.45,-1.05,0,,,,,,,,
0.000399406,1.45,-0.2,0,,,,,,,,
-0.000130732,1.45,-1.15,0,,,,,,,,
0.000461325,1.45,0,0,,,,,,,,
0.000367458,1.45,-0.25,0,,,,,,,,
-0.000124088,1.45,-1.3,0,,,,,,,,
-0.00010434,1.45,-1.45,0,,,,,,,,
0.000330856,1.45,-0.3,0,,,,,,,,
0.000290798,1.45,-0.35,0,,,,,,,,
0.000248519,1.45,-0.4,0,,,,,,,,
-6.85E-05,1.45,-1.65,0,,,,,,,,
0.000205225,1.45,-0.45,0,,,,,,,,
0.000162046,1.45,-0.5,0,,,,,,,,
0.000119996,1.45,-0.55,0,,,,,,,,
7.99E-05,1.45,-0.6,0,,,,,,,,
4.26E-05,1.45,-0.65,0,,,,,,,,
0.000425596,1.45,-0.15,0,,,,,,,,
-0.00012861,1.45,-1.1,0,,,,,,,,
0.000232178,1.5,-0.45,0,,,,,,,,
0.000271267,1.5,-0.4,0,,,,,,,,
0.000154223,1.5,-0.55,0,,,,,,,,
0.000344835,1.5,-0.3,0,,,,,,,,
0.000377254,1.5,-0.25,0,,,,,,,,
0.000405417,1.5,-0.2,0,,,,,,,,
0.000428414,1.5,-0.15,0,,,,,,,,
0.000117018,1.5,-0.6,0,,,,,,,,
0.000445472,1.5,-0.1,0,,,,,,,,
8.19E-05,1.5,-0.65,0,,,,,,,,
4.94E-05,1.5,-0.7,0,,,,,,,,
1.99E-05,1.5,-0.75,0,,,,,,,,
-6.40E-06,1.5,-0.8,0,,,,,,,,
-2.93E-05,1.5,-0.85,0,,,,,,,,
-4.88E-05,1.5,-0.9,0,,,,,,,,
-6.50E-05,1.5,-0.95,0,,,,,,,,
-7.79E-05,1.5,-1,0,,,,,,,,
-8.78E-05,1.5,-1.05,0,,,,,,,,
0.000455999,1.5,-0.05,0,,,,,,,,
0.000459624,1.5,0,0,,,,,,,,
-9.49E-05,1.5,-1.1,0,,,,,,,,
-9.94E-05,1.5,-1.15,0,,,,,,,,
0.000192868,1.5,-0.5,0,,,,,,,,
-8.76E-06,1.5,-1.95,0,,,,,,,,
0,1.5,-2,0,,,,,,,,
-1.75E-05,1.5,-1.9,0,,,,,,,,
-2.62E-05,1.5,-1.85,0,,,,,,,,
-3.48E-05,1.5,-1.8,0,,,,,,,,
-4.33E-05,1.5,-1.75,0,,,,,,,,
-5.16E-05,1.5,-1.7,0,,,,,,,,
-5.97E-05,1.5,-1.65,0,,,,,,,,
-6.75E-05,1.5,-1.6,0,,,,,,,,
-7.49E-05,1.5,-1.55,0,,,,,,,,
-8.17E-05,1.5,-1.5,0,,,,,,,,
-8.78E-05,1.5,-1.45,0,,,,,,,,
-9.31E-05,1.5,-1.4,0,,,,,,,,
-9.74E-05,1.5,-1.35,0,,,,,,,,
-0.000100394,1.5,-1.3,0,,,,,,,,
-0.000101902,1.5,-1.25,0,,,,,,,,
-0.000101662,1.5,-1.2,0,,,,,,,,
0.000309161,1.5,-0.35,0,,,,,,,,
0.000331195,1.55,-0.35,0,,,,,,,,
0.00029675,1.55,-0.4,0,,,,,,,,
0.000260953,1.55,-0.45,0,,,,,,,,
0.000462618,1.55,-0.05,0,,,,,,,,
0.000188614,1.55,-0.55,0,,,,,,,,
0.000153548,1.55,-0.6,0,,,,,,,,
0.000438171,1.55,-0.15,0,,,,,,,,
0.000392525,1.55,-0.25,0,,,,,,,,
-7.88E-06,1.55,-1.95,0,,,,,,,,
-2.34E-05,1.55,-1.85,0,,,,,,,,
-3.10E-05,1.55,-1.8,0,,,,,,,,
-3.84E-05,1.55,-1.75,0,,,,,,,,
-4.55E-05,1.55,-1.7,0,,,,,,,,
-5.22E-05,1.55,-1.65,0,,,,,,,,
-5.85E-05,1.55,-1.6,0,,,,,,,,
-5.48E-05,1.55,-1.05,0,,,,,,,,
-6.41E-05,1.55,-1.1,0,,,,,,,,
-7.86E-05,1.55,-1.35,0,,,,,,,,
-7.65E-05,1.55,-1.4,0,,,,,,,,
-7.34E-05,1.55,-1.45,0,,,,,,,,
-6.92E-05,1.55,-1.5,0,,,,,,,,
-6.42E-05,1.55,-1.55,0,,,,,,,,
-2.83E-05,1.55,-0.95,0,,,,,,,,
-7.92E-05,1.55,-1.3,0,,,,,,,,
-1.07E-05,1.55,-0.9,0,,,,,,,,
0,1.55,-2,0,,,,,,,,
-7.10E-05,1.55,-1.15,0,,,,,,,,
-7.57E-05,1.55,-1.2,0,,,,,,,,
0.000363412,1.55,-0.3,0,,,,,,,,
8.86E-05,1.55,-0.7,0,,,,,,,,
0.000417697,1.55,-0.2,0,,,,,,,,
0.000224648,1.55,-0.5,0,,,,,,,,
0.000465802,1.55,0,0,,,,,,,,
-7.83E-05,1.55,-1.25,0,,,,,,,,
-4.29E-05,1.55,-1,0,,,,,,,,
9.79E-06,1.55,-0.85,0,,,,,,,,
3.32E-05,1.55,-0.8,0,,,,,,,,
-1.57E-05,1.55,-1.9,0,,,,,,,,
5.96E-05,1.55,-0.75,0,,,,,,,,
0.000120044,1.55,-0.65,0,,,,,,,,
0.000453306,1.55,-0.1,0,,,,,,,,
4.62E-05,1.6,-0.85,0,,,,,,,,
0.00025788,1.6,-0.5,0,,,,,,,,
0.000223618,1.6,-0.55,0,,,,,,,,
0.000189918,1.6,-0.6,0,,,,,,,,
0.000157333,1.6,-0.65,0,,,,,,,,
0.000126333,1.6,-0.7,0,,,,,,,,
9.73E-05,1.6,-0.75,0,,,,,,,,
7.05E-05,1.6,-0.8,0,,,,,,,,
0,1.6,-2,0,,,,,,,,
2.44E-05,1.6,-0.9,0,,,,,,,,
5.26E-06,1.6,-0.95,0,,,,,,,,
-1.13E-05,1.6,-1,0,,,,,,,,
-2.52E-05,1.6,-1.05,0,,,,,,,,
-3.67E-05,1.6,-1.1,0,,,,,,,,
-4.59E-05,1.6,-1.15,0,,,,,,,,
-5.29E-05,1.6,-1.2,0,,,,,,,,
0.000325504,1.6,-0.4,0,,,,,,,,
0.000357432,1.6,-0.35,0,,,,,,,,
0.0003871,1.6,-0.3,0,,,,,,,,
0.000413758,1.6,-0.25,0,,,,,,,,
0.000436697,1.6,-0.2,0,,,,,,,,
0.000455279,1.6,-0.15,0,,,,,,,,
0.000468969,1.6,-0.1,0,,,,,,,,
0.000477364,1.6,-0.05,0,,,,,,,,
0.000480212,1.6,0,0,,,,,,,,
-7.24E-06,1.6,-1.95,0,,,,,,,,
-5.79E-05,1.6,-1.25,0,,,,,,,,
-6.11E-05,1.6,-1.3,0,,,,,,,,
-6.26E-05,1.6,-1.35,0,,,,,,,,
-6.26E-05,1.6,-1.4,0,,,,,,,,
-6.14E-05,1.6,-1.45,0,,,,,,,,
-5.90E-05,1.6,-1.5,0,,,,,,,,
-5.56E-05,1.6,-1.55,0,,,,,,,,
-5.13E-05,1.6,-1.6,0,,,,,,,,
-4.63E-05,1.6,-1.65,0,,,,,,,,
-4.08E-05,1.6,-1.7,0,,,,,,,,
-3.47E-05,1.6,-1.75,0,,,,,,,,
-2.82E-05,1.6,-1.8,0,,,,,,,,
-2.14E-05,1.6,-1.85,0,,,,,,,,
0.000292074,1.6,-0.45,0,,,,,,,,
-1.44E-05,1.6,-1.9,0,,,,,,,,
-3.78E-05,1.65,-1.7,0,,,,,,,,
-6.89E-06,1.65,-1.95,0,,,,,,,,
-2.46E-05,1.65,-1.15,0,,,,,,,,
-1.31E-05,1.65,-1.1,0,,,,,,,,
6.46E-07,1.65,-1.05,0,,,,,,,,
1.68E-05,1.65,-1,0,,,,,,,,
-4.64E-05,1.65,-1.3,0,,,,,,,,
5.63E-05,1.65,-0.9,0,,,,,,,,
-5.00E-05,1.65,-1.35,0,,,,,,,,
-5.24E-05,1.65,-1.45,0,,,,,,,,
-5.15E-05,1.65,-1.5,0,,,,,,,,
-4.95E-05,1.65,-1.55,0,,,,,,,,
-4.64E-05,1.65,-1.6,0,,,,,,,,
0.00022647,1.65,-0.6,0,,,,,,,,
-4.25E-05,1.65,-1.65,0,,,,,,,,
0.000293031,1.65,-0.5,0,,,,,,,,
-3.24E-05,1.65,-1.75,0,,,,,,,,
0.000358068,1.65,-0.4,0,,,,,,,,
0.000388426,1.65,-0.35,0,,,,,,,,
-2.65E-05,1.65,-1.8,0,,,,,,,,
-2.03E-05,1.65,-1.85,0,,,,,,,,
-1.37E-05,1.65,-1.9,0,,,,,,,,
0,1.65,-2,0,,,,,,,,
0.000492957,1.65,-0.1,0,,,,,,,,
-5.19E-05,1.65,-1.4,0,,,,,,,,
0.000503332,1.65,0,0,,,,,,,,
-4.11E-05,1.65,-1.25,0,,,,,,,,
3.53E-05,1.65,-0.95,0,,,,,,,,
-3.39E-05,1.65,-1.2,0,,,,,,,,
7.97E-05,1.65,-0.85,0,,,,,,,,
0.000194036,1.65,-0.65,0,,,,,,,,
0.00032605,1.65,-0.45,0,,,,,,,,
0.000416454,1.65,-0.3,0,,,,,,,,
0.000441498,1.65,-0.25,0,,,,,,,,
0.000259643,1.65,-0.55,0,,,,,,,,
0.000462946,1.65,-0.2,0,,,,,,,,
0.000162799,1.65,-0.7,0,,,,,,,,
0.000133139,1.65,-0.75,0,,,,,,,,
0.000105365,1.65,-0.8,0,,,,,,,,
0.000500721,1.65,-0.05,0,,,,,,,,
0.000480251,1.65,-0.15,0,,,,,,,,
-6.89E-06,1.7,-1.95,0,,,,,,,,
-2.02E-05,1.7,-1.85,0,,,,,,,,
-3.68E-05,1.7,-1.7,0,,,,,,,,
-3.59E-05,1.7,-1.3,0,,,,,,,,
-2.86E-05,1.7,-1.25,0,,,,,,,,
8.49E-05,1.7,-0.9,0,,,,,,,,
2.23E-05,1.7,-1.05,0,,,,,,,,
0,1.7,-2,0,,,,,,,,
-1.37E-05,1.7,-1.9,0,,,,,,,,
-4.10E-05,1.7,-1.65,0,,,,,,,,
-4.64E-05,1.7,-1.55,0,,,,,,,,
-4.73E-05,1.7,-1.5,0,,,,,,,,
-4.49E-05,1.7,-1.4,0,,,,,,,,
-4.13E-05,1.7,-1.35,0,,,,,,,,
0.000535794,1.7,0,0,,,,,,,,
0.00011027,1.7,-0.85,0,,,,,,,,
-7.63E-06,1.7,-1.15,0,,,,,,,,
6.19E-06,1.7,-1.1,0,,,,,,,,
4.08E-05,1.7,-1,0,,,,,,,,
-4.69E-05,1.7,-1.45,0,,,,,,,,
6.17E-05,1.7,-0.95,0,,,,,,,,
-4.42E-05,1.7,-1.6,0,,,,,,,,
0.000137759,1.7,-0.8,0,,,,,,,,
0.000167125,1.7,-0.75,0,,,,,,,,
-3.19E-05,1.7,-1.75,0,,,,,,,,
-2.63E-05,1.7,-1.8,0,,,,,,,,
0.000198101,1.7,-0.7,0,,,,,,,,
0.000230356,1.7,-0.65,0,,,,,,,,
0.000263496,1.7,-0.6,0,,,,,,,,
0.000297062,1.7,-0.55,0,,,,,,,,
0.000330545,1.7,-0.5,0,,,,,,,,
0.000363386,1.7,-0.45,0,,,,,,,,
0.000394995,1.7,-0.4,0,,,,,,,,
0.000424765,1.7,-0.35,0,,,,,,,,
0.000533322,1.7,-0.05,0,,,,,,,,
0.000452087,1.7,-0.3,0,,,,,,,,
0.000476374,1.7,-0.25,0,,,,,,,,
0.00049708,1.7,-0.2,0,,,,,,,,
0.000525904,1.7,-0.1,0,,,,,,,,
0.000513724,1.7,-0.15,0,,,,,,,,
-1.92E-05,1.7,-1.2,0,,,,,,,,
-1.45E-05,1.75,-1.9,0,,,,,,,,
-4.23E-05,1.75,-1.65,0,,,,,,,,
-4.23E-05,1.75,-1.4,0,,,,,,,,
0,1.75,-2,0,,,,,,,,
0.000199181,1.75,-0.75,0,,,,,,,,
-7.30E-06,1.75,-1.95,0,,,,,,,,
0.000578409,1.75,0,0,,,,,,,,
0.000575977,1.75,-0.05,0,,,,,,,,
0.000568614,1.75,-0.1,0,,,,,,,,
0.000556485,1.75,-0.15,0,,,,,,,,
0.000539866,1.75,-0.2,0,,,,,,,,
0.000519121,1.75,-0.25,0,,,,,,,,
0.000494696,1.75,-0.3,0,,,,,,,,
0.000467095,1.75,-0.35,0,,,,,,,,
0.000436868,1.75,-0.4,0,,,,,,,,
-2.09E-05,1.75,-1.25,0,,,,,,,,
0.000336211,1.75,-0.55,0,,,,,,,,
-3.72E-05,1.75,-1.35,0,,,,,,,,
-4.54E-05,1.75,-1.45,0,,,,,,,,
-4.69E-05,1.75,-1.5,0,,,,,,,,
-4.67E-05,1.75,-1.55,0,,,,,,,,
0.000404592,1.75,-0.45,0,,,,,,,,
-4.51E-05,1.75,-1.6,0,,,,,,,,
-3.83E-05,1.75,-1.7,0,,,,,,,,
-3.34E-05,1.75,-1.75,0,,,,,,,,
-2.76E-05,1.75,-1.8,0,,,,,,,,
-2.13E-05,1.75,-1.85,0,,,,,,,,
-9.41E-06,1.75,-1.2,0,,,,,,,,
4.41E-06,1.75,-1.15,0,,,,,,,,
2.06E-05,1.75,-1.1,0,,,,,,,,
3.93E-05,1.75,-1.05,0,,,,,,,,
6.04E-05,1.75,-1,0,,,,,,,,
8.39E-05,1.75,-0.95,0,,,,,,,,
0.000109635,1.75,-0.9,0,,,,,,,,
0.000137586,1.75,-0.85,0,,,,,,,,
0.000167518,1.75,-0.8,0,,,,,,,,
0.000370847,1.75,-0.5,0,,,,,,,,
0.000232273,1.75,-0.7,0,,,,,,,,
0.00026643,1.75,-0.65,0,,,,,,,,
0.000301233,1.75,-0.6,0,,,,,,,,
-3.01E-05,1.75,-1.3,0,,,,,,,,
-5.10E-05,1.8,-1.55,0,,,,,,,,
-5.08E-05,1.8,-1.5,0,,,,,,,,
-8.18E-06,1.8,-1.95,0,,,,,,,,
-3.71E-05,1.8,-1.75,0,,,,,,,,
0.000629707,1.8,-0.05,0,,,,,,,,
0.000622086,1.8,-0.1,0,,,,,,,,
0.000570609,1.8,-0.25,0,,,,,,,,
0.000545079,1.8,-0.3,0,,,,,,,,
2.95E-05,1.8,-1.1,0,,,,,,,,
0.000414352,1.8,-0.5,0,,,,,,,,
0.000302315,1.8,-0.65,0,,,,,,,,
0.000265257,1.8,-0.7,0,,,,,,,,
0.000161288,1.8,-0.85,0,,,,,,,,
0,1.8,-2,0,,,,,,,,
-1.62E-05,1.8,-1.9,0,,,,,,,,
-2.38E-05,1.8,-1.85,0,,,,,,,,
-4.25E-05,1.8,-1.7,0,,,,,,,,
-4.67E-05,1.8,-1.65,0,,,,,,,,
-2.97E-05,1.8,-1.3,0,,,,,,,,
0.000632204,1.8,0,0,,,,,,,,
-3.83E-05,1.8,-1.35,0,,,,,,,,
0.000592228,1.8,-0.2,0,,,,,,,,
-4.46E-05,1.8,-1.4,0,,,,,,,,
0.000450189,1.8,-0.45,0,,,,,,,,
5.09E-05,1.8,-1.05,0,,,,,,,,
0.000130195,1.8,-0.9,0,,,,,,,,
0.000194367,1.8,-0.8,0,,,,,,,,
0.000229139,1.8,-0.75,0,,,,,,,,
0.000339859,1.8,-0.6,0,,,,,,,,
0.000101321,1.8,-0.95,0,,,,,,,,
7.48E-05,1.8,-1,0,,,,,,,,
0.000377385,1.8,-0.55,0,,,,,,,,
0.000484312,1.8,-0.4,0,,,,,,,,
0.000516133,1.8,-0.35,0,,,,,,,,
-5.25E-06,1.8,-1.2,0,,,,,,,,
0.000609505,1.8,-0.15,0,,,,,,,,
-3.09E-05,1.8,-1.8,0,,,,,,,,
1.08E-05,1.8,-1.15,0,,,,,,,,
-4.96E-05,1.8,-1.6,0,,,,,,,,
-4.87E-05,1.8,-1.45,0,,,,,,,,
-1.87E-05,1.8,-1.25,0,,,,,,,,
-5.99E-05,1.85,-1.55,0,,,,,,,,
0.000145949,1.85,-0.9,0,,,,,,,,
0.000180866,1.85,-0.85,0,,,,,,,,
0.000217898,1.85,-0.8,0,,,,,,,,
0.000256703,1.85,-0.75,0,,,,,,,,
0.000296882,1.85,-0.7,0,,,,,,,,
0.000337978,1.85,-0.65,0,,,,,,,,
0.000379481,1.85,-0.6,0,,,,,,,,
0.000420837,1.85,-0.55,0,,,,,,,,
0.000461455,1.85,-0.5,0,,,,,,,,
0.000500719,1.85,-0.45,0,,,,,,,,
0.000538004,1.85,-0.4,0,,,,,,,,
0.000572686,1.85,-0.35,0,,,,,,,,
0.000604161,1.85,-0.3,0,,,,,,,,
0.000631864,1.85,-0.25,0,,,,,,,,
0.00065528,1.85,-0.2,0,,,,,,,,
0.000673966,1.85,-0.15,0,,,,,,,,
0.000687555,1.85,-0.1,0,,,,,,,,
0.000695775,1.85,-0.05,0,,,,,,,,
-2.30E-05,1.85,-1.25,0,,,,,,,,
0.000698454,1.85,0,0,,,,,,,,
-3.55E-05,1.85,-1.3,0,,,,,,,,
-4.54E-05,1.85,-1.35,0,,,,,,,,
-5.26E-05,1.85,-1.4,0,,,,,,,,
-5.73E-05,1.85,-1.45,0,,,,,,,,
1.08E-05,1.85,-1.15,0,,,,,,,,
-7.52E-06,1.85,-1.2,0,,,,,,,,
-5.97E-05,1.85,-1.5,0,,,,,,,,
0.000113427,1.85,-0.95,0,,,,,,,,
-5.82E-05,1.85,-1.6,0,,,,,,,,
-5.48E-05,1.85,-1.65,0,,,,,,,,
-4.98E-05,1.85,-1.7,0,,,,,,,,
-4.36E-05,1.85,-1.75,0,,,,,,,,
-3.62E-05,1.85,-1.8,0,,,,,,,,
-2.79E-05,1.85,-1.85,0,,,,,,,,
-1.90E-05,1.85,-1.9,0,,,,,,,,
0,1.85,-2,0,,,,,,,,
-9.60E-06,1.85,-1.95,0,,,,,,,,
3.21E-05,1.85,-1.1,0,,,,,,,,
5.64E-05,1.85,-1.05,0,,,,,,,,
8.35E-05,1.85,-1,0,,,,,,,,
8.55E-05,1.9,-1,0,,,,,,,,
0.000119336,1.9,-0.95,0,,,,,,,,
0.000420122,1.9,-0.6,0,,,,,,,,
-6.70E-05,1.9,-1.4,0,,,,,,,,
-5.29E-05,1.9,-1.75,0,,,,,,,,
0.000775737,1.9,-0.05,0,,,,,,,,
-3.38E-05,1.9,-1.85,0,,,,,,,,
-2.30E-05,1.9,-1.9,0,,,,,,,,
0,1.9,-2,0,,,,,,,,
-1.16E-05,1.9,-1.95,0,,,,,,,,
-1.71E-05,1.9,-1.2,0,,,,,,,,
0.000751304,1.9,-0.15,0,,,,,,,,
0.000730365,1.9,-0.2,0,,,,,,,,
5.48E-05,1.9,-1.05,0,,,,,,,,
0.000156135,1.9,-0.9,0,,,,,,,,
0.000556747,1.9,-0.45,0,,,,,,,,
0.000512538,1.9,-0.5,0,,,,,,,,
-6.70E-05,1.9,-1.65,0,,,,,,,,
0.000373273,1.9,-0.65,0,,,,,,,,
-3.44E-05,1.9,-1.25,0,,,,,,,,
-4.84E-05,1.9,-1.3,0,,,,,,,,
-5.92E-05,1.9,-1.35,0,,,,,,,,
-7.14E-05,1.9,-1.6,0,,,,,,,,
-7.19E-05,1.9,-1.45,0,,,,,,,,
-7.41E-05,1.9,-1.5,0,,,,,,,,
-7.39E-05,1.9,-1.55,0,,,,,,,,
0.000778729,1.9,0,0,,,,,,,,
0.000466766,1.9,-0.55,0,,,,,,,,
0.000237543,1.9,-0.8,0,,,,,,,,
2.75E-05,1.9,-1.1,0,,,,,,,,
0.00076653,1.9,-0.1,0,,,,,,,,
0.000326849,1.9,-0.7,0,,,,,,,,
0.000281431,1.9,-0.75,0,,,,,,,,
0.000195646,1.9,-0.85,0,,,,,,,,
0.00059869,1.9,-0.4,0,,,,,,,,
0.000637671,1.9,-0.35,0,,,,,,,,
0.000673019,1.9,-0.3,0,,,,,,,,
0.000704106,1.9,-0.25,0,,,,,,,,
3.48E-06,1.9,-1.15,0,,,,,,,,
-4.39E-05,1.9,-1.8,0,,,,,,,,
-6.07E-05,1.9,-1.7,0,,,,,,,,
-5.41E-05,1.95,-1.25,0,,,,,,,,
0.000252544,1.95,-0.8,0,,,,,,,,
-9.33E-05,1.95,-1.45,0,,,,,,,,
-9.36E-05,1.95,-1.55,0,,,,,,,,
-8.98E-05,1.95,-1.6,0,,,,,,,,
-7.55E-05,1.95,-1.7,0,,,,,,,,
-2.83E-05,1.95,-1.9,0,,,,,,,,
-6.92E-05,1.95,-1.3,0,,,,,,,,
-8.07E-05,1.95,-1.35,0,,,,,,,,
-8.87E-05,1.95,-1.4,0,,,,,,,,
1.45E-05,1.95,-1.1,0,,,,,,,,
-1.23E-05,1.95,-1.15,0,,,,,,,,
-5.42E-05,1.95,-1.8,0,,,,,,,,
0,1.95,-2,0,,,,,,,,
-1.43E-05,1.95,-1.95,0,,,,,,,,
0.000618861,1.95,-0.45,0,,,,,,,,
0.000667186,1.95,-0.4,0,,,,,,,,
0.000712129,1.95,-0.35,0,,,,,,,,
0.000752904,1.95,-0.3,0,,,,,,,,
0.000819093,1.95,-0.2,0,,,,,,,,
0.000843269,1.95,-0.15,0,,,,,,,,
0.000302702,1.95,-0.75,0,,,,,,,,
0.000871485,1.95,-0.05,0,,,,,,,,
0.000874952,1.95,0,0,,,,,,,,
0.000567961,1.95,-0.5,0,,,,,,,,
0.000515306,1.95,-0.55,0,,,,,,,,
0.000461701,1.95,-0.6,0,,,,,,,,
-4.17E-05,1.95,-1.85,0,,,,,,,,
0.00040792,1.95,-0.65,0,,,,,,,,
-6.56E-05,1.95,-1.75,0,,,,,,,,
0.000354696,1.95,-0.7,0,,,,,,,,
-8.37E-05,1.95,-1.65,0,,,,,,,,
-3.52E-05,1.95,-1.2,0,,,,,,,,
0.00078878,1.95,-0.25,0,,,,,,,,
4.52E-05,1.95,-1.05,0,,,,,,,,
-9.49E-05,1.95,-1.5,0,,,,,,,,
7.97E-05,1.95,-1,0,,,,,,,,
0.000118022,1.95,-0.95,0,,,,,,,,
0.00015979,1.95,-0.9,0,,,,,,,,
0.000204756,1.95,-0.85,0,,,,,,,,
0.000860842,1.95,-0.1,0,,,,,,,,
0.000989384,2,0,0,,,,,,,,
-6.28E-05,2,-1.2,0,,,,,,,,
-3.78E-05,2,-1.15,0,,,,,,,,
-8.18E-06,2,-1.1,0,,,,,,,,
2.61E-05,2,-1.05,0,,,,,,,,
6.49E-05,2,-1,0,,,,,,,,
0.000108226,2,-0.95,0,,,,,,,,
0.000155716,2,-0.9,0,,,,,,,,
0.000207085,2,-0.85,0,,,,,,,,
0.000261911,2,-0.8,0,,,,,,,,
0.000319676,2,-0.75,0,,,,,,,,
0.000379765,2,-0.7,0,,,,,,,,
0.000441473,2,-0.65,0,,,,,,,,
0.000504007,2,-0.6,0,,,,,,,,
0.000566506,2,-0.55,0,,,,,,,,
0.000628048,2,-0.5,0,,,,,,,,
0.000687672,2,-0.45,0,,,,,,,,
0.000744396,2,-0.4,0,,,,,,,,
0.000797246,2,-0.35,0,,,,,,,,
0.000845276,2,-0.3,0,,,,,,,,
0.000887596,2,-0.25,0,,,,,,,,
0.000923398,2,-0.2,0,,,,,,,,
0.000951979,2,-0.15,0,,,,,,,,
0.000972762,2,-0.1,0,,,,,,,,
0.000985312,2,-0.05,0,,,,,,,,
-1.77E-05,2,-1.95,0,,,,,,,,
0,2,-2,0,,,,,,,,
-3.51E-05,2,-1.9,0,,,,,,,,
-5.18E-05,2,-1.85,0,,,,,,,,
-6.75E-05,2,-1.8,0,,,,,,,,
-8.19E-05,2,-1.75,0,,,,,,,,
-9.46E-05,2,-1.7,0,,,,,,,,
-0.000105429,2,-1.65,0,,,,,,,,
-0.000113917,2,-1.6,0,,,,,,,,
-0.000119783,2,-1.55,0,,,,,,,,
-0.000122712,2,-1.5,0,,,,,,,,
-0.000122397,2,-1.45,0,,,,,,,,
-0.000118547,2,-1.4,0,,,,,,,,
-0.000110891,2,-1.35,0,,,,,,,,
-9.92E-05,2,-1.3,0,,,,,,,,
-8.32E-05,2,-1.25,0,,,,,,,,